285.49359 597.02723
285.49359 634.10454

41.560012 599.56678
41.560012 608.96308

282.65889 599.4398
282.65889 631.69197

226.26324 631.69197
226.26324 599.4398

223.42853 599.4398
223.42853 634.10454

86.766052 1097.6979
115.11308 1097.6979

132.03737 1097.659
164.35463000000001 1097.659

33.2051 1052.875
33.2051 1028.7493

33.2051 1097.6979
86.766052 1097.6979

42.902765 1089.4443
86.766052 1089.4443

33.2051 1088.1745
33.2051 1064.0489

33.2051 1088.1745
42.902765 1088.1745

33.2051 1088.1745
42.902765 1088.1745

33.2051 1097.6979
33.2051 1088.1744999999999

42.902765 1089.4443
42.902765 1088.1745

33.2051 1052.875
42.902765 1052.875

33.2051 1052.875
42.902765 1052.875

33.2051 1064.0489
42.902765 1064.0489

33.2051 1064.0489
42.902765 1064.0489

33.2051 1064.0489
33.2051 1052.875

42.902765 1064.0489
42.902765 1057.1922

86.766052 1097.6979
86.766052 1089.4442999999999

86.766052 1097.6979
86.766052 1089.4442999999999

33.2051 1028.7493
33.2051 1017.5753

42.902765 1028.7493
42.902765 1017.5753

33.2051 1028.7493
42.902765 1028.7493

33.2051 1028.7493
42.902765 1028.7493

33.2051 1017.5753
42.902765 1017.5753

33.2051 1017.5753
42.902765 1017.5753

208.35985 1089.4443
252.22314 1089.4443

208.35985 1097.6979
261.92081 1097.6979

162.70623 1097.6979
180.01283 1097.6979

164.79496 1089.4443
180.01283 1089.4443

115.11308 1097.6979
132.41968 1097.6979

115.11308 1097.6979
115.11308 1089.4442999999999

115.11308 1097.6979
115.11308 1089.4442999999999

115.11308 1089.4443
130.33095 1089.4443

180.01283 1097.6979
208.35985 1097.6979

180.01283 1097.6979
180.01283 1089.4442999999999

180.01283 1097.6979
180.01283 1089.4442999999999

208.35985 1097.6979
208.35985 1089.4442999999999

208.35985 1097.6979
208.35985 1089.4442999999999

261.92081 1028.7493
261.92081 1052.875

261.92081 1064.0489
261.92081 1088.1745

261.92081 1097.6979
261.92081 1088.1744999999999

261.92081 1088.1745
252.22314000000003 1088.1745

261.92081 1088.1745
252.22314000000003 1088.1745

252.22314 1089.4443
252.22314 1088.1745

261.92081 1052.875
252.22314000000003 1052.875

261.92081 1052.875
252.22314000000003 1052.875

261.92081 1064.0489
252.22314000000003 1064.0489

261.92081 1064.0489
252.22314000000003 1064.0489

252.22314 1064.0489
252.22314 1057.1922

261.92081 1064.0489
261.92081 1052.875

252.22314 1028.7493
252.22314 1021.8924999999999

261.92081 1028.7493
261.92081 1017.5753

261.92081 1028.7493
252.22314000000003 1028.7493

261.92081 1028.7493
252.22314000000003 1028.7493

261.92081 1017.5753
252.22314000000003 1017.5753

261.92081 1017.5753
252.22314000000003 1017.5753

33.2051 781.6519
33.2051 805.7775399999999

33.2051 887.55079
33.2051 911.67643

33.2051 958.15004
33.2051 946.97606

42.902765 958.15004
42.902765 951.29327

33.2051 982.27568
33.2051 958.15004

33.2051 982.27568
42.902765 982.27568

33.2051 982.27568
42.902765 982.27568

33.2051 993.44966
42.902765 993.44966

33.2051 993.44966
42.902765 993.44966

33.2051 993.44966
33.2051 982.27568

42.902765 993.44966
42.902765 986.59291

33.2051 958.15004
42.902765 958.15004

33.2051 958.15004
42.902765 958.15004

33.2051 922.85041
33.2051 946.97606

33.2051 946.97606
42.902765 946.97606

33.2051 946.97606
42.902765 946.97606

33.2051 911.67643
42.902765 911.67643

33.2051 911.67643
42.902765 911.67643

33.2051 922.85041
42.902765 922.85041

33.2051 922.85041
42.902765 922.85041

33.2051 922.85041
33.2051 911.67643

42.902765 922.85041
42.902765 911.67643

33.2051 852.25116
33.2051 876.37681

33.2051 887.55079
33.2051 876.37681

42.902765 887.55079
42.902765 880.69402

33.2051 887.55079
42.902765 887.55079

33.2051 887.55079
42.902765 887.55079

33.2051 876.37681
42.902765 876.37681

33.2051 876.37681
42.902765 876.37681

33.2051 816.95152
33.2051 841.0771699999999

33.2051 852.25116
42.902765 852.25116

33.2051 852.25116
42.902765 852.25116

33.2051 841.07717
42.902765 841.07717

33.2051 841.07717
42.902765 841.07717

33.2051 852.25116
33.2051 841.07717

42.902765 852.25116
42.902765 841.07717

33.2051 816.95152
42.902765 816.95152

33.2051 816.95152
42.902765 816.95152

33.2051 805.77754
42.902765 805.77754

33.2051 805.77754
42.902765 805.77754

33.2051 816.95152
33.2051 805.77754

42.902765 816.95152
42.902765 805.77754

33.2051 711.05265
33.2051 699.87867

42.902765 703.05309
42.902765 699.8786699999999

33.2051 746.35227
33.2051 770.4779199999999

33.2051 781.6519
33.2051 770.47792

42.902765 781.6519
42.902765 774.79513

33.2051 781.6519
42.902765 781.6519

33.2051 781.6519
42.902765 781.6519

33.2051 770.47792
42.902765 770.47792

33.2051 770.47792
42.902765 770.47792

42.902765 773.65234
42.902765 770.4779199999999

33.2051 711.05265
33.2051 735.17829

33.2051 746.35227
42.902765 746.35227

33.2051 746.35227
42.902765 746.35227

33.2051 735.17829
42.902765 735.17829

33.2051 735.17829
42.902765 735.17829

33.2051 746.35227
33.2051 735.17829

42.902765 738.35272
42.902765 735.17829

42.902765 746.35227
42.902765 739.49551

33.2051 711.05265
42.902765 711.05265

33.2051 711.05265
42.902765 711.05265

42.902765 711.05265
42.902765 704.19588

41.560012 652.51621
41.560012 661.91252

33.2051 675.75302
33.2051 699.8786699999999

33.2051 699.87867
42.902765 699.87867

33.2051 699.87867
42.902765 699.87867

33.2051 675.75302
42.902765 675.75302

33.2051 675.75302
42.902765 675.75302

33.2051 666.10277
41.560012 666.10277

33.2051 675.75302
33.2051 666.10277

41.560012 661.91252
51.257677 661.91252

41.560012 661.91252
51.257677 661.91252

51.257677 674.35628
51.257677 661.91252

41.560012 666.10277
41.560012 661.91252

42.902765 674.35628
51.257677 674.35628

42.902765 675.75302
42.902765 674.35628

51.257677 628.7715
51.257677 626.61289

41.560012 634.8664
41.560012 626.61289

41.560012 634.8664
41.560012 644.2627

41.560012 634.8664
51.257677 634.8664

41.560012 644.2627
51.257677 644.2627

41.560012 644.2627
51.257677 644.2627

41.560012 634.8664
51.257677 634.8664

41.560012 652.51621
51.257677 652.51621

41.560012 652.51621
51.257677 652.51621

51.257677 634.8664
51.257677 630.04127

51.257677 647.81806
51.257677 644.2627

51.257677 652.51621
51.257677 649.08784

41.560012 652.51621
41.560012 644.2627

41.560012 617.21659
41.560012 626.61289

41.560012 608.96308
51.257677 608.96308

41.560012 608.96308
51.257677 608.96308

41.560012 617.21659
51.257677 617.21659

41.560012 626.61289
51.257677 626.61289

41.560012 626.61289
51.257677 626.61289

41.560012 617.21659
51.257677 617.21659

51.257677 612.51843
51.257677 608.96308

51.257677 617.21659
51.257677 613.7882

41.560012 617.21659
41.560012 608.96308

261.92081 781.6519
261.92081 805.7775399999999

261.92081 887.55079
261.92081 911.67643

261.92081 958.15004
261.92081 946.97606

252.22314 950.15048
252.22314 946.97606

261.92081 958.15004
261.92081 982.27568

252.22314 993.44966
252.22314 986.59291

261.92081 993.44966
261.92081 982.27568

261.92081 993.44966
252.22314000000003 993.44966

261.92081 993.44966
252.22314000000003 993.44966

261.92081 982.27568
252.22314000000003 982.27568

261.92081 982.27568
252.22314000000003 982.27568

252.22314 958.15004
252.22314 951.29327

261.92081 958.15004
252.22314000000003 958.15004

261.92081 958.15004
252.22314000000003 958.15004

261.92081 922.85041
261.92081 946.97606

261.92081 946.97606
252.22314000000003 946.97606

261.92081 946.97606
252.22314000000003 946.97606

261.92081 911.67643
252.22314000000003 911.67643

261.92081 911.67643
252.22314000000003 911.67643

261.92081 922.85041
252.22314000000003 922.85041

261.92081 922.85041
252.22314000000003 922.85041

252.22314 914.85085
252.22314 911.67643

252.22314 922.85041
252.22314 917.64435

261.92081 922.85041
261.92081 911.67643

261.92081 852.25116
261.92081 876.37681

252.22314 887.55079
252.22314 876.37681

261.92081 887.55079
261.92081 876.37681

261.92081 887.55079
252.22314000000003 887.55079

261.92081 887.55079
252.22314000000003 887.55079

261.92081 876.37681
252.22314000000003 876.37681

261.92081 876.37681
252.22314000000003 876.37681

261.92081 816.95152
261.92081 841.0771699999999

252.22314 852.25116
252.22314 845.3944

261.92081 852.25116
261.92081 841.07717

261.92081 852.25116
252.22314000000003 852.25116

261.92081 852.25116
252.22314000000003 852.25116

261.92081 841.07717
252.22314000000003 841.07717

261.92081 841.07717
252.22314000000003 841.07717

252.22314 844.2516
252.22314 841.07717

261.92081 805.77754
252.22314000000003 805.77754

261.92081 805.77754
252.22314000000003 805.77754

261.92081 816.95152
252.22314000000003 816.95152

261.92081 816.95152
252.22314000000003 816.95152

252.22314 808.95198
252.22314 805.77754

252.22314 816.95152
252.22314 810.0947699999999

261.92081 816.95152
261.92081 805.77754

223.42853 634.10454
285.49359 634.10454

282.65889 631.69197
226.26324 631.69197

223.87612 663.56322
284.00165 663.56322

243.56984 634.10454
243.56984 663.56322

239.24319 634.10454
239.24319 663.56322

234.91654 634.10454
234.91654 663.56322

230.58989 634.10454
230.58989 663.56322

226.26324 634.10454
226.26324 663.56322

261.92081 711.05265
261.92081 699.87867

252.22314 703.05309
252.22314 699.8786699999999

261.92081 746.35227
261.92081 770.4779199999999

252.22314 781.6519
252.22314 774.79513

261.92081 781.6519
261.92081 770.47792

261.92081 781.6519
252.22314000000003 781.6519

261.92081 781.6519
252.22314000000003 781.6519

261.92081 770.47792
252.22314000000003 770.47792

261.92081 770.47792
252.22314000000003 770.47792

252.22314 773.65234
252.22314 770.4779199999999

261.92081 711.05265
261.92081 735.17829

252.22314 738.35272
252.22314 735.17829

261.92081 746.35227
261.92081 735.17829

261.92081 746.35227
252.22314000000003 746.35227

261.92081 746.35227
252.22314000000003 746.35227

252.22314 746.35227
252.22314 739.49551

261.92081 735.17829
252.22314000000003 735.17829

261.92081 735.17829
252.22314000000003 735.17829

252.22314 711.05265
252.22314 704.19588

261.92081 711.05265
252.22314000000003 711.05265

261.92081 711.05265
252.22314000000003 711.05265

282.65889 634.10454
282.65889 663.56322

278.33224 634.10454
278.33224 663.56322

274.00559 634.10454
274.00559 663.56322

269.67894 634.10454
269.67894 663.56322

265.35229 634.10454
265.35229 663.56322

261.02564 634.10454
261.02564 663.56322

252.22314 634.10454
252.22314 663.56322

247.8965 634.10454
247.8965 663.56322

256.69899 634.10454
256.69899 663.56322

261.92081 669.40417
284.00165000000004 669.40417

261.92081 675.75302
261.92081 699.8786699999999

261.92081 699.87867
252.22314000000003 699.87867

261.92081 699.87867
252.22314000000003 699.87867

261.92081 675.75302
252.22314000000003 675.75302

261.92081 675.75302
252.22314000000003 675.75302

252.22314 675.75302
252.22314 669.40417

261.92081 675.75302
261.92081 669.40417

284.00165 669.40417
312.34866 669.40417

284.00165 669.40417
284.00165 663.56322

284.00165 669.40417
284.00165 663.56322

285.49359 631.69197
317.2721 631.69197

285.49359 628.26359
317.2721 628.26359

285.49359 624.70824
317.2721 624.70824

285.49359 621.15287
317.2721 621.15287

285.49359 617.59752
317.2721 617.59752

285.49359 614.16913
317.2721 614.16913

285.49359 610.61378
317.2721 610.61378

285.49359 607.05842
317.2721 607.05842

33.2051 207.96946
33.2051 196.79548

42.902765 207.96946
42.902765 204.54109

33.2051 408.46627
33.2051 384.4676

33.2051 514.11119
33.2051 489.98556

41.560012 546.61733
41.560012 556.01363

51.257677 581.91696
51.257677 578.2346200000001

41.560012 581.91696
41.560012 573.66345

41.560012 581.91696
41.560012 591.31327

51.257677 599.56678
51.257677 591.31327

41.560012 599.56678
41.560012 591.31327

41.560012 599.56678
51.257677 599.56678

41.560012 599.56678
51.257677 599.56678

41.560012 581.91696
51.257677 581.91696

41.560012 591.31327
51.257677 591.31327

41.560012 591.31327
51.257677 591.31327

41.560012 581.91696
51.257677 581.91696

41.560012 564.26714
41.560012 573.66345

41.560012 573.66345
51.257677 573.66345

41.560012 573.66345
51.257677 573.66345

51.257677 577.09183
51.257677 573.66345

41.560012 556.01363
51.257677 556.01363

41.560012 556.01363
51.257677 556.01363

41.560012 564.26714
51.257677 564.26714

41.560012 564.26714
51.257677 564.26714

51.257677 559.94992
51.257677 556.01363

51.257677 564.26714
51.257677 561.21969

41.560012 564.26714
41.560012 556.01363

41.560012 528.96751
41.560012 538.3638199999999

51.257677 546.61733
51.257677 542.30011

41.560012 546.61733
41.560012 538.36382

41.560012 546.61733
51.257677 546.61733

41.560012 546.61733
51.257677 546.61733

41.560012 538.36382
51.257677 538.36382

41.560012 538.36382
51.257677 538.36382

51.257677 541.15732
51.257677 538.36382

33.2051 514.11119
42.902765 514.11119

33.2051 514.11119
42.902765 514.11119

41.560012 524.6503
33.2051 524.6503

33.2051 524.6503
33.2051 514.11119

42.902765 516.52377
42.902765 514.11119

41.560012 528.96751
51.257677 528.96751

41.560012 528.96751
51.257677 528.96751

51.257677 516.52377
42.902765 516.52377

51.257677 528.96751
51.257677 516.52377

41.560012 528.96751
41.560012 524.6503

33.2051 454.93988
33.2051 443.7659

42.902765 454.93988
42.902765 448.08312

33.2051 489.98556
33.2051 479.06552

42.902765 485.79531
42.902765 479.06552

33.2051 489.98556
42.902765 489.98556

33.2051 489.98556
42.902765 489.98556

42.902765 489.98556
42.902765 486.9381

33.2051 454.93988
42.902765 454.93988

33.2051 479.06552
42.902765 479.06552

33.2051 479.06552
42.902765 479.06552

33.2051 454.93988
42.902765 454.93988

33.2051 479.06552
33.2051 454.93988

33.2051 443.7659
33.2051 419.64025

33.2051 443.7659
42.902765 443.7659

33.2051 443.7659
42.902765 443.7659

33.2051 419.64025
42.902765 419.64025

33.2051 419.64025
42.902765 419.64025

33.2051 408.46627
42.902765 408.46627

33.2051 408.46627
42.902765 408.46627

33.2051 419.64025
33.2051 408.46627

42.902765 415.19606
42.902765 408.46627

42.902765 419.64025
42.902765 416.33885

33.2051 313.36044
33.2051 302.18645

42.902765 309.29717
42.902765 302.18645

33.2051 372.91269
33.2051 348.78705

33.2051 384.4676
33.2051 372.91269

42.902765 384.4676
42.902765 381.03922

33.2051 384.4676
42.902765 384.4676

33.2051 384.4676
42.902765 384.4676

33.2051 372.91269
42.902765 372.91269

33.2051 372.91269
42.902765 372.91269

33.2051 337.48609
33.2051 313.36044

33.2051 348.78705
42.902765 348.78705

33.2051 348.78705
42.902765 348.78705

33.2051 337.48609
42.902765 337.48609

33.2051 337.48609
42.902765 337.48609

33.2051 348.78705
33.2051 337.48609

42.902765 348.78705
42.902765 337.48609

33.2051 313.36044
42.902765 313.36044

33.2051 313.36044
42.902765 313.36044

42.902765 313.36044
42.902765 310.43996

33.2051 266.88683
33.2051 242.88816

33.2051 302.18645
33.2051 278.06081

33.2051 302.18645
42.902765 302.18645

33.2051 302.18645
42.902765 302.18645

33.2051 278.06081
42.902765 278.06081

33.2051 278.06081
42.902765 278.06081

33.2051 266.88683
42.902765 266.88683

33.2051 266.88683
42.902765 266.88683

33.2051 278.06081
33.2051 266.88683

42.902765 278.06081
42.902765 266.88683

33.2051 232.09511
33.2051 207.96946

33.2051 242.88816
42.902765 242.88816

33.2051 242.88816
42.902765 242.88816

33.2051 232.09511
42.902765 232.09511

33.2051 232.09511
42.902765 232.09511

33.2051 242.88816
33.2051 232.09511

42.902765 242.88816
42.902765 232.09511

33.2051 207.96946
42.902765 207.96946

33.2051 207.96946
42.902765 207.96946

261.92081 384.4676
261.92081 408.46627

226.26324 599.4398
282.65889 599.4398

285.49359 597.02723
226.26324 597.02723

237.30366 520.2061
252.22314 520.2061

237.30366 526.68193
252.22314 526.68193

206.56952 484.90647
252.22314 484.90647

204.48079 517.92051
204.48079 485.41438

206.56952 520.2061
206.56952 484.90647

216.56557 599.4398
226.26324 599.4398

216.56557 590.67838
226.26324 590.67838

216.56557 599.4398
216.56557 590.67838

226.26324 599.4398
226.26324 590.67838

215.22282 526.68193
215.22282 520.2061

206.56952 520.2061
215.22282 520.2061

261.92081 490.23951
261.92081 514.36516

285.49359 603.50306
317.2721 603.50306

285.49359 599.94771
317.2721 599.94771

317.2721 599.4398
315.78015000000005 599.4398

252.22314 529.09449
284.00165 529.09449

261.92081 520.84098
284.00165000000004 520.84098

252.22314 529.09449
252.22314 526.68193

252.22314 520.2061
252.22314 514.11119

261.92081 520.84098
261.92081 514.11119

261.92081 514.11119
252.22314000000003 514.11119

261.92081 514.11119
252.22314000000003 514.11119

284.00165 520.84098
284.00165 529.09449

284.00165 520.84098
284.00165 529.09449

312.34866 520.84098
312.34866 529.09449

312.34866 520.84098
312.34866 529.09449

284.00165 520.84098
312.34866 520.84098

261.92081 454.93988
261.92081 443.7659

261.92081 489.98556
261.92081 478.93854

252.22314 483.6367
252.22314 478.93854000000005

252.22314 489.98556
252.22314 484.90647

261.92081 489.98556
252.22314000000003 489.98556

261.92081 489.98556
252.22314000000003 489.98556

261.92081 454.93988
261.92081 478.93854

261.92081 478.93854
252.22314000000003 478.93854

261.92081 478.93854
252.22314000000003 478.93854

261.92081 454.93988
252.22314000000003 454.93988

261.92081 454.93988
252.22314000000003 454.93988

261.92081 419.64025
261.92081 443.7659

261.92081 443.7659
252.22314000000003 443.7659

261.92081 443.7659
252.22314000000003 443.7659

252.22314 454.93988
252.22314 443.7659

261.92081 419.64025
252.22314000000003 419.64025

261.92081 419.64025
252.22314000000003 419.64025

261.92081 408.46627
252.22314000000003 408.46627

261.92081 408.46627
252.22314000000003 408.46627

252.22314 419.64025
252.22314 416.33885

261.92081 419.64025
261.92081 408.46627

252.22314 309.29717
252.22314 302.69436

261.92081 313.86835
261.92081 302.69436

261.92081 348.78705
261.92081 372.91269

252.22314 384.4676
252.22314 381.03922

261.92081 384.4676
261.92081 372.91269

261.92081 384.4676
252.22314000000003 384.4676

261.92081 384.4676
252.22314000000003 384.4676

261.92081 372.91269
252.22314000000003 372.91269

261.92081 372.91269
252.22314000000003 372.91269

261.92081 313.86835
261.92081 337.994

261.92081 348.78705
252.22314000000003 348.78705

261.92081 348.78705
252.22314000000003 348.78705

261.92081 337.994
252.22314000000003 337.994

261.92081 337.994
252.22314000000003 337.994

252.22314 348.78705
252.22314 337.994

261.92081 348.78705
261.92081 337.994

261.92081 313.86835
252.22314000000003 313.86835

261.92081 313.86835
252.22314000000003 313.86835

252.22314 313.86835
252.22314 310.43996000000004

261.92081 243.26909
261.92081 267.39473

261.92081 278.56872
261.92081 302.69435999999996

261.92081 302.69436
252.22314000000003 302.69436

261.92081 302.69436
252.22314000000003 302.69436

252.22314 278.56872
252.22314 267.39473

261.92081 278.56872
261.92081 267.39473

261.92081 278.56872
252.22314000000003 278.56872

261.92081 278.56872
252.22314000000003 278.56872

261.92081 267.39473
252.22314000000003 267.39473

261.92081 267.39473
252.22314000000003 267.39473

261.92081 243.26909
261.92081 225.74625

252.22314 230.44441
252.22314 225.74625

252.22314 243.26909
252.22314 231.5872

261.92081 243.26909
252.22314000000003 243.26909

261.92081 243.26909
252.22314000000003 243.26909

261.92081 225.74625
252.22314000000003 225.74625

86.766052 57.628609
115.11308 57.628609

33.2051 125.94228
33.2051 101.81664

33.2051 161.2419
33.2051 137.11626

33.2051 196.79548
33.2051 172.66984

33.2051 196.79548
42.902765 196.79548

33.2051 196.79548
42.902765 196.79548

33.2051 172.66984
42.902765 172.66984

33.2051 172.66984
42.902765 172.66984

33.2051 161.2419
42.902765 161.2419

33.2051 161.2419
42.902765 161.2419

33.2051 172.66984
33.2051 161.2419

42.902765 172.66984
42.902765 161.2419

42.902765 137.11626
42.902765 133.94183

33.2051 137.11626
33.2051 125.94228

33.2051 137.11626
42.902765 137.11626

33.2051 137.11626
42.902765 137.11626

33.2051 125.94228
42.902765 125.94228

33.2051 125.94228
42.902765 125.94228

33.2051 57.628609
86.766052 57.628609

42.902765 65.882119
86.766052 65.882119

33.2051 90.64265
33.2051 66.517003

33.2051 101.81664
42.902765 101.81664

33.2051 101.81664
42.902765 101.81664

33.2051 90.64265
42.902765 90.64265

33.2051 90.64265
42.902765 90.64265

33.2051 101.81664
33.2051 90.64265

42.902765 101.81664
42.902765 90.64265

33.2051 66.517003
42.902765 66.517003

33.2051 66.517003
42.902765 66.517003

33.2051 66.517003
33.2051 57.628609

42.902765 66.517003
42.902765 65.882119

86.766052 57.628609
86.766052 65.882119

86.766052 57.628609
86.766052 65.882119

208.35985 65.882119
252.22314 65.882119

208.35985 57.628609
261.92081 57.628609

161.66187 65.882119
162.70623 65.882119

161.66187 57.628609
180.01283 57.628609

115.11308 57.628609
133.31484 57.628609

115.11308 65.882119
130.92773 65.882119

115.11308 57.628609
115.11308 65.882119

115.11308 57.628609
115.11308 65.882119

133.31484 57.628609
161.66187 57.628609

133.31484 57.628609
133.31484 65.882119

133.31484 57.628609
133.31484 65.882119

161.66187 57.628609
161.66187 65.882119

161.66187 57.628609
161.66187 65.882119

180.01283 57.628609
208.35985 57.628609

180.01283 57.628609
180.01283 65.882119

180.01283 57.628609
180.01283 65.882119

208.35985 57.628609
208.35985 65.882119

208.35985 57.628609
208.35985 65.882119

261.92081 101.81664
261.92081 125.94228000000001

261.92081 137.11626
261.92081 161.2419

261.92081 172.66984
261.92081 196.79548

261.9216 203.76
261.9216 227.88564

261.92081 196.79548
252.22314000000003 196.79548

261.92081 196.79548
252.22314000000003 196.79548

252.22314 203.39829
252.22314 196.79548

261.92081 204.54109
261.92081 196.79548

261.92081 161.2419
252.22314000000003 161.2419

261.92081 161.2419
252.22314000000003 161.2419

261.92081 172.66984
252.22314000000003 172.66984

261.92081 172.66984
252.22314000000003 172.66984

252.22314 168.09866
252.22314 161.2419

252.22314 172.66984
252.22314 169.24146

261.92081 172.66984
261.92081 161.2419

252.22314 137.11626
252.22314 125.94228

261.92081 137.11626
261.92081 125.94228

261.92081 137.11626
252.22314000000003 137.11626

261.92081 137.11626
252.22314000000003 137.11626

261.92081 125.94228
252.22314000000003 125.94228

261.92081 125.94228
252.22314000000003 125.94228

261.92081 66.517003
261.92081 90.64265

261.92081 90.64265
252.22314000000003 90.64265

261.92081 90.64265
252.22314000000003 90.64265

261.92081 101.81664
252.22314000000003 101.81664

261.92081 101.81664
252.22314000000003 101.81664

252.22314 101.81664
252.22314 90.64265

261.92081 101.81664
261.92081 90.64265

261.92081 66.517003
252.22314000000003 66.517003

261.92081 66.517003
252.22314000000003 66.517003

252.22314 66.517003
252.22314 65.882119

261.92081 66.517003
261.92081 57.628609

1308.2243 634.10454
1308.2243 596.6463

1311.0591 631.69197
1311.0591 599.05887

1368.3499 599.05887
1368.3499 631.69197

1371.1846 634.10454
1371.1846 599.05887

1282.4137 669.40417
1310.7607 669.40417

1276.4459 631.69197
1308.2242999999999 631.69197

1277.4903 628.26359
1308.2242999999999 628.26359

1276.4459 624.70824
1308.2242999999999 624.70824

1276.4459 621.15287
1308.2242999999999 621.15287

1276.4459 617.59752
1308.2242999999999 617.59752

1276.4459 614.16913
1308.2242999999999 614.16913

1276.4459 610.61378
1308.2242999999999 610.61378

1276.4459 607.05842
1308.2242999999999 607.05842

1276.4459 669.40417
1282.4136999999998 669.40417

1370.8862 662.29345
1375.6605 662.29345

1311.0591 663.56322
1311.0591 634.10454

1315.3857 663.56322
1315.3857 634.10454

1319.7124 663.56322
1319.7124 634.10454

1324.039 663.56322
1324.039 634.10454

1328.3657 663.56322
1328.3657 634.10454

1332.8415 663.56322
1332.8415 634.10454

1341.4948 663.56322
1341.4948 634.10454

1345.8215 663.56322
1345.8215 634.10454

1350.1481 663.56322
1350.1481 634.10454

1354.4748 663.56322
1354.4748 634.10454

1358.8015 663.56322
1358.8015 634.10454

1363.2772 663.56322
1363.2772 634.10454

1367.6039 663.56322
1367.6039 634.10454

1337.1681 663.56322
1337.1681 634.10454

1310.7607 663.56322
1342.5392 663.56322

1310.7607 669.40417
1332.8415 669.40417

1310.7607 669.40417
1310.7607 663.56322

1310.7607 669.40417
1310.7607 663.56322

1332.8415 675.75302
1332.8415 669.40417

1342.5392 663.56322
1370.8862 663.56322

1370.8862 662.29345
1370.8862 663.56322

1308.2243 634.10454
1371.1846 634.10454

1368.3499 631.69197
1311.0591 631.69197

1375.6605 662.29345
1375.6605 663.56322

1282.4137 520.84098
1310.7607 520.84098

1276.4459 603.50306
1308.2242999999999 603.50306

1276.4459 599.94771
1308.2242999999999 599.94771

1277.9378 592.45606
1277.9378 574.29834

1278.5346 598.29701
1276.4459 598.29701

1278.5346 598.29701
1278.5346 592.45606

1278.5346 592.45606
1277.9378 592.45606

1277.9378 574.29834
1277.9378 561.60062

1277.9378 561.60062
1276.4459 561.60062

1277.9378 529.09449
1282.4136999999998 529.09449

1277.9378 541.41127
1276.4459 541.41127

1277.9378 541.41127
1277.9378 529.09449

1378.0475 590.5514
1368.3499 590.5514

1378.0475 599.05887
1368.3499 599.05887

1311.0591 599.05887
1368.3499 599.05887

1368.3499 596.6463
1308.2242999999999 596.6463

1368.3499 599.05887
1368.3499 590.5514

1310.7607 529.09449
1342.5392 529.09449

1310.7607 520.84098
1310.7607 529.09449

1310.7607 520.84098
1310.7607 529.09449

1310.7607 520.84098
1332.8415 520.84098

1332.8415 520.84098
1332.8415 514.36516

1378.0475 599.05887
1378.0475 590.5514

175.2386 204.54109
261.92080999999996 204.54109

162.70623 98.769183
162.70623 133.94183

164.19818 129.24369
164.19818 98.769183

119.88731 345.73959
119.88731 341.04144

175.2386 345.73959
175.2386 341.04144

132.41968 399.4509
132.41968 310.43996

162.70623 354.50102
162.70623 304.47205

125.40752 451.63848
130.92773 451.63848

125.40752 446.94033
130.92773 446.94033

125.40752 416.33885
130.92773 416.33885

125.40752 411.64069
130.92773 411.64069

118.69375 381.03922
130.92773 381.03922

125.40752 376.34107
130.92773 376.34107

125.40752 345.73959
130.92773 345.73959

175.2386 451.63848
175.2386 446.94033

132.41968 451.63848
132.41968 445.54357

175.2386 451.63848
175.2386 450.49568

162.70623 460.39989
162.70623 410.24395

164.19818 460.39989
162.70623 460.39989

164.19818 460.39989
162.70623 460.39989

169.71839 451.63848
175.2386 451.63848

164.19818 451.63848
169.71839 451.63848

164.19818 460.39989
164.19818 451.63848

132.41968 486.9381
132.41968 451.63848

130.92773 482.23996
130.92773 451.63848

175.2386 416.33885
252.22314 416.33885

175.2386 415.19606
252.22314 415.19606

175.2386 381.03922
252.22314 381.03922

175.2386 379.89643
252.22314 379.89643

130.92773 399.4509
130.92773 381.03922

162.70623 399.4509
162.70623 381.03922

164.19818 399.4509
164.19818 381.03922

164.19818 446.94033
164.19818 416.33885

169.71839 446.94033
175.2386 446.94033

169.71839 446.94033
164.19818 446.94033

169.71839 416.33885
175.2386 416.33885

169.71839 411.64069
175.2386 411.64069

175.2386 416.33885
175.2386 411.64069

164.19818 411.64069
164.19818 410.24395

164.19818 416.33885
169.71839 416.33885

175.2386 416.33885
175.2386 415.19606

169.71839 411.64069
164.19818 411.64069

164.19818 410.24395
162.70623 410.24395

164.19818 410.24395
162.70623 410.24395

164.19818 399.4509
162.70623 399.4509

164.19818 399.4509
162.70623 399.4509

132.41968 425.10027
132.41968 416.33885000000004

130.92773 425.10027
130.92773 416.33885000000004

130.92773 446.94033
130.92773 445.54357000000005

130.92773 445.54357
132.41968 445.54357

130.92773 445.54357
132.41968 445.54357

130.92773 425.10027
132.41968 425.10027

130.92773 425.10027
132.41968 425.10027

132.41968 416.33885
132.41968 410.24395

130.92773 411.64069
130.92773 410.24395

130.92773 410.24395
132.41968 410.24395

130.92773 410.24395
132.41968 410.24395

130.92773 399.4509
132.41968 399.4509

130.92773 399.4509
132.41968 399.4509

162.70623 374.94432
162.70623 381.03922

169.71839 381.03922
175.2386 381.03922

169.71839 376.34107
175.2386 376.34107

175.2386 379.89643
175.2386 376.34107

164.19818 381.03922
169.71839 381.03922

169.71839 376.34107
164.19818 376.34107

164.19818 376.34107
164.19818 374.94432

164.19818 374.94432
162.70623 374.94432

164.19818 374.94432
162.70623 374.94432

164.19818 354.50102
162.70623 354.50102

164.19818 354.50102
162.70623 354.50102

164.19818 354.50102
164.19818 345.73958999999996

169.71839 345.73959
175.2386 345.73959

164.19818 345.73959
169.71839 345.73959

175.2386 345.73959
175.2386 344.5968

130.92773 376.34107
130.92773 345.73959

119.88731 451.63848
119.88731 448.08312

119.88731 451.63848
125.40752 451.63848

42.902765 416.33885
119.88731 416.33885

42.902765 415.19606
119.88731 415.19606

117.351 446.94033
125.40752 446.94033

119.88731 416.33885
125.40752 416.33885

119.88731 411.64069
125.40752 411.64069

119.88731 416.33885
119.88731 411.64069

119.88731 376.34107
125.40752 376.34107

119.88731 379.89643
119.88731 376.34107

119.88731 345.73959
125.40752 345.73959

119.88731 345.73959
119.88731 344.5968

125.40752 341.04144
130.92773 341.04144

125.40752 310.43996
130.92773 310.43996

125.40752 305.74182
130.92773 305.74182

125.40752 275.14034
130.92773 275.14034

125.40752 270.44219
130.92773 270.44219

125.40752 239.84071
130.92773 239.84071

125.40752 235.14256
130.92773 235.14256

125.40752 204.54109
130.92773 204.54109

125.40752 199.84293
130.92773 199.84293

125.40752 169.24146
130.92773 169.24146

125.40752 164.5433
130.92773 164.5433

125.40752 133.94183
130.92773 133.94183

125.40752 129.24369
130.92773 129.24369

162.70623 283.90176
162.70623 230.44441

175.2386 235.14256
175.2386 231.5872

175.2386 309.29717
252.22314 309.29717

175.2386 310.43996
252.22314 310.43996

132.41968 310.43996
132.41968 275.14034

130.92773 305.74182
130.92773 275.14034

164.19818 341.04144
164.19818 310.43996

169.71839 341.04144
175.2386 341.04144

169.71839 341.04144
164.19818 341.04144

169.71839 310.43996
175.2386 310.43996

169.71839 305.74182
175.2386 305.74182

175.2386 309.29717
175.2386 305.74182

164.19818 305.74182
164.19818 304.47205

164.19818 310.43996
169.71839 310.43996

169.71839 305.74182
164.19818 305.74182

164.19818 304.47205
162.70623 304.47205

164.19818 304.47205
162.70623 304.47205

130.92773 341.04144
130.92773 310.43996

164.19818 270.44219
164.19818 239.84071

164.19818 283.90176
164.19818 275.14034000000004

164.19818 283.90176
162.70623 283.90176

164.19818 283.90176
162.70623 283.90176

169.71839 275.14034
175.2386 275.14034

164.19818 275.14034
169.71839 275.14034

169.71839 270.44219
175.2386 270.44219

169.71839 270.44219
164.19818 270.44219

169.71839 239.84071
175.2386 239.84071

175.2386 239.84071
175.2386 235.14256

164.19818 239.84071
169.71839 239.84071

132.41968 275.14034
132.41968 233.87279

130.92773 270.44219
130.92773 239.84071

130.92773 233.87279
132.41968 233.87279

130.92773 233.87279
132.41968 233.87279

130.92773 235.14256
130.92773 233.87279

162.70623 230.44441
252.22314 230.44441

175.2386 231.5872
252.22314 231.5872

175.2386 203.39829
252.22314 203.39829

175.2386 169.24146
252.22314 169.24146

175.2386 168.09866
252.22314 168.09866

132.41968 213.3025
132.41968 169.24146

130.92773 199.84293
130.92773 169.24146

162.70623 187.65314
162.70623 169.24146

164.19818 187.65314
164.19818 169.24146

169.71839 204.54109
175.2386 204.54109

169.71839 199.84293
175.2386 199.84293

175.2386 203.39829
175.2386 199.84293

162.70623 204.54109
162.70623 198.57316

164.19818 199.84293
164.19818 198.57316

162.70623 204.54109
169.71839 204.54109

169.71839 199.84293
164.19818 199.84293

164.19818 198.57316
162.70623 198.57316

164.19818 198.57316
162.70623 198.57316

164.19818 187.65314
162.70623 187.65314

164.19818 187.65314
162.70623 187.65314

130.92773 213.3025
130.92773 204.54109

130.92773 213.3025
132.41968 213.3025

130.92773 213.3025
132.41968 213.3025

162.70623 163.27354
162.70623 169.24146

164.19818 164.5433
164.19818 163.27354

169.71839 169.24146
175.2386 169.24146

164.19818 169.24146
169.71839 169.24146

169.71839 164.5433
175.2386 164.5433

169.71839 164.5433
164.19818 164.5433

175.2386 168.09866
175.2386 164.5433

164.19818 163.27354
162.70623 163.27354

164.19818 163.27354
162.70623 163.27354

164.19818 142.83022
164.19818 133.94183

162.70623 133.94183
162.70623 142.83022

164.19818 142.83022
162.70623 142.83022

164.19818 142.83022
162.70623 142.83022

169.71839 133.94183
175.2386 133.94183

169.71839 129.24369
175.2386 129.24369

175.2386 133.94183
175.2386 129.24369000000002

164.19818 133.94183
169.71839 133.94183

175.2386 133.94183
175.2386 132.79904000000002

169.71839 129.24369
164.19818 129.24369

130.92773 164.5433
130.92773 163.27354

132.41968 169.24146
132.41968 163.27354

130.92773 163.27354
132.41968 163.27354

130.92773 163.27354
132.41968 163.27354

132.41968 142.83022
132.41968 133.94183

130.92773 142.83022
130.92773 133.94183

130.92773 142.83022
132.41968 142.83022

130.92773 142.83022
132.41968 142.83022

130.92773 127.97392
132.41968 127.97392

130.92773 127.97392
132.41968 127.97392

132.41968 133.94183
132.41968 127.97392

130.92773 129.24369
130.92773 127.97391999999999

42.902765 310.43996
119.88731 310.43996

42.902765 309.29717
119.88731 309.29717

119.88731 341.04144
125.40752 341.04144

119.88731 310.43996
125.40752 310.43996

119.88731 305.74182
125.40752 305.74182

119.88731 309.29717
119.88731 305.74182

119.88731 275.14034
125.40752 275.14034

119.88731 270.44219
125.40752 270.44219

119.88731 239.84071
125.40752 239.84071

119.88731 235.14256
125.40752 235.14256

119.88731 239.84071
119.88731 235.14256

42.902765 204.54109
119.88731 204.54109

42.902765 203.39829
119.88731 203.39829

42.902765 133.94183
119.88731 133.94183

42.902765 132.79904
119.88731 132.79904

119.88731 204.54109
125.40752 204.54109

119.88731 199.84293
125.40752 199.84293

119.88731 203.39829
119.88731 199.84293

119.88731 169.24146
125.40752 169.24146

119.88731 164.5433
125.40752 164.5433

119.88731 169.24146
119.88731 164.5433

119.88731 169.24146
119.88731 168.09866

119.88731 133.94183
125.40752 133.94183

119.88731 129.24369
125.40752 129.24369

119.88731 132.79904
119.88731 129.24369

125.40752 98.769183
130.92773 98.769183

125.40752 93.944061
130.92773 93.944061

162.70623 98.769183
162.70623 65.882119

132.41968 107.5306
132.41968 65.882119

130.92773 93.944061
130.92773 65.882119

164.19818 93.944061
164.19818 65.882119

175.2386 98.769183
175.2386 93.944061

169.71839 98.769183
175.2386 98.769183

164.19818 98.769183
169.71839 98.769183

175.2386 98.769183
175.2386 97.499414

169.71839 93.944061
175.2386 93.944061

169.71839 93.944061
164.19818 93.944061

130.92773 107.5306
130.92773 98.769183

130.92773 107.5306
132.41968 107.5306

130.92773 107.5306
132.41968 107.5306

119.88731 98.769183
119.88731 93.944061

119.88731 98.769183
125.40752 98.769183

119.88731 93.944061
125.40752 93.944061

69.161061 542.30011
69.161061 559.94992

70.503811 542.30011
70.503811 559.94992

87.213639 559.94992
87.213639 542.30011

88.556389 559.94992
88.556389 542.30011

119.88731 559.94992
119.88731 558.0452700000001

125.40752 562.74342
125.40752 558.04527

51.257677 613.7882
81.245842 613.7882

81.245842 609.85192
124.06476 609.85192

51.257677 612.51843
79.903092 612.51843

103.32668 608.58215
124.06475999999999 608.58215

64.386826 628.7715
69.907035 628.7715

64.386826 630.04127
66.47555 630.04127

83.931353 649.08784
51.257677 649.08784

51.257677 647.81806
66.47555 647.81806

125.40752 615.05797
125.40752 608.32819

124.06476 615.05797
124.06476 609.85192

124.06476 608.58215
124.06476 608.32819

80.350669 628.7715
119.88731 628.7715

83.931353 630.04127
119.88731 630.04127

125.40752 633.46966
125.40752 663.56322

124.06476 633.46966
124.06476 663.56322

125.40752 628.7715
125.40752 624.96219

124.06476 628.7715
124.06476 624.96219

125.40752 628.7715
125.40752 633.46966

119.88731 630.04127
119.88731 633.4696600000001

125.40752 628.7715
119.88731 628.7715

124.06476 633.46966
119.88731000000001 633.46966

125.40752 624.96219
124.06476 624.96219

125.40752 615.05797
124.06476 615.05797

125.40752 615.05797
124.06476 615.05797

125.40752 624.96219
124.06476 624.96219

83.931353 649.08784
83.931353 630.04127

82.588592 647.81806
82.588592 630.04127

66.47555 630.04127
66.47555 647.8180600000001

67.8183 630.04127
67.8183 647.8180600000001

67.8183 647.81806
82.588592 647.81806

80.350669 630.04127
82.58859199999999 630.04127

67.8183 630.04127
69.907035 630.04127

69.907035 628.7715
69.907035 630.0412699999999

80.350669 628.7715
80.350669 630.0412699999999

80.350669 628.7715
80.350669 630.0412699999999

69.907035 628.7715
69.907035 630.0412699999999

88.556389 559.94992
119.88731 559.94992

101.98393 561.21969
119.88731 561.21969

119.88731 593.59885
103.32668 593.59885

119.88731 592.45606
79.903092 592.45606

125.40752 592.45606
125.40752 577.47276

124.06476 592.45606
124.06476 577.47276

126.75027 592.45606
126.75027 598.29701

119.88731 593.59885
119.88731 598.29701

126.75027 592.45606
119.88731 592.45606

124.06476 598.29701
119.88731000000001 598.29701

125.40752 577.47276
124.06476 577.47276

125.40752 577.47276
124.06476 577.47276

125.40752 567.44157
124.06476 567.44157

125.40752 567.44157
124.06476 567.44157

119.88731 562.74342
124.06476 562.74342

125.40752 567.44157
125.40752 562.7434199999999

124.06476 567.44157
124.06476 562.7434199999999

81.245842 613.7882
81.245842 609.85192

81.245842 608.58215
81.245842 593.59885

79.903092 612.51843
79.903092 592.45606

62.298091 577.09183
100.64117 577.09183

62.298091 578.23462
101.98393 578.23462

100.64117 577.09183
100.64117 561.21969

101.98393 578.23462
101.98393 561.21969

86.020077 559.94992
87.213639 559.94992

86.020077 561.21969
100.64117 561.21969

75.725633 561.21969
75.725633 559.94992

75.725633 559.94992
75.725633 561.21969

62.298091 578.23462
62.298091 577.09183

62.298091 577.09183
62.298091 578.23462

67.072326 559.94992
69.161061 559.94992

70.503811 559.94992
75.725633 559.94992

67.072326 561.21969
75.725633 561.21969

67.072326 561.21969
67.072326 559.94992

67.072326 559.94992
67.072326 561.21969

86.020077 561.21969
86.020077 559.94992

86.020077 559.94992
86.020077 561.21969

64.386826 628.7715
64.386826 630.0412699999999

64.386826 628.7715
64.386826 630.0412699999999

51.257677 577.09183
52.003651 577.09183

51.257677 578.23462
52.003651 578.23462

52.003651 578.23462
52.003651 577.09183

52.003651 577.09183
52.003651 578.23462

125.40752 526.68193
135.40358 526.68193

125.40752 486.9381
130.92773 486.9381

125.40752 482.23996
130.92773 482.23996

125.40752 515.254
130.92773 515.254

175.2386 485.41438
204.48078999999998 485.41438

175.2386 483.6367
252.22314 483.6367

194.33554 526.68193
194.33554 517.9205099999999

194.33554 526.68193
194.33554 517.9205099999999

194.33554 526.68193
215.22282 526.68193

194.33554 517.92051
204.48079 517.92051

169.71839 486.9381
169.71839 513.47631

171.80712 486.9381
171.80712 513.47631

159.57314 526.68193
181.95237 526.68193

159.57314 520.2061
162.70623 520.2061

181.95237 526.68193
181.95237 519.0633

169.71839 520.2061
169.71839 513.47631

162.70623 517.66656
162.70623 520.2061

164.19818 517.66656
164.19818 520.2061

164.19818 520.2061
169.71839 520.2061

175.2386 519.0633
175.2386 513.47631

171.80712 513.47631
175.2386 513.47631

162.70623 517.66656
164.19818 517.66656

159.57314 520.2061
159.57314 526.68193

159.57314 526.68193
159.57314 520.2061

132.41968 520.2061
132.41968 513.9842199999999

132.41968 520.2061
135.40358 520.2061

135.40358 520.2061
135.40358 526.68193

135.40358 526.68193
135.40358 520.2061

130.92773 515.254
130.92773 513.98422

130.92773 513.98422
132.41968 513.98422

130.92773 513.98422
132.41968 513.98422

175.2386 485.41438
175.2386 483.6367

171.80712 486.9381
175.2386 486.9381

169.71839 482.23996
175.2386 482.23996

175.2386 485.41438
175.2386 483.6367

162.70623 489.7316
162.70623 480.84321

164.19818 482.23996
164.19818 480.84321

164.19818 486.9381
169.71839 486.9381

169.71839 482.23996
164.19818 482.23996

164.19818 486.9381
164.19818 489.7316

162.70623 489.7316
164.19818 489.7316

164.19818 480.84321
162.70623 480.84321

164.19818 480.84321
162.70623 480.84321

132.41968 503.06419
132.41968 486.9381

130.92773 503.06419
130.92773 486.9381

130.92773 503.06419
132.41968 503.06419

130.92773 503.06419
132.41968 503.06419

42.902765 485.79531
119.88731 485.79531

42.902765 486.9381
119.88731 486.9381

51.257677 542.30011
69.161061 542.30011

51.257677 541.15732
109.44367 541.15732

88.556389 542.30011
109.44367 542.30011

125.40752 558.04527
125.40752 526.68193

124.06476 541.15732
124.06476 526.68193

124.06476 558.04527
124.06476 542.30011

119.88731 558.04527
124.06476 558.04527

119.88731 515.254
119.88731 526.68193

124.06476 526.68193
119.88731000000001 526.68193

124.06476 526.68193
124.06476 526.68193

125.40752 515.254
119.88731 515.254

70.503811 542.30011
87.213639 542.30011

119.88731 486.9381
125.40752 486.9381

119.88731 482.23996
125.40752 482.23996

119.88731 485.79531
119.88731 482.23996

51.257677 628.7715
54.092379 628.7715

51.257677 630.04127
54.092379 630.04127

54.092379 628.7715
54.092379 630.0412699999999

54.092379 628.7715
54.092379 630.0412699999999

51.257677 559.94992
56.777886 559.94992

51.257677 561.21969
56.777886 561.21969

56.777886 561.21969
56.777886 559.94992

56.777886 559.94992
56.777886 561.21969

162.70623 779.87422
162.70623 773.65234

164.19818 779.87422
164.19818 778.3505

132.41968 815.17385
132.41968 773.65234

130.92773 808.95198
130.92773 778.3505

125.40752 879.55123
130.92773 879.55123

125.40752 884.24938
130.92773 884.24938

125.40752 808.95198
130.92773 808.95198

125.40752 813.65012
130.92773 813.65012

125.40752 844.2516
130.92773 844.2516

125.40752 848.94975
130.92773 848.94975

132.41968 921.07273
132.41968 879.55123

130.92773 914.85085
130.92773 884.24938

252.22314 879.55123
175.2386 879.55123

252.22314 880.69402
175.2386 880.69402

252.22314 808.95198
175.2386 808.95198

252.22314 810.09477
175.2386 810.09477

252.22314 844.2516
175.2386 844.2516

252.22314 845.3944
175.2386 845.3944

162.70623 844.2516
162.70623 825.96691

164.19818 844.2516
164.19818 825.96691

162.70623 879.55123
162.70623 861.26653

164.19818 879.55123
164.19818 861.26653

169.71839 884.24938
175.2386 884.24938

169.71839 879.55123
175.2386 879.55123

169.71839 879.55123
164.19818 879.55123

162.70623 885.77311
162.70623 879.5512299999999

164.19818 885.77311
164.19818 884.24938

169.71839 884.24938
164.19818 884.24938

164.19818 885.77311
162.70623 885.77311

164.19818 885.77311
162.70623 885.77311

164.19818 861.26653
162.70623 861.26653

164.19818 861.26653
162.70623 861.26653

175.2386 848.94975
175.2386 845.3944

162.70623 850.47347
162.70623 844.2516

169.71839 848.94975
175.2386 848.94975

164.19818 850.47347
164.19818 848.94975

169.71839 848.94975
164.19818 848.94975

164.19818 850.47347
162.70623 850.47347

164.19818 850.47347
162.70623 850.47347

169.71839 844.2516
175.2386 844.2516

169.71839 844.2516
164.19818 844.2516

132.41968 879.55123
132.41968 835.61716

130.92773 879.55123
130.92773 848.94975

130.92773 835.61716
132.41968 835.61716

130.92773 835.61716
132.41968 835.61716

130.92773 844.2516
130.92773 835.61716

162.70623 808.95198
162.70623 790.66727

164.19818 808.95198
164.19818 790.66727

164.19818 825.96691
162.70623 825.96691

164.19818 825.96691
162.70623 825.96691

169.71839 813.65012
175.2386 813.65012

169.71839 808.95198
175.2386 808.95198

175.2386 813.65012
175.2386 810.09477

169.71839 808.95198
164.19818 808.95198

162.70623 815.17385
162.70623 808.95198

164.19818 815.17385
164.19818 813.65012

169.71839 813.65012
164.19818 813.65012

164.19818 815.17385
162.70623 815.17385

164.19818 815.17385
162.70623 815.17385

164.19818 790.66727
162.70623 790.66727

164.19818 779.87422
162.70623 779.87422

164.19818 790.66727
162.70623 790.66727

164.19818 779.87422
162.70623 779.87422

130.92773 815.17385
130.92773 813.65012

130.92773 815.17385
132.41968 815.17385

130.92773 815.17385
132.41968 815.17385

42.902765 879.55123
119.88731 879.55123

42.902765 880.69402
70.503811 880.69402

125.40752 884.24938
119.88731 884.24938

125.40752 879.55123
119.88731 879.55123

119.88731 848.94975
119.88731 844.2516

125.40752 848.94975
119.88731 848.94975

125.40752 844.2516
119.88731 844.2516

125.40752 813.65012
119.88731 813.65012

125.40752 808.95198
119.88731 808.95198

119.88731 813.65012
119.88731 808.95198

125.40752 773.65234
130.92773 773.65234

125.40752 778.3505
130.92773 778.3505

125.40752 663.56322
135.70197000000002 663.56322

125.40752 703.05309
130.92773 703.05309

125.40752 707.75125
130.92773 707.75125

125.40752 738.35272
130.92773 738.35272

125.40752 743.05087
130.92773 743.05087

125.40752 674.35628
130.92773 674.35628

175.2386 669.40417
175.2386 674.35628

135.70197 669.40417
135.70197 663.56322

159.57314 669.40417
159.57314 663.56322

159.57314 669.40417
159.57314 663.56322

135.70197 669.40417
135.70197 663.56322

252.22314 773.65234
175.2386 773.65234

252.22314 774.79513
175.2386 774.79513

175.2386 669.40417
252.22314 669.40417

252.22314 703.05309
175.2386 703.05309

252.22314 704.19588
175.2386 704.19588

252.22314 738.35272
175.2386 738.35272

252.22314 739.49551
175.2386 739.49551

162.70623 738.35272
162.70623 720.0680199999999

164.19818 738.35272
164.19818 720.0680199999999

132.41968 738.35272
132.41968 720.0680199999999

130.92773 738.35272
130.92773 720.0680199999999

162.70623 773.65234
162.70623 755.3676399999999

164.19818 773.65234
164.19818 755.3676399999999

169.71839 778.3505
175.2386 778.3505

169.71839 773.65234
175.2386 773.65234

175.2386 778.3505
175.2386 774.79513

169.71839 773.65234
164.19818 773.65234

169.71839 778.3505
164.19818 778.3505

164.19818 755.36764
162.70623 755.36764

164.19818 755.36764
162.70623 755.36764

169.71839 743.05087
175.2386 743.05087

169.71839 738.35272
175.2386 738.35272

169.71839 738.35272
164.19818 738.35272

162.70623 744.5746
162.70623 738.35272

164.19818 744.5746
164.19818 743.05087

169.71839 743.05087
164.19818 743.05087

164.19818 744.5746
162.70623 744.5746

164.19818 744.5746
162.70623 744.5746

132.41968 755.36764
132.41968 773.6523400000001

130.92773 773.65234
130.92773 755.3676399999999

130.92773 755.36764
132.41968 755.36764

130.92773 755.36764
132.41968 755.36764

130.92773 744.5746
130.92773 743.05087

130.92773 744.5746
132.41968 744.5746

130.92773 744.5746
132.41968 744.5746

132.41968 738.35272
132.41968 744.5746

159.57314 669.40417
162.70623 669.40417

162.70623 703.05309
162.70623 686.41909

164.19818 703.05309
164.19818 686.41909

164.19818 720.06802
162.70623 720.06802

164.19818 720.06802
162.70623 720.06802

169.71839 707.75125
175.2386 707.75125

169.71839 703.05309
175.2386 703.05309

175.2386 707.75125
175.2386 704.19588

169.71839 703.05309
164.19818 703.05309

162.70623 709.27497
162.70623 703.05309

164.19818 709.27497
164.19818 707.75125

169.71839 707.75125
164.19818 707.75125

164.19818 709.27497
162.70623 709.27497

164.19818 709.27497
162.70623 709.27497

164.19818 686.41909
162.70623 686.41909

164.19818 686.41909
162.70623 686.41909

169.71839 674.35628
175.2386 674.35628

162.70623 675.62605
162.70623 669.4041699999999

164.19818 675.62605
164.19818 674.35628

169.71839 674.35628
164.19818 674.35628

164.19818 675.62605
162.70623 675.62605

164.19818 675.62605
162.70623 675.62605

132.41968 703.05309
132.41968 696.06935

130.92773 703.05309
130.92773 696.06935

130.92773 720.06802
132.41968 720.06802

130.92773 720.06802
132.41968 720.06802

132.41968 709.27497
132.41968 703.05309

130.92773 709.27497
130.92773 707.75125

130.92773 709.27497
132.41968 709.27497

130.92773 709.27497
132.41968 709.27497

130.92773 696.06935
132.41968 696.06935

130.92773 696.06935
132.41968 696.06935

132.41968 669.40417
135.70197 669.40417

132.41968 675.62605
132.41968 669.4041699999999

130.92773 675.62605
130.92773 674.35628

130.92773 675.62605
132.41968 675.62605

130.92773 675.62605
132.41968 675.62605

175.2386 663.56322
218.95269 663.56322

159.57314 663.56322
169.71839 663.56322

169.71839 663.56322
175.2386 663.56322

119.88731 674.35628
119.88731 663.56322

42.902765 739.49551
70.503811 739.49551

42.902765 738.35272
119.88731 738.35272

42.902765 703.05309
119.88731 703.05309

42.902765 704.19588
119.88731 704.19588

42.902765 773.65234
70.503811 773.65234

42.902765 774.79513
119.88731 774.79513

125.40752 778.3505
119.88731 778.3505

125.40752 773.65234
119.88731 773.65234

119.88731 778.3505
119.88731 774.79513

125.40752 743.05087
119.88731 743.05087

125.40752 738.35272
119.88731 738.35272

125.40752 707.75125
119.88731 707.75125

125.40752 703.05309
119.88731 703.05309

119.88731 707.75125
119.88731 704.19588

125.40752 674.35628
119.88731 674.35628

124.06476 663.56322
119.88731000000001 663.56322

218.95269 662.92833
223.87612 662.92833

218.95269 662.92833
218.95269 663.56322

223.87612 662.92833
223.87612 663.56322

125.40752 1060.6205
130.92773 1060.6205

125.40752 1055.9224
130.92773 1055.9224

252.22314 1055.9224
175.2386 1055.9224

252.22314 1057.1922
175.2386 1057.1922

162.70623 1055.9224
162.70623 1037.7647

164.19818 1055.9224
164.19818 1037.7647

162.70623 1097.6979
162.70623 1073.0641999999998

164.19818 1079.5401
164.19818 1073.0642

164.79496 1089.4443
164.79496 1079.5401000000002

164.19818 1079.5401
164.79496 1079.5401

164.19818 1073.0642
162.70623 1073.0642

164.19818 1073.0642
162.70623 1073.0642

169.71839 1060.6205
175.2386 1060.6205

164.19818 1062.2713
164.19818 1060.6205000000002

169.71839 1060.6205
164.19818 1060.6205

169.71839 1055.9224
175.2386 1055.9224

169.71839 1055.9224
164.19818 1055.9224

175.2386 1060.6205
175.2386 1057.1922

162.70623 1062.2713
162.70623 1055.9224000000002

164.19818 1062.2713
162.70623 1062.2713

164.19818 1062.2713
162.70623 1062.2713

130.92773 1079.5401
130.92773 1060.6205

132.41968 1047.4149
132.41968 1097.6979

130.33095 1089.4443
130.33095 1079.5401000000002

130.33095 1079.5401
130.92773 1079.5401

42.902765 1057.1922
100.93956 1057.1922

42.902765 1055.9224
100.93956 1055.9224

113.62113 1057.1922
119.88731 1057.1922

113.62113 1055.9224
119.88731 1055.9224

113.62113 1057.1922
113.62113 1055.9224

113.62113 1057.1922
113.62113 1055.9224

125.40752 1060.6205
119.88731 1060.6205

125.40752 1055.9224
119.88731 1055.9224

100.93956 1057.1922
100.93956 1055.9224

100.93956 1057.1922
100.93956 1055.9224

97.806471 1021.8925
97.806471 986.59291

99.149222 1020.6228
99.149222 986.59291

132.41968 985.45012
132.41968 1026.9715999999999

130.92773 1020.6228
130.92773 990.14826

125.40752 1020.6228
130.92773 1020.6228

125.40752 1025.4479
130.92773 1025.4479

252.22314 1020.6228
175.2386 1020.6228

252.22314 1021.8925
175.2386 1021.8925

162.70623 1026.9716
162.70623 1020.6228000000001

164.19818 1037.7647
162.70623 1037.7647

164.19818 1037.7647
162.70623 1037.7647

169.71839 1025.4479
175.2386 1025.4479

164.19818 1026.9716
164.19818 1025.4479000000001

169.71839 1025.4479
164.19818 1025.4479

164.19818 1026.9716
162.70623 1026.9716

164.19818 1026.9716
162.70623 1026.9716

162.70623 1020.6228
162.70623 1002.4651

164.19818 1020.6228
164.19818 1002.4651

169.71839 1020.6228
175.2386 1020.6228

169.71839 1020.6228
164.19818 1020.6228

164.19818 1002.4651
162.70623 1002.4651

164.19818 1002.4651
162.70623 1002.4651

125.40752 1025.4479
119.88731 1025.4479

113.62113 1021.8925
119.88731 1021.8925

113.62113 1020.6228
119.88731 1020.6228

113.62113 1020.6228
113.62113 1021.8924999999999

113.62113 1020.6228
113.62113 1021.8924999999999

125.40752 1020.6228
119.88731 1020.6228

100.93956 1020.6228
100.93956 1021.8924999999999

100.93956 1020.6228
100.93956 1021.8924999999999

99.149222 1020.6228
100.93956 1020.6228

97.806471 1021.8925
100.93956 1021.8925

125.40752 985.45012
130.92773 985.45012

125.40752 990.14826
130.92773 990.14826

252.22314 985.45012
175.2386 985.45012

252.22314 986.59291
175.2386 986.59291

162.70623 985.45012
162.70623 967.16541

164.19818 985.45012
164.19818 967.16541

169.71839 990.14826
175.2386 990.14826

169.71839 985.45012
175.2386 985.45012

169.71839 985.45012
164.19818 985.45012

162.70623 991.67199
162.70623 985.4501200000001

164.19818 991.67199
164.19818 990.14826

169.71839 990.14826
164.19818 990.14826

164.19818 991.67199
162.70623 991.67199

164.19818 991.67199
162.70623 991.67199

164.19818 967.16541
162.70623 967.16541

164.19818 967.16541
162.70623 967.16541

132.41968 950.15048
132.41968 985.45012

130.92773 985.45012
130.92773 954.84864

42.902765 986.59291
97.806471 986.59291

71.99576 985.45012
97.806471 985.45012

97.806471 985.45012
119.88731 985.45012

99.149222 986.59291
119.88731 986.59291

125.40752 990.14826
119.88731 990.14826

125.40752 985.45012
119.88731 985.45012

125.40752 914.85085
130.92773 914.85085

125.40752 919.54901
130.92773 919.54901

125.40752 950.15048
130.92773 950.15048

125.40752 954.84864
130.92773 954.84864

252.22314 914.85085
175.2386 914.85085

252.22314 915.99365
175.2386 915.99365

252.22314 950.15048
175.2386 950.15048

252.22314 951.29327
175.2386 951.29327

132.41968 941.51604
132.41968 950.15048

162.70623 950.15048
162.70623 931.86578

164.19818 950.15048
164.19818 931.86578

130.92773 950.15048
130.92773 941.51604

162.70623 956.37236
162.70623 950.1504799999999

164.19818 956.37236
164.19818 954.8486399999999

164.19818 956.37236
162.70623 956.37236

164.19818 956.37236
162.70623 956.37236

169.71839 954.84864
175.2386 954.84864

169.71839 950.15048
175.2386 950.15048

169.71839 950.15048
164.19818 950.15048

169.71839 954.84864
164.19818 954.84864

162.70623 921.07273
162.70623 914.8508499999999

164.19818 931.86578
162.70623 931.86578

164.19818 931.86578
162.70623 931.86578

169.71839 919.54901
175.2386 919.54901

164.19818 921.07273
164.19818 919.54901

169.71839 919.54901
164.19818 919.54901

164.19818 921.07273
162.70623 921.07273

164.19818 921.07273
162.70623 921.07273

162.70623 914.85085
162.70623 896.56616

164.19818 914.85085
164.19818 896.56616

169.71839 914.85085
175.2386 914.85085

169.71839 914.85085
164.19818 914.85085

164.19818 896.56616
162.70623 896.56616

164.19818 896.56616
162.70623 896.56616

130.92773 941.51604
132.41968 941.51604

130.92773 941.51604
132.41968 941.51604

130.92773 921.07273
130.92773 919.54901

130.92773 921.07273
132.41968 921.07273

130.92773 921.07273
132.41968 921.07273

70.503811 934.15137
70.503811 880.69402

71.99576 934.15137
71.99576 880.69402

70.503811 951.29327
42.902765 951.29327

70.503811 950.15048
42.902765 950.15048

42.902765 985.45012
70.503811 985.45012

99.149222 951.29327
71.99576 951.29327

71.99576 950.15048
100.93956 950.15048

113.62113 951.29327
119.88731 951.29327

113.62113 950.15048
119.88731 950.15048

113.62113 951.29327
113.62113 950.15048

113.62113 951.29327
113.62113 950.15048

125.40752 954.84864
119.88731 954.84864

125.40752 950.15048
119.88731 950.15048

100.93956 951.29327
100.93956 950.15048

100.93956 951.29327
100.93956 950.15048

99.149222 951.29327
100.93956 951.29327

71.99576 970.5938
71.99576 951.29327

70.503811 970.5938
70.503811 951.29327

71.99576 985.45012
71.99576 981.51382

70.503811 985.45012
70.503811 981.51382

70.503811 981.51382
71.99576 981.51382

70.503811 970.5938
71.99576 970.5938

70.503811 981.51382
71.99576 981.51382

70.503811 970.5938
71.99576 970.5938

70.503811 944.94443
71.99576 944.94443

70.503811 944.94443
71.99576 944.94443

70.503811 950.15048
70.503811 944.94443

71.99576 950.15048
71.99576 944.94443

125.40752 919.54901
119.88731 919.54901

125.40752 914.85085
119.88731 914.85085

70.503811 934.15137
71.99576 934.15137

70.503811 934.15137
71.99576 934.15137

42.902765 1055.9224
42.902765 1052.875

252.22314 985.45012
252.22314 982.27568

252.22314 1020.6228
252.22314 1017.5753

252.22314 1055.9224
252.22314 1052.875

42.902765 950.15048
42.902765 946.97606

42.902765 985.45012
42.902765 982.27568

252.22314 379.89643
252.22314 372.91269

252.22314 415.19606
252.22314 408.46627

132.41968 65.882119
133.31484 65.882119

164.19818 65.882119
180.01283 65.882119

42.902765 132.79904
42.902765 125.94228

42.902765 203.39829
42.902765 196.79548

71.99576 880.69402
119.88731000000001 880.69402

130.92773 1047.4149
132.41968 1047.4149

130.92773 1047.4149
132.41968 1047.4149

130.92773 1026.9716
132.41968 1026.9716

130.92773 1026.9716
132.41968 1026.9716

130.92773 1026.9716
130.92773 1025.4479000000001

130.92773 1055.9224
130.92773 1047.4149

70.503811 773.65234
70.503811 756.51044

71.99576 773.65234
71.99576 756.51044

70.503811 756.51044
71.99576 756.51044

70.503811 756.51044
71.99576 756.51044

71.99576 745.71739
71.99576 739.49551

70.503811 745.71739
70.503811 739.49551

70.503811 745.71739
71.99576 745.71739

70.503811 745.71739
71.99576 745.71739

71.99576 773.65234
119.88731000000001 773.65234

71.99576 739.49551
119.88731000000001 739.49551

120.78248 541.15732
124.06476 541.15732

120.78248 542.30011
124.06476 542.30011

109.44367 541.15732
109.44367 542.30011

120.78248 541.15732
120.78248 542.30011

42.902765 446.94033
93.330624 446.94033

93.330624 448.08312
93.330624 446.94033

93.330624 448.08312
93.330624 446.94033

42.902765 448.08312
93.330624 448.08312

117.351 448.08312
119.88731 448.08312

117.351 448.08312
117.351 446.94033

117.351 448.08312
117.351 446.94033

42.902765 446.94033
42.902765 443.7659

118.69375 379.89643
119.88731 379.89643

42.902765 381.03922
106.01219 381.03922

42.902765 379.89643
106.01219 379.89643

118.69375 379.89643
118.69375 381.03922

118.69375 379.89643
118.69375 381.03922

106.01219 379.89643
106.01219 381.03922

106.01219 379.89643
106.01219 381.03922

42.902765 379.89643
42.902765 372.91269

237.30366 526.68193
237.30366 520.2061

42.902765 879.55123
42.902765 876.37681

1493.8228 613.66122
1493.8228 603.24911

1495.1655 613.66122
1495.1655 596.01141

1509.7866 613.66122
1509.7866 596.01141

1511.1293 614.80402
1511.1293 596.01141

1543.5047 617.21659
1543.5047 608.96308

1553.2023 617.21659
1553.2023 608.96308

1476.9638 1089.4443
1479.6493 1089.4443

1462.3426 1097.6979
1479.6493 1097.6979

1476.9638 1060.1126
1551.8596 1060.1126

1476.9638 1058.9699
1551.8596 1058.9699

1476.9638 1022.9084
1551.8596 1022.9084

1476.9638 1024.0511
1551.8596 1024.0511

1476.9638 987.48175
1551.8596 987.48175

1476.9638 988.62454
1551.8596 988.62454

1474.8751 669.40417
1480.8428 669.40417

1474.8751 668.6423
1480.8428 668.6423

1470.25 614.80402
1497.105 614.80402

1470.25 613.66122
1493.8228 613.66122

1476.9638 952.05515
1551.8596 952.05515

1476.9638 953.32491
1551.8596 953.32491

1476.9638 881.45588
1551.8596 881.45588

1476.9638 882.72565
1551.8596 882.72565

1476.9638 918.02528
1551.8596 918.02528

1476.9638 916.75551
1551.8596 916.75551

1476.9638 810.98361
1551.8596 810.98361

1476.9638 812.1264
1551.8596 812.1264

1476.9638 846.02928
1551.8596 846.02928

1476.9638 847.17207
1551.8596 847.17207

1476.9638 740.25737
1551.8596 740.25737

1476.9638 741.40017
1551.8596 741.40017

1476.9638 775.68398
1551.8596 775.68398

1476.9638 776.82678
1551.8596 776.82678

1476.9638 704.83077
1551.8596 704.83077

1476.9638 705.97356
1551.8596 705.97356

1474.8751 631.31104
1509.7866 631.31104

1474.8751 630.16824
1513.8149 630.16824

1332.8415 1017.5753
1332.8415 993.44966

1339.8536 993.44966
1339.8536 1017.5753

1417.435 1003.4809
1417.435 991.67199

1425.0439 966.40355
1425.0439 1008.9409

1476.9638 999.03666
1476.9638 988.62454

1469.3548 999.03666
1469.3548 968.56217

1476.9638 991.67199
1476.9638 1003.4809

1469.3548 968.56217
1469.3548 1008.9409

1342.5392 1058.9699
1417.435 1058.9699

1342.5392 1060.1126
1417.435 1060.1126

1417.435 1022.9084
1342.5392 1022.9084

1417.435 1024.0511
1342.5392 1024.0511

1332.8415 1097.6979
1386.4025 1097.6979

1342.5392 1089.4443
1386.4025 1089.4443

1332.8415 1097.6979
1332.8415 1088.1744999999999

1332.8415 1052.875
1332.8415 1028.7493

1339.8536 1028.7493
1339.8536 1052.875

1332.8415 1088.1745
1342.5392 1088.1745

1332.8415 1088.1745
1342.5392 1088.1745

1332.8415 1064.0489
1342.5392 1064.0489

1332.8415 1064.0489
1342.5392 1064.0489

1332.8415 1052.875
1342.5392 1052.875

1332.8415 1052.875
1342.5392 1052.875

1332.8415 1088.1745
1332.8415 1064.0489

1332.8415 1064.0489
1332.8415 1052.875

1339.8536 1064.0489
1339.8536 1088.1745

1342.5392 1089.4443
1342.5392 1088.1745

1342.5392 1064.0489
1342.5392 1060.1126

1342.5392 1058.9699
1342.5392 1052.875

1332.8415 1028.7493
1342.5392 1028.7493

1332.8415 1028.7493
1342.5392 1028.7493

1332.8415 1017.5753
1342.5392 1017.5753

1332.8415 1017.5753
1342.5392 1017.5753

1332.8415 1028.7493
1332.8415 1017.5753

1342.5392 1022.9084
1342.5392 1017.5753000000001

1342.5392 1028.7493
1342.5392 1024.0511

1386.4025 1097.6979
1414.7495 1097.6979

1431.766 1097.6901
1462.8970000000002 1097.6901

1386.4025 1091.8569
1414.7495 1091.8569

1386.4025 1097.6979
1386.4025 1089.4442999999999

1386.4025 1097.6979
1386.4025 1089.4442999999999

1414.7495 1097.6979
1414.7495 1089.4442999999999

1414.7495 1097.6979
1414.7495 1089.4442999999999

1431.9069 1079.5401
1431.9069 1097.6979

1431.9069 1097.6979
1431.9069 1079.5401

1462.3426 1079.5401
1462.3426 1097.6979

1462.3426 1097.6979
1462.3426 1079.5401

1414.7495 1097.6979
1431.9069 1097.6979

1417.435 1044.2405
1417.435 1055.9224000000002

1425.0439 1037.8916
1425.0439 1062.3981999999999

1425.0439 1062.3982
1425.0439 1037.8916000000002

1425.0439 1079.5401
1429.9674 1079.5401

1429.9674 1079.5401
1425.0439 1079.5401

1425.0439 1073.1913
1417.435 1073.1913

1417.435 1073.1913
1425.0439 1073.1913

1414.7495 1089.4443
1417.435 1089.4443

1417.435 1073.5721
1417.435 1073.1913000000002

1417.435 1073.5721
1417.435 1089.4443

1417.435 1086.9048
1417.435 1075.096

1425.0439 1079.5401
1425.0439 1073.1913

1425.0439 1062.3982
1417.435 1062.3982

1417.435 1062.3982
1417.435 1061.8903

1417.435 1061.8903
1417.435 1060.1126

1417.435 1058.9699
1417.435 1055.9224000000002

1425.0439 1056.5572
1425.0439 1061.2554

1425.0439 1061.2554
1425.0439 1056.5572

1429.9674 1079.5401
1431.9069 1079.5401

1431.9069 1079.5401
1429.9674 1079.5401

1417.435 1019.7339
1417.435 1022.9083999999999

1425.0439 1027.2256
1425.0439 1019.7339

1417.435 1026.9716
1425.0439 1026.9716

1425.0439 1026.9716
1417.435 1026.9716

1417.435 1037.8916
1425.0439 1037.8916

1425.0439 1037.8916
1417.435 1037.8916

1417.435 1044.2405
1417.435 1037.8916000000002

1417.435 1026.9716
1417.435 1024.0511000000001

1425.0439 1021.1307
1425.0439 1025.8288

1425.0439 1025.8288
1425.0439 1021.1307

1417.435 1019.7339
1425.0439 1019.7339

1425.0439 1019.7339
1417.435 1019.7339

1417.435 1008.9409
1425.0439 1008.9409

1425.0439 1008.9409
1417.435 1008.9409

1476.9638 1044.2405
1476.9638 1055.9224000000002

1469.3548 1062.3982
1469.3548 1037.8916000000002

1476.9638 1073.1913
1469.3548 1073.1913

1469.3548 1073.1913
1476.9638 1073.1913

1464.4313 1079.5401
1462.3426 1079.5401

1462.3426 1079.5401
1464.4313 1079.5401

1469.3548 1079.5401
1469.3548 1073.1913

1469.3548 1079.5401
1464.4313 1079.5401

1464.4313 1079.5401
1469.3548 1079.5401

1476.9638 1073.5721
1476.9638 1073.1913000000002

1476.9638 1075.4769
1476.9638 1073.5720999999999

1476.9638 1087.2858
1476.9638 1075.4769000000001

1476.9638 1062.3982
1469.3548 1062.3982

1469.3548 1062.3982
1476.9638 1062.3982

1469.3548 1056.5572
1469.3548 1061.2554

1469.3548 1061.2554
1469.3548 1056.5572

1476.9638 1061.8903
1476.9638 1060.1126

1476.9638 1062.3982
1476.9638 1061.8903

1476.9638 1058.9699
1476.9638 1055.9224000000002

1469.3548 1019.7339
1469.3548 1026.9715999999999

1476.9638 1019.7339
1476.9638 1022.9083999999999

1469.3548 1037.8916
1476.9638 1037.8916

1476.9638 1037.8916
1469.3548 1037.8916

1469.3548 1026.9716
1476.9638 1026.9716

1476.9638 1026.9716
1469.3548 1026.9716

1469.3548 1021.1307
1469.3548 1025.8288

1469.3548 1025.8288
1469.3548 1021.1307

1469.3548 1021.1307
1469.3548 1025.8288

1469.3548 1025.8288
1469.3548 1021.1307

1476.9638 1044.2405
1476.9638 1037.8916000000002

1476.9638 1026.9716
1476.9638 1024.0511000000001

1469.3548 1008.9409
1476.9638 1008.9409

1476.9638 1008.9409
1469.3548 1008.9409

1469.3548 1019.7339
1476.9638 1019.7339

1476.9638 1019.7339
1469.3548 1019.7339

1417.435 881.45588
1342.5392 881.45588

1417.435 882.72565
1342.5392 882.72565

1342.5392 916.62853
1417.435 916.62853

1342.5392 917.8983
1417.435 917.8983

1342.5392 952.05515
1417.435 952.05515

1342.5392 953.32491
1417.435 953.32491

1342.5392 776.82678
1417.435 776.82678

1342.5392 775.68398
1417.435 775.68398

1342.5392 812.1264
1417.435 812.1264

1342.5392 810.98361
1417.435 810.98361

1417.435 846.15626
1342.5392 846.15626

1417.435 847.42603
1342.5392 847.42603

1417.435 740.25737
1342.5392 740.25737

1417.435 741.40017
1342.5392 741.40017

1417.435 705.97356
1342.5392 705.97356

1417.435 704.83077
1342.5392 704.83077

1342.5392 668.26137
1417.435 668.26137

1417.435 988.62454
1342.5392 988.62454

1417.435 987.48175
1342.5392 987.48175

1332.8415 781.6519
1332.8415 805.7775399999999

1339.8536 781.6519
1339.8536 805.7775399999999

1332.8415 887.55079
1332.8415 911.67643

1339.8536 887.55079
1339.8536 911.67643

1332.8415 958.15004
1332.8415 946.97606

1342.5392 952.05515
1342.5392 946.9760600000001

1332.8415 993.44966
1342.5392 993.44966

1332.8415 993.44966
1342.5392 993.44966

1332.8415 982.27568
1342.5392 982.27568

1332.8415 982.27568
1342.5392 982.27568

1332.8415 958.15004
1342.5392 958.15004

1332.8415 958.15004
1342.5392 958.15004

1332.8415 982.27568
1332.8415 958.15004

1332.8415 993.44966
1332.8415 982.27568

1339.8536 958.15004
1339.8536 982.27568

1342.5392 993.44966
1342.5392 988.62454

1342.5392 987.48175
1342.5392 982.2756800000001

1342.5392 958.15004
1342.5392 953.32491

1332.8415 946.97606
1342.5392 946.97606

1332.8415 946.97606
1342.5392 946.97606

1332.8415 922.85041
1342.5392 922.85041

1332.8415 922.85041
1342.5392 922.85041

1332.8415 911.67643
1342.5392 911.67643

1332.8415 911.67643
1342.5392 911.67643

1332.8415 946.97606
1332.8415 922.85041

1332.8415 922.85041
1332.8415 911.67643

1339.8536 922.85041
1339.8536 946.97606

1342.5392 922.85041
1342.5392 917.8983

1342.5392 916.62853
1342.5392 911.67643

1332.8415 852.25116
1332.8415 841.07717

1342.5392 852.25116
1342.5392 847.4260300000001

1332.8415 887.55079
1342.5392 887.55079

1332.8415 887.55079
1342.5392 887.55079

1332.8415 876.37681
1342.5392 876.37681

1332.8415 876.37681
1342.5392 876.37681

1332.8415 852.25116
1342.5392 852.25116

1332.8415 852.25116
1342.5392 852.25116

1332.8415 852.25116
1332.8415 876.37681

1332.8415 887.55079
1332.8415 876.37681

1339.8536 852.25116
1339.8536 876.37681

1342.5392 887.55079
1342.5392 882.72565

1342.5392 881.45588
1342.5392 876.37681

1332.8415 841.07717
1342.5392 841.07717

1332.8415 841.07717
1342.5392 841.07717

1332.8415 816.95152
1342.5392 816.95152

1332.8415 816.95152
1342.5392 816.95152

1332.8415 805.77754
1342.5392 805.77754

1332.8415 805.77754
1342.5392 805.77754

1332.8415 816.95152
1332.8415 841.0771699999999

1332.8415 816.95152
1332.8415 805.77754

1339.8536 816.95152
1339.8536 841.0771699999999

1342.5392 846.15626
1342.5392 841.07717

1342.5392 810.98361
1342.5392 805.77754

1342.5392 816.95152
1342.5392 812.1264

1332.8415 711.05265
1332.8415 699.87867

1342.5392 711.05265
1342.5392 705.97356

1332.8415 746.35227
1332.8415 770.4779199999999

1339.8536 746.35227
1339.8536 770.4779199999999

1332.8415 781.6519
1342.5392 781.6519

1332.8415 781.6519
1342.5392 781.6519

1332.8415 770.47792
1342.5392 770.47792

1332.8415 770.47792
1342.5392 770.47792

1332.8415 781.6519
1332.8415 770.47792

1342.5392 781.6519
1342.5392 776.82678

1342.5392 775.68398
1342.5392 770.47792

1332.8415 746.35227
1342.5392 746.35227

1332.8415 746.35227
1342.5392 746.35227

1332.8415 735.17829
1342.5392 735.17829

1332.8415 735.17829
1342.5392 735.17829

1332.8415 711.05265
1342.5392 711.05265

1332.8415 711.05265
1342.5392 711.05265

1332.8415 711.05265
1332.8415 735.17829

1332.8415 746.35227
1332.8415 735.17829

1339.8536 711.05265
1339.8536 735.17829

1342.5392 740.25737
1342.5392 735.1782900000001

1342.5392 746.35227
1342.5392 741.40017

1332.8415 699.87867
1342.5392 699.87867

1332.8415 699.87867
1342.5392 699.87867

1332.8415 675.75302
1342.5392 675.75302

1332.8415 675.75302
1342.5392 675.75302

1332.8415 675.75302
1332.8415 699.8786699999999

1339.8536 675.75302
1339.8536 699.8786699999999

1342.5392 704.83077
1342.5392 699.87867

1342.5392 675.75302
1342.5392 668.2613699999999

1417.435 796.76217
1417.435 808.5710399999999

1425.0439 827.61761
1425.0439 793.46077

1476.9638 796.76217
1476.9638 808.5710399999999

1469.3548 832.56971
1469.3548 793.46077

1469.3548 793.46077
1469.3548 832.56971

1417.435 902.53408
1417.435 896.3122

1425.0439 864.82189
1425.0439 885.6160100000001

1425.0303 896.16486
1425.0303 938.76492

1417.435 987.48175
1417.435 966.40355

1417.435 973.00636
1417.435 984.81522

1425.0439 985.70407
1425.0439 990.40222

1425.0439 990.40222
1425.0439 985.70407

1425.0439 966.40355
1417.435 966.40355

1417.435 966.40355
1425.0439 966.40355

1425.0439 955.6105
1417.435 955.6105

1417.435 955.6105
1425.0439 955.6105

1417.435 949.5156
1425.0439 949.5156

1425.0439 949.5156
1417.435 949.5156

1417.435 949.5156
1417.435 952.0551499999999

1417.435 952.05515
1417.435 949.5156

1417.435 955.6105
1417.435 953.32491

1425.0439 950.27746
1425.0439 954.9756100000001

1425.0439 954.97561
1425.0439 950.2774599999999

1425.0439 949.5156
1425.0439 955.6105

1425.0488 954.78949
1425.0488 967.79212

1423.2763 955.52746
1423.2763 966.3714200000001

1422.1148 955.55758
1422.1148 966.4015400000001

1421.0286 955.55172
1421.0286 966.3956800000001

1419.9971 955.59269
1419.9971 966.43665

1419.2561 955.59269
1419.2561 966.43665

1418.4666 955.51637
1418.4666 966.3603300000001

1424.2389 955.55172
1424.2389 966.3956800000001

1417.435 917.8983
1417.435 938.72255

1417.435 932.24671
1417.435 920.56483

1417.435 938.72255
1425.0439 938.72255

1425.0439 938.72255
1417.435 938.72255

1417.435 916.62853
1417.435 914.08899

1417.435 914.08899
1417.435 902.28013

1469.3548 900.50244
1469.3548 939.0607

1476.9638 968.56217
1476.9638 987.48175

1476.9638 987.48175
1476.9638 968.56217

1469.3548 985.70407
1469.3548 990.40222

1469.3548 990.40222
1469.3548 985.70407

1476.9638 973.00636
1476.9638 984.81522

1476.9638 968.56217
1469.3548 968.56217

1469.3548 968.56217
1476.9638 968.56217

1476.9638 957.76911
1469.3548 957.76911

1469.3548 957.76911
1476.9638 957.76911

1469.3548 949.76955
1476.9638 949.76955

1476.9638 949.76955
1469.3548 949.76955

1469.3548 950.27746
1469.3548 954.9756100000001

1469.3548 957.85384
1469.3548 949.70182

1476.9638 952.05515
1476.9638 949.76955

1476.9638 953.32491
1476.9638 957.7691100000001

1476.9638 957.76911
1476.9638 953.3249099999999

1476.9638 931.99276
1476.9638 920.1839

1469.3548 938.9765
1476.9638 938.9765

1476.9638 938.9765
1469.3548 938.9765

1476.9638 938.9765
1476.9638 931.99276

1476.9638 900.50244
1469.3548 900.50244

1469.3548 900.50244
1476.9638 900.50244

1469.3548 914.97783
1469.3548 919.6759900000001

1469.3548 919.67599
1469.3548 914.9778299999999

1476.9638 916.75551
1476.9638 914.34295

1476.9638 920.1839
1476.9638 918.02528

1476.9638 902.53408
1476.9638 900.50244

1476.9638 902.53408
1476.9638 914.34295

1417.435 847.42603
1417.435 854.02884

1417.435 854.02884
1417.435 847.42603

1425.0439 838.41066
1425.0439 854.0288400000001

1425.0439 854.02884
1425.0439 838.41066

1417.435 867.36142
1417.435 879.1703

1417.435 885.51916
1425.0439 885.51916

1425.0439 885.51916
1417.435 885.51916

1417.435 896.3122
1425.0439 896.3122

1425.0439 896.3122
1417.435 896.3122

1417.435 885.51916
1417.435 882.7256500000001

1417.435 881.45588
1417.435 879.1703

1417.435 864.82189
1425.0439 864.82189

1425.0439 864.82189
1417.435 864.82189

1417.435 854.02884
1425.0439 854.02884

1425.0439 854.02884
1417.435 854.02884

1417.435 867.36142
1417.435 864.8218899999999

1417.435 838.41066
1425.0439 838.41066

1425.0439 838.41066
1417.435 838.41066

1417.435 838.41066
1417.435 846.15626

1417.435 846.15626
1417.435 838.41066

1425.0439 844.50556
1425.0439 849.2036999999999

1425.0439 849.2037
1425.0439 844.5055600000001

1417.435 827.61761
1425.0439 827.61761

1425.0439 827.61761
1417.435 827.61761

1417.435 827.61761
1417.435 826.22086

1417.435 814.41199
1417.435 812.1264

1417.435 810.98361
1417.435 808.57104

1417.435 826.22086
1417.435 814.41199

1425.0439 809.20593
1425.0439 813.90408

1425.0439 813.90408
1425.0439 809.20593

1469.3548 854.53674
1469.3548 843.36277

1476.9638 847.17207
1476.9638 854.53674

1476.9638 867.36142
1476.9638 879.1703

1469.3548 865.32979
1469.3548 889.70939

1476.9638 889.70939
1469.3548 889.70939

1469.3548 889.70939
1476.9638 889.70939

1469.3548 879.80518
1469.3548 884.50334

1469.3548 884.50334
1469.3548 879.80518

1476.9638 881.45588
1476.9638 879.1703

1476.9638 882.72565
1476.9638 889.70939

1476.9638 889.70939
1476.9638 882.72565

1469.3548 865.32979
1476.9638 865.32979

1476.9638 865.32979
1469.3548 865.32979

1476.9638 854.53674
1469.3548 854.53674

1476.9638 867.36142
1476.9638 865.32979

1476.9638 832.56971
1476.9638 826.22086

1469.3548 843.36277
1476.9638 843.36277

1476.9638 843.36277
1469.3548 843.36277

1469.3548 832.56971
1476.9638 832.56971

1476.9638 832.56971
1469.3548 832.56971

1469.3548 844.50556
1469.3548 849.2036999999999

1469.3548 849.2037
1469.3548 844.5055600000001

1469.3548 843.36277
1469.3548 850.6004499999999

1476.9638 846.02928
1476.9638 843.87067

1476.9638 843.87067
1476.9638 843.3627700000001

1469.3548 809.20593
1469.3548 813.90408

1469.3548 813.90408
1469.3548 809.20593

1476.9638 814.41199
1476.9638 812.1264

1476.9638 810.98361
1476.9638 808.57104

1476.9638 826.22086
1476.9638 814.41199

1375.6605 663.56322
1419.5237 663.56322

1417.435 709.52892
1417.435 705.97356

1425.0439 703.05309
1425.0439 707.75125

1425.0439 707.75125
1425.0439 703.05309

1425.0439 709.52892
1425.0439 687.68886

1469.3548 703.05309
1469.3548 707.75125

1469.3548 707.75125
1469.3548 703.05309

1469.3548 703.05309
1469.3548 709.52892

1469.3548 709.52892
1469.3548 703.05309

1476.9638 705.97356
1476.9638 709.52892

1476.9638 709.52892
1476.9638 705.97356

1417.435 755.49462
1417.435 743.81273

1425.0439 759.43092
1425.0439 720.32197

1417.435 782.66771
1417.435 776.8267800000001

1425.0439 782.66771
1425.0439 770.22397

1425.0439 782.66771
1417.435 782.66771

1417.435 782.66771
1425.0439 782.66771

1425.0439 793.46077
1417.435 793.46077

1417.435 793.46077
1425.0439 793.46077

1417.435 796.76217
1417.435 793.46077

1425.0439 770.22397
1417.435 770.22397

1417.435 770.22397
1425.0439 770.22397

1425.0439 759.43092
1417.435 759.43092

1417.435 759.43092
1425.0439 759.43092

1417.435 775.68398
1417.435 770.22397

1417.435 759.43092
1417.435 755.49462

1425.0439 773.9063
1425.0439 778.60445

1425.0439 778.60445
1425.0439 773.9063

1417.435 726.16292
1417.435 737.8448099999999

1417.435 740.25737
1417.435 737.84481

1417.435 743.81273
1417.435 741.40017

1425.0439 738.47969
1425.0439 743.17785

1425.0439 743.17785
1425.0439 738.47969

1417.435 720.32197
1425.0439 720.32197

1425.0439 720.32197
1417.435 720.32197

1417.435 709.52892
1425.0439 709.52892

1425.0439 709.52892
1417.435 709.52892

1417.435 726.16292
1417.435 720.32197

1476.9638 755.49462
1476.9638 743.81273

1469.3548 720.32197
1469.3548 759.43092

1469.3548 759.43092
1469.3548 720.32197

1469.3548 770.22397
1469.3548 782.66771

1469.3548 782.66771
1469.3548 770.22397

1476.9638 776.82678
1476.9638 782.6677099999999

1476.9638 782.66771
1476.9638 776.8267800000001

1476.9638 793.46077
1469.3548 793.46077

1469.3548 793.46077
1476.9638 793.46077

1476.9638 782.66771
1469.3548 782.66771

1469.3548 782.66771
1476.9638 782.66771

1476.9638 796.76217
1476.9638 793.46077

1476.9638 770.22397
1469.3548 770.22397

1469.3548 770.22397
1476.9638 770.22397

1476.9638 759.43092
1469.3548 759.43092

1469.3548 759.43092
1476.9638 759.43092

1469.3548 773.9063
1469.3548 778.60445

1469.3548 778.60445
1469.3548 773.9063

1476.9638 770.22397
1476.9638 775.68398

1476.9638 775.68398
1476.9638 770.22397

1476.9638 755.49462
1476.9638 759.43092

1476.9638 726.16292
1476.9638 737.8448099999999

1469.3548 738.47969
1469.3548 743.17785

1469.3548 743.17785
1469.3548 738.47969

1476.9638 740.25737
1476.9638 737.84481

1476.9638 743.81273
1476.9638 741.40017

1476.9638 720.32197
1469.3548 720.32197

1469.3548 720.32197
1476.9638 720.32197

1476.9638 709.52892
1469.3548 709.52892

1469.3548 709.52892
1476.9638 709.52892

1476.9638 726.16292
1476.9638 720.32197

1430.5641 675.62605
1425.0439000000001 675.62605

1430.5641 676.89581
1417.435 676.89581

1425.0439 663.56322
1434.8908 663.56322

1425.0439 668.26137
1434.8908 668.26137

1417.435 687.68886
1425.0439 687.68886

1425.0439 687.68886
1417.435 687.68886

1417.435 704.83077
1417.435 702.41821

1417.435 690.73631
1417.435 687.68886

1417.435 690.73631
1417.435 702.41821

1425.0439 663.56322
1419.5237 663.56322

1417.435 676.89581
1417.435 668.2613699999999

1425.0439 676.89581
1425.0439 676.89581

1425.0439 675.62605
1425.0439 668.2613699999999

1430.5641 676.89581
1430.5641 675.62605

1434.8908 668.26137
1434.8908 663.56322

1469.3548 633.08872
1469.3548 663.56322

1470.25 633.08872
1470.25 663.56322

1458.6128 663.56322
1469.3548 663.56322

1458.6128 668.26137
1469.3548 668.26137

1458.6128 668.26137
1458.6128 663.56322

1470.25 703.05309
1474.8751 703.05309

1470.25 691.11725
1469.3548 691.11725

1469.3548 691.11725
1470.25 691.11725

1469.3548 691.11725
1469.3548 703.05309

1469.3548 703.05309
1469.3548 691.11725

1474.8751 703.05309
1476.9638 703.05309

1476.9638 703.05309
1476.9638 704.83077

1476.9638 704.83077
1476.9638 703.05309

1470.25 691.11725
1470.25 703.05309

1470.25 703.05309
1470.25 691.11725

1470.25 680.19721
1469.3548 680.19721

1469.3548 680.19721
1470.25 680.19721

1470.25 673.46743
1474.8751 673.46743

1463.8346 676.89581
1463.8346 675.62605

1469.3548 673.46743
1469.3548 675.6260500000001

1469.3548 675.62605
1469.3548 668.2613699999999

1469.3548 676.89581
1469.3548 680.1972099999999

1463.8346 675.62605
1469.3547999999998 675.62605

1463.8346 676.89581
1469.3547999999998 676.89581

1470.25 673.46743
1470.25 680.19721

1470.25 680.19721
1470.25 673.46743

1470.25 663.56322
1474.8751 663.56322

1474.8751 669.40417
1474.8751 673.46743

1469.3548 626.99382
1470.25 626.99382

1469.3548 626.99382
1470.25 626.99382

1470.25 633.08872
1474.8751 633.08872

1470.25 628.39057
1474.8751 628.39057

1469.3548 616.20077
1470.25 616.20077

1469.3548 616.20077
1470.25 616.20077

1469.3548 612.89936
1470.25 612.89936

1469.3548 628.39057
1469.3548 626.99382

1469.3548 628.39057
1469.3548 633.0887200000001

1469.3548 616.20077
1469.3548 612.89936

1470.25 628.39057
1470.25 626.99382

1474.8751 631.31104
1474.8751 633.0887200000001

1470.25 613.66122
1470.25 612.89936

1470.25 616.20077
1470.25 614.80402

1561.408 993.44966
1561.408 1017.5753

1554.5451 1017.5753
1554.5451 993.44966

1507.8471 1089.4443
1551.8596 1089.4443

1507.8471 1097.6979
1561.408 1097.6979

1479.6493 1097.6979
1479.6493 1089.4442999999999

1479.6493 1097.6979
1479.6493 1089.4442999999999

1507.8471 1097.6979
1507.8471 1089.4442999999999

1507.8471 1097.6979
1507.8471 1089.4442999999999

1479.6493 1097.6979
1507.8471 1097.6979

1479.6493 1091.8569
1507.8471 1091.8569

1561.408 1097.6979
1561.408 1088.1744999999999

1561.408 1028.7493
1561.408 1052.875

1554.5451 1052.875
1554.5451 1028.7493

1561.408 1088.1745
1551.8596 1088.1745

1561.408 1088.1745
1551.8596 1088.1745

1561.408 1064.0489
1551.8596 1064.0489

1561.408 1064.0489
1551.8596 1064.0489

1561.408 1052.875
1551.8596 1052.875

1561.408 1052.875
1551.8596 1052.875

1554.5451 1088.1745
1554.5451 1064.0489

1551.8596 1089.4443
1551.8596 1088.1745

1551.8596 1064.0489
1551.8596 1060.1126

1551.8596 1058.9699
1551.8596 1052.875

1561.408 1064.0489
1561.408 1088.1745

1561.408 1064.0489
1561.408 1052.875

1561.408 1028.7493
1551.8596 1028.7493

1561.408 1028.7493
1551.8596 1028.7493

1561.408 1017.5753
1551.8596 1017.5753

1561.408 1017.5753
1551.8596 1017.5753

1551.8596 1022.9084
1551.8596 1017.5753000000001

1551.8596 1028.7493
1551.8596 1024.0511

1561.408 1028.7493
1561.408 1017.5753

1561.408 781.6519
1561.408 805.7775399999999

1554.5451 805.77754
1554.5451 781.6519

1561.408 887.55079
1561.408 911.67643

1554.5451 911.67643
1554.5451 887.55079

1551.8596 952.05515
1551.8596 946.9760600000001

1561.408 958.15004
1561.408 946.97606

1561.408 993.44966
1551.8596 993.44966

1561.408 993.44966
1551.8596 993.44966

1561.408 982.27568
1551.8596 982.27568

1561.408 982.27568
1551.8596 982.27568

1561.408 958.15004
1551.8596 958.15004

1561.408 958.15004
1551.8596 958.15004

1554.5451 982.27568
1554.5451 958.15004

1551.8596 993.44966
1551.8596 988.62454

1551.8596 987.48175
1551.8596 982.2756800000001

1551.8596 958.15004
1551.8596 953.32491

1561.408 958.15004
1561.408 982.27568

1561.408 993.44966
1561.408 982.27568

1561.408 946.97606
1551.8596 946.97606

1561.408 946.97606
1551.8596 946.97606

1561.408 922.85041
1551.8596 922.85041

1561.408 922.85041
1551.8596 922.85041

1561.408 911.67643
1551.8596 911.67643

1561.408 911.67643
1551.8596 911.67643

1554.5451 946.97606
1554.5451 922.85041

1551.8596 922.85041
1551.8596 918.0252800000001

1551.8596 916.75551
1551.8596 911.67643

1561.408 946.97606
1561.408 922.85041

1561.408 922.85041
1561.408 911.67643

1551.8596 852.25116
1551.8596 847.1720700000001

1561.408 852.25116
1561.408 841.07717

1561.408 887.55079
1551.8596 887.55079

1561.408 887.55079
1551.8596 887.55079

1561.408 876.37681
1551.8596 876.37681

1561.408 876.37681
1551.8596 876.37681

1561.408 852.25116
1551.8596 852.25116

1561.408 852.25116
1551.8596 852.25116

1554.5451 876.37681
1554.5451 852.25116

1551.8596 887.55079
1551.8596 882.72565

1551.8596 881.45588
1551.8596 876.37681

1561.408 852.25116
1561.408 876.37681

1561.408 887.55079
1561.408 876.37681

1561.408 841.07717
1551.8596 841.07717

1561.408 841.07717
1551.8596 841.07717

1561.408 816.95152
1551.8596 816.95152

1561.408 816.95152
1551.8596 816.95152

1561.408 805.77754
1551.8596 805.77754

1561.408 805.77754
1551.8596 805.77754

1554.5451 841.07717
1554.5451 816.95152

1551.8596 846.02928
1551.8596 841.07717

1551.8596 810.98361
1551.8596 805.77754

1551.8596 816.95152
1551.8596 812.1264

1561.408 816.95152
1561.408 841.0771699999999

1561.408 816.95152
1561.408 805.77754

1540.9683 631.31104
1543.5047 631.31104

1540.9683 630.16824
1543.5047 630.16824

1527.9884 650.86551
1543.5047 650.86551

1509.7866 652.00831
1543.5047 652.00831

1508.4438 614.80402
1511.1293 614.80402

1508.4438 613.66122
1509.7866 613.66122

1493.5243 668.6423
1543.5047 668.6423

1480.8428 669.40417
1480.8428 668.6423

1493.5243 669.40417
1493.5243 668.6423

1495.1655 613.66122
1497.105 613.66122

1497.105 613.66122
1497.105 614.8040199999999

1508.4438 613.66122
1508.4438 614.8040199999999

1509.7866 652.00831
1509.7866 631.31104

1525.0045 630.16824
1529.6295 630.16824

1525.0045 631.31104
1526.6456 631.31104

1511.1293 650.86551
1526.6456 650.86551

1511.1293 650.86551
1511.1293 631.31104

1511.1293 631.31104
1513.6657 631.31104

1513.6657 630.16824
1513.6657 631.3110399999999

1525.0045 630.16824
1525.0045 631.3110399999999

1527.9884 631.31104
1527.9884 650.8655100000001

1526.6456 631.31104
1526.6456 650.8655100000001

1527.9884 631.31104
1529.6295 631.31104

1529.6295 630.16824
1529.6295 631.3110399999999

1540.9683 630.16824
1540.9683 631.3110399999999

1551.8596 711.05265
1551.8596 705.97356

1561.408 711.05265
1561.408 699.87867

1561.408 746.35227
1561.408 770.4779199999999

1554.5451 770.47792
1554.5451 746.35227

1561.408 781.6519
1551.8596 781.6519

1561.408 781.6519
1551.8596 781.6519

1561.408 770.47792
1551.8596 770.47792

1561.408 770.47792
1551.8596 770.47792

1551.8596 781.6519
1551.8596 776.82678

1551.8596 775.68398
1551.8596 770.47792

1561.408 781.6519
1561.408 770.47792

1561.408 746.35227
1551.8596 746.35227

1561.408 746.35227
1551.8596 746.35227

1561.408 735.17829
1551.8596 735.17829

1561.408 735.17829
1551.8596 735.17829

1561.408 711.05265
1551.8596 711.05265

1561.408 711.05265
1551.8596 711.05265

1554.5451 735.17829
1554.5451 711.05265

1551.8596 740.25737
1551.8596 735.1782900000001

1551.8596 746.35227
1551.8596 741.40017

1561.408 711.05265
1561.408 735.17829

1561.408 746.35227
1561.408 735.17829

1543.5047 652.51621
1543.5047 661.91252

1553.2023 652.51621
1553.2023 661.91252

1561.408 699.87867
1551.8596 699.87867

1561.408 699.87867
1551.8596 699.87867

1561.408 675.75302
1551.8596 675.75302

1561.408 675.75302
1551.8596 675.75302

1561.408 666.10277
1553.2023 666.10277

1554.5451 699.87867
1554.5451 675.75302

1551.8596 704.83077
1551.8596 699.87867

1551.8596 674.35628
1543.5047 674.35628

1553.2023 661.91252
1543.5047 661.91252

1553.2023 661.91252
1543.5047 661.91252

1543.5047 668.6423
1543.5047 661.91252

1543.5047 674.35628
1543.5047 669.40417

1551.8596 675.75302
1551.8596 674.35628

1553.2023 666.10277
1553.2023 661.91252

1561.408 675.75302
1561.408 699.8786699999999

1561.408 675.75302
1561.408 666.10277

1543.5047 634.8664
1543.5047 644.2627

1553.2023 634.8664
1553.2023 644.2627

1553.2023 644.2627
1543.5047 644.2627

1553.2023 644.2627
1543.5047 644.2627

1553.2023 652.51621
1543.5047 652.51621

1553.2023 652.51621
1543.5047 652.51621

1543.5047 652.51621
1543.5047 652.00831

1543.5047 650.86551
1543.5047 644.2627

1553.2023 652.51621
1553.2023 644.2627

1553.2023 626.61289
1543.5047 626.61289

1553.2023 626.61289
1543.5047 626.61289

1553.2023 634.8664
1543.5047 634.8664

1553.2023 634.8664
1543.5047 634.8664

1553.2023 617.21659
1543.5047 617.21659

1553.2023 617.21659
1543.5047 617.21659

1543.5047 634.8664
1543.5047 631.31104

1543.5047 630.16824
1543.5047 626.61289

1543.5047 613.7882
1543.5047 613.7882

1543.5047 612.51843
1543.5047 612.51843

1543.5047 612.51843
1543.5047 613.7882

1543.5047 617.21659
1543.5047 626.61289

1553.2023 634.8664
1553.2023 626.61289

1553.2023 617.21659
1553.2023 626.61289

1470.25 603.24911
1493.8228 603.24911

1470.25 601.97934
1493.8228 601.97934

1470.25 575.94904
1497.105 575.94904

1470.25 577.21881
1493.8228 577.21881

1476.9638 272.85475
1551.8596 272.85475

1476.9638 272.09289
1551.8596 272.09289

1476.9638 237.93606
1551.8596 237.93606

1476.9638 237.1742
1551.8596 237.1742

1476.9638 343.58098
1551.8596 343.58098

1476.9638 342.81912
1551.8596 342.81912

1476.9638 378.88061
1551.8596 378.88061

1476.9638 378.11874
1551.8596 378.11874

1476.9638 414.18024
1551.8596 414.18024

1476.9638 413.2914
1551.8596 413.2914

1476.9638 449.47987
1551.8596 449.47987

1476.9638 448.59103
1551.8596 448.59103

1476.9638 484.77949
1551.8596 484.77949

1476.9638 483.89066
1551.8596 483.89066

1474.8751 308.28136
1551.8596 308.28136

1474.8751 307.51949
1551.8596 307.51949

1474.8751 202.76341
1551.8596 202.76341

1474.8751 202.00154
1551.8596 202.00154

1474.8751 131.9102
1486.2139 131.9102

1474.8751 131.14834
1486.2139 131.14834

1476.9638 65.882119
1479.6493 65.882119

1461.2983 57.628609
1479.6493 57.628609

1474.8751 167.08284
1551.8596 167.08284

1469.3548 218.76251
1469.3548 235.01558

1469.3548 235.01558
1469.3548 218.76251

1476.9638 222.69881
1476.9638 234.50767000000002

1342.5392 526.17402
1359.6965 526.17402

1342.5392 520.33307
1359.6965 520.33307

1342.5392 237.04722
1403.8582999999999 237.04722

1342.5392 237.80908
1403.8582999999999 237.80908

1342.5392 379.64248
1417.435 379.64248

1342.5392 378.88061
1417.2857999999999 378.88061

1342.5392 449.35289
1417.435 449.35289

1342.5392 450.24173
1419.5237 450.24173

1342.5392 413.92629
1417.435 413.92629

1342.5392 414.81513
1417.435 414.81513

1419.5237 307.39252
1342.5392 307.39252

1419.5237 308.15438
1342.5392 308.15438

1332.8415 419.64025
1332.8415 408.46627

1342.5392 419.64025
1342.5392 414.81512999999995

1332.8415 514.36516
1332.8415 490.23951

1339.8536 490.23951
1339.8536 514.36516

1332.8415 514.36516
1342.5392 514.36516

1332.8415 514.36516
1342.5392 514.36516

1342.5392 529.09449
1342.5392 526.1740199999999

1342.5392 520.33307
1342.5392 514.3651600000001

1339.8536 454.93988
1339.8536 478.93854

1332.8415 478.93854
1332.8415 454.93988

1332.8415 490.23951
1342.5392 490.23951

1332.8415 490.23951
1342.5392 490.23951

1332.8415 478.93854
1342.5392 478.93854

1332.8415 478.93854
1342.5392 478.93854

1332.8415 490.23951
1332.8415 478.93854

1342.5392 490.23951
1342.5392 478.93854

1332.8415 454.93988
1342.5392 454.93988

1332.8415 454.93988
1342.5392 454.93988

1332.8415 443.7659
1342.5392 443.7659

1332.8415 443.7659
1342.5392 443.7659

1332.8415 419.64025
1342.5392 419.64025

1332.8415 419.64025
1342.5392 419.64025

1332.8415 443.7659
1332.8415 419.64025

1332.8415 454.93988
1332.8415 443.7659

1339.8536 419.64025
1339.8536 443.7659

1342.5392 449.35289
1342.5392 443.7659

1342.5392 454.93988
1342.5392 450.24173

1332.8415 337.994
1332.8415 313.86835

1339.8536 313.86835
1339.8536 337.994

1332.8415 373.29362
1332.8415 349.16798

1339.8536 349.16798
1339.8536 373.29362

1332.8415 408.46627
1342.5392 408.46627

1332.8415 408.46627
1342.5392 408.46627

1332.8415 384.4676
1342.5392 384.4676

1332.8415 384.4676
1342.5392 384.4676

1332.8415 373.29362
1342.5392 373.29362

1332.8415 373.29362
1342.5392 373.29362

1332.8415 408.46627
1332.8415 384.4676

1332.8415 384.4676
1332.8415 373.29362

1339.8536 384.4676
1339.8536 408.46627

1342.5392 413.92629
1342.5392 408.46627

1342.5392 378.88061
1342.5392 373.29362

1342.5392 384.4676
1342.5392 379.64248

1332.8415 349.16798
1342.5392 349.16798

1332.8415 349.16798
1342.5392 349.16798

1332.8415 337.994
1342.5392 337.994

1332.8415 337.994
1342.5392 337.994

1332.8415 349.16798
1332.8415 337.994

1342.5392 349.16798
1342.5392 337.994

1332.8415 278.56872
1332.8415 267.39473

1342.5392 278.56872
1342.5392 267.39473

1332.8415 313.86835
1342.5392 313.86835

1332.8415 313.86835
1342.5392 313.86835

1332.8415 302.69436
1342.5392 302.69436

1332.8415 302.69436
1342.5392 302.69436

1332.8415 278.56872
1342.5392 278.56872

1332.8415 278.56872
1342.5392 278.56872

1332.8415 302.69436
1332.8415 278.56872

1332.8415 313.86835
1332.8415 302.69436

1339.8536 278.56872
1339.8536 302.69435999999996

1342.5392 307.39252
1342.5392 302.69436

1342.5392 313.86835
1342.5392 308.15438

1332.8415 267.39473
1342.5392 267.39473

1332.8415 267.39473
1342.5392 267.39473

1332.8415 243.26909
1342.5392 243.26909

1332.8415 243.26909
1342.5392 243.26909

1332.8415 228.03185
1342.5392 228.03185

1332.8415 267.39473
1332.8415 243.26909

1332.8415 243.26909
1332.8415 228.03185

1339.8536 243.26909
1339.8536 267.39473

1342.5392 243.26909
1342.5392 237.80908

1342.5392 237.04722
1342.5392 228.03185000000002

1410.2737 526.17402
1419.5237 526.17402

1410.2737 519.19028
1419.5237 519.19028

1417.435 484.01763
1386.4025 484.01763

1422.9552 497.60418
1388.4912000000002 497.60418

1388.4912 519.19028
1388.4912 497.60418000000004

1386.4025 520.33307
1386.4025 484.01763

1359.6965 520.33307
1359.6965 526.17402

1359.6965 526.17402
1359.6965 520.33307

1386.4025 526.17402
1397.7413 526.17402

1388.4912 519.19028
1397.7413 519.19028

1383.7169 526.17402
1386.4025 526.17402

1383.7169 520.33307
1386.4025 520.33307

1383.7169 520.33307
1383.7169 526.17402

1383.7169 526.17402
1383.7169 520.33307

1397.7413 526.17402
1397.7413 519.19028

1397.7413 526.17402
1397.7413 519.19028

1410.2737 526.17402
1410.2737 519.19028

1410.2737 526.17402
1410.2737 519.19028

1425.0439 515.88888
1425.0439 505.09582

1425.0439 505.09582
1425.0439 520.33307

1422.9552 515.88888
1422.9552 497.60418

1469.3548 520.33307
1469.3548 505.09582

1470.25 515.88888
1470.25 501.15954

1425.0439 526.17402
1434.4432 526.17402

1425.0439 520.33307
1434.4432 520.33307

1419.5237 526.17402
1425.0439 526.17402

1419.5237 515.88888
1422.9551999999999 515.88888

1419.5237 515.88888
1419.5237 519.1902799999999

1425.0439 520.33307
1425.0439 526.17402

1425.0439 526.17402
1425.0439 520.33307

1434.4432 520.33307
1434.4432 526.17402

1469.3548 557.79132
1469.3548 562.48946

1469.3548 603.24911
1470.25 603.24911

1470.25 589.53558
1469.3548 589.53558

1470.25 592.45606
1474.8751 592.45606

1470.25 598.29701
1474.8751 598.29701

1469.3548 592.45606
1469.3548 589.53558

1467.8629 592.45606
1467.8629 598.29701

1469.3548 603.24911
1469.3548 598.29701

1470.25 592.45606
1470.25 589.53558

1474.8751 596.01141
1474.8751 594.86862

1474.8751 592.45606
1474.8751 598.29701

1470.25 601.97934
1470.25 598.29701

1470.25 578.74253
1469.3548 578.74253

1469.3548 563.25132
1470.25 563.25132

1469.3548 574.04438
1470.25 574.04438

1470.25 562.48946
1474.8751 562.48946

1469.3548 563.25132
1469.3548 562.48946

1469.3548 578.74253
1469.3548 574.1713599999999

1470.25 578.74253
1470.25 577.21881

1470.25 564.01319
1470.25 562.48946

1470.25 574.04438
1470.25 575.9490400000001

1458.3144 526.17402
1469.3548 526.17402

1458.3144 520.33307
1469.3548 520.33307

1458.3144 520.33307
1458.3144 526.17402

1470.25 526.17402
1474.8751 526.17402

1470.25 515.88888
1474.8751 515.88888

1474.8751 519.44423
1474.8751 526.1740199999999

1417.435 469.92317
1417.435 464.8441

1425.0439 464.8441
1425.0439 482.23996

1425.0439 482.23996
1425.0439 464.8441

1430.5641 503.82605
1425.0439000000001 503.82605

1430.5641 505.09582
1425.0439000000001 505.09582

1425.0439 503.82605
1425.0439 486.9381

1417.435 481.60507
1417.435 484.01763

1417.435 481.60507
1417.435 469.92317

1425.0439 482.23996
1425.0439 486.9381

1425.0439 486.9381
1425.0439 482.23996

1430.5641 503.82605
1430.5641 505.09582

1417.435 446.30543
1417.435 434.62355

1425.0439 446.94033
1425.0439 428.14771

1424.1487 451.63848
1419.5237 451.63848

1417.435 464.8441
1425.0439 464.8441

1417.435 446.30543
1417.435 449.35289

1419.5237 450.24173
1419.5237 451.63848

1424.1487 454.05104
1425.0439 454.05104

1424.1487 454.05104
1425.0439 454.05104

1425.0439 446.94033
1425.0439 451.63848

1425.0439 451.63848
1425.0439 446.94033

1425.0439 451.63848
1425.0439 454.05104

1425.0439 454.05104
1425.0439 451.63848

1424.1487 451.63848
1424.1487 454.05104

1424.1487 454.05104
1424.1487 451.63848

1425.0439 428.14771
1417.435 428.14771

1417.435 434.62355
1417.435 428.14771

1424.1487 428.14771
1425.0439 428.14771

1476.9638 470.43108
1476.9638 463.95526

1469.3548 470.43108
1469.3548 451.63848

1469.3548 486.9381
1469.3548 490.23951

1469.3548 490.23951
1469.3548 486.9381

1470.25 487.57299
1470.25 490.23951

1470.25 501.15954
1469.3548 501.15954

1470.25 490.23951
1469.3548 490.23951

1470.25 501.15954
1469.3548 501.15954

1470.25 490.23951
1469.3548 490.23951

1463.8346 503.82605
1463.8346 505.09582

1469.3548 503.82605
1469.3548 501.15954

1463.8346 503.82605
1469.3547999999998 503.82605

1463.8346 505.09582
1469.3547999999998 505.09582

1469.3548 481.22414
1476.9638 481.22414

1469.3548 470.43108
1476.9638 470.43108

1469.3548 486.9381
1469.3548 482.23996

1469.3548 482.23996
1469.3548 486.9381

1469.3548 482.23996
1469.3548 481.22414

1476.9638 483.89066
1476.9638 481.22414000000003

1476.9638 487.57299
1476.9638 484.77949

1470.25 487.57299
1476.9638 487.57299

1476.9638 434.36959
1476.9638 446.05148

1469.3548 446.94033
1469.3548 428.14771

1469.3548 446.94033
1469.3548 451.63848

1469.3548 451.63848
1469.3548 446.94033

1476.9638 452.27336
1476.9638 449.47987

1476.9638 448.59103
1476.9638 446.05147999999997

1476.9638 463.95526
1476.9638 452.27336

1469.3548 428.14771
1476.9638 428.14771

1476.9638 428.14771
1476.9638 434.36959

1403.8583 237.04722
1403.8583 237.80908000000002

1417.435 399.57788
1417.435 393.22902

1425.0439 380.78527
1425.0439 399.57788000000005

1424.1487 399.57788
1417.435 399.57788

1417.435 410.87883
1424.1487 410.87883

1417.435 416.84676
1424.1487 416.84676

1417.435 410.87883
1417.435 413.92629

1417.435 414.81513
1417.435 416.84676

1425.0439 410.37092
1425.0439 411.51372000000003

1424.1487 410.37092
1425.0439 410.37092

1424.1487 410.87883
1424.1487 410.37092

1425.0439 411.51372
1425.0439 416.21187

1425.0439 416.21187
1425.0439 411.51372

1424.1487 416.84676
1424.1487 417.35467

1425.0439 416.21187
1425.0439 417.35467

1425.0439 417.35467
1425.0439 416.21187

1424.1487 417.35467
1425.0439 417.35467

1424.1487 399.57788
1425.0439 399.57788

1424.1487 375.19828
1417.2857999999999 375.19828

1417.435 393.22902
1417.435 381.42016

1417.2858 375.19828
1417.2858 378.88061

1417.435 379.64248
1417.435 381.42015999999995

1425.0439 375.19828
1425.0439 376.08711

1424.1487 375.19828
1425.0439 375.19828

1425.0439 376.08711
1425.0439 375.19828

1425.0439 376.08711
1425.0439 380.78526999999997

1425.0439 380.78527
1425.0439 376.08711000000005

1425.0439 391.95925
1425.0439 380.78527

1417.435 340.27958
1417.435 346.37448

1425.0439 340.78749
1425.0439 345.48563

1425.0439 345.48563
1425.0439 340.78749

1424.1487 364.40523
1417.435 364.40523

1417.435 364.40523
1417.435 358.05637

1417.435 346.37448
1417.435 358.05637

1424.1487 364.40523
1425.0439 364.40523

1425.0439 364.40523
1425.0439 345.48563

1425.0439 345.48563
1425.0439 364.40523

1425.0439 323.26465
1417.435 323.26465

1417.435 323.26465
1417.435 328.47071

1417.435 328.47071
1417.435 340.27958

1425.0439 342.31121
1425.0439 343.20005000000003

1425.0439 343.20005
1425.0439 342.31120999999996

1425.0439 323.26465
1425.0439 340.78749

1425.0439 340.78749
1425.0439 323.26465

1476.9638 393.22902
1476.9638 399.57788

1469.3548 380.78527
1469.3548 399.57788000000005

1469.3548 417.35467
1476.9638 417.35467

1476.9638 410.37092
1469.3548 410.37092

1469.3548 399.57788
1476.9638 399.57788

1469.3548 411.51372
1469.3548 416.21187

1469.3548 416.21187
1469.3548 411.51372

1469.3548 410.37092
1469.3548 411.51372000000003

1469.3548 411.51372
1469.3548 410.37091999999996

1469.3548 417.35467
1469.3548 416.21187

1476.9638 413.2914
1476.9638 410.37092

1476.9638 417.35467
1476.9638 414.18024

1476.9638 375.0713
1469.3548 375.0713

1469.3548 375.0713
1469.3548 376.08711

1469.3548 376.08711
1469.3548 380.78526999999997

1469.3548 380.78527
1469.3548 376.08711000000005

1469.3548 383.57876
1469.3548 380.78526999999997

1476.9638 393.22902
1476.9638 381.42016

1476.9638 378.11874
1476.9638 375.0713

1476.9638 381.42016
1476.9638 378.88061

1469.3548 340.78749
1469.3548 345.48563

1469.3548 345.48563
1469.3548 340.78749

1476.9638 346.12053
1476.9638 343.58097999999995

1469.3548 364.15127
1476.9638 364.15127

1469.3548 345.48563
1469.3548 364.15127

1476.9638 364.15127
1476.9638 357.92939

1476.9638 357.92939
1476.9638 346.12053

1469.3548 323.26465
1476.9638 323.26465

1469.3548 342.31121
1469.3548 343.20005000000003

1469.3548 343.20005
1469.3548 342.31120999999996

1469.3548 323.26465
1469.3548 340.78749

1469.3548 340.78749
1469.3548 323.26465

1476.9638 342.81912
1476.9638 340.27958

1476.9638 328.47071
1476.9638 323.26465

1476.9638 328.47071
1476.9638 340.27958

1417.435 275.39429
1417.435 269.55334

1425.0439 270.06125
1425.0439 274.88638

1425.0439 274.88638
1425.0439 270.06125

1424.1487 310.05903
1419.5237 310.05903

1424.1487 305.36089
1419.5237 305.36089

1419.5237 305.36089
1419.5237 307.39252

1419.5237 310.05903
1419.5237 308.15438

1424.1487 312.4716
1425.0439 312.4716

1424.1487 312.4716
1425.0439 312.4716

1425.0439 310.05903
1425.0439 312.4716

1425.0439 312.4716
1425.0439 310.05903

1424.1487 310.05903
1424.1487 312.4716

1424.1487 312.4716
1424.1487 310.05903

1424.1487 303.32924
1425.0439 303.32924

1424.1487 303.32924
1425.0439 303.32924

1425.0439 303.32924
1425.0439 305.36089000000004

1425.0439 305.36089
1425.0439 303.32923999999997

1424.1487 303.32924
1424.1487 305.36089000000004

1424.1487 305.36089
1424.1487 303.32923999999997

1425.0439 305.36089
1425.0439 310.05903

1425.0439 310.05903
1425.0439 305.36089

1425.0439 292.5362
1417.435 292.5362

1417.435 287.20317
1417.435 292.5362

1417.435 287.20317
1417.435 275.39429

1425.0439 274.88638
1425.0439 292.5362

1425.0439 292.5362
1425.0439 274.88638

1417.435 257.74448
1417.435 237.80908

1425.0439 270.06125
1425.0439 239.71373

1425.0439 239.71373
1425.0439 270.06125

1417.435 257.74448
1417.435 269.55334

1419.5237 235.01558
1425.0439 235.01558

1425.0439 235.01558
1419.5237 235.01558

1416.5398 237.80908
1417.435 237.80908

1416.5398 237.04722
1416.5398 237.80908000000002

1416.5398 237.04722
1419.5237 237.04722

1419.5237 235.01558
1419.5237 237.04722

1425.0439 235.01558
1425.0439 239.71373

1425.0439 239.71373
1425.0439 235.01558

1469.3548 268.41055
1469.3548 274.88638

1469.3548 274.88638
1469.3548 270.06125

1470.25 312.34463
1469.3548 312.34463

1469.3548 312.34463
1470.25 312.34463

1470.25 310.05903
1474.8751 310.05903

1470.25 302.31343
1469.3548 302.31343

1470.25 302.31343
1469.3548 302.31343

1470.25 305.36089
1474.8751 305.36089

1469.3548 310.05903
1469.3548 312.34463

1469.3548 312.34463
1469.3548 310.05903

1469.3548 302.31343
1469.3548 305.36089

1469.3548 305.36089
1469.3548 302.31343

1469.3548 305.36089
1469.3548 310.05903

1469.3548 310.05903
1469.3548 305.36089

1470.25 310.05903
1470.25 312.34463

1470.25 312.34463
1470.25 310.05903

1470.25 302.31343
1470.25 305.36089

1470.25 305.36089
1470.25 302.31343

1474.8751 305.36089
1474.8751 307.51948999999996

1474.8751 310.05903
1474.8751 308.28136

1469.3548 291.3934
1476.9638 291.3934

1469.3548 274.88638
1469.3548 291.3934

1469.3548 291.3934
1469.3548 274.88638

1476.9638 287.20317
1476.9638 291.3934

1476.9638 275.39429
1476.9638 272.85475

1476.9638 287.20317
1476.9638 275.39429

1469.3548 257.6175
1469.3548 239.71373

1476.9638 253.68122
1476.9638 241.99931999999998

1470.25 268.41055
1469.3548 268.41055

1470.25 268.41055
1469.3548 268.41055

1469.3548 257.6175
1476.9638 257.6175

1476.9638 272.09289
1476.9638 268.41055

1470.25 268.41055
1476.9638 268.41055

1476.9638 253.68122
1476.9638 257.6175

1469.3548 235.01558
1469.3548 239.71373

1469.3548 239.71373
1469.3548 235.01558

1476.9638 241.99932
1476.9638 237.93606

1476.9638 237.1742
1476.9638 234.50767000000002

1342.5392 131.27531
1417.435 131.27531

1342.5392 130.51346
1419.5237 130.51346

1332.8415 57.628609
1386.4025 57.628609

1342.5392 65.882119
1386.4025 65.882119

1342.5392 202.00154
1404.0075 202.00154

1342.5392 202.76341
1404.0075 202.76341

1332.8415 137.75115
1332.8415 126.45018

1342.5392 130.51346
1342.5392 126.45018

1332.8415 173.17775
1332.8415 197.17641

1332.8461 204.19785
1332.8461 228.19652

1339.8536 173.17775
1339.8536 197.17641

1332.8415 204.41411
1342.5392 204.41411

1332.8415 197.17641
1342.5392 197.17641

1332.8415 197.17641
1342.5392 197.17641

1332.8415 204.41411
1332.8415 197.17641

1342.5392 202.00154
1342.5392 197.17641

1342.5392 204.41411
1342.5392 202.76341

1332.8415 173.17775
1342.5392 173.17775

1332.8415 173.17775
1342.5392 173.17775

1332.8415 161.87679
1342.5392 161.87679

1332.8415 161.87679
1342.5392 161.87679

1332.8415 137.75115
1342.5392 137.75115

1332.8415 137.75115
1342.5392 137.75115

1332.8415 137.75115
1332.8415 161.87679

1332.8415 173.17775
1332.8415 161.87679

1339.8536 137.75115
1339.8536 161.87679

1342.5392 173.17775
1342.5392 161.87679

1342.5392 137.75115
1342.5392 131.27531

1332.8415 67.024911
1332.8415 91.150557

1339.8536 67.024911
1339.8536 91.150557

1332.8415 126.45018
1342.5392 126.45018

1332.8415 126.45018
1342.5392 126.45018

1332.8415 102.32455
1342.5392 102.32455

1332.8415 102.32455
1342.5392 102.32455

1332.8415 91.150557
1342.5392 91.150557

1332.8415 91.150557
1342.5392 91.150557

1332.8415 102.32455
1332.8415 126.45018

1332.8415 102.32455
1332.8415 91.150557

1339.7045 102.32455
1339.7045 126.45018

1342.5392 102.32455
1342.5392 91.150557

1332.8415 67.024911
1342.5392 67.024911

1332.8415 67.024911
1342.5392 67.024911

1332.8415 67.024911
1332.8415 57.628609

1342.5392 67.024911
1342.5392 65.882119

1386.4025 57.628609
1414.7495 57.628609

1414.7495 63.596535
1386.4025 63.596535

1404.0075 202.76341
1404.0075 202.00154

1386.4025 57.628609
1386.4025 65.882119

1386.4025 57.628609
1386.4025 65.882119

1417.435 181.43126
1417.435 169.62239

1425.0439 199.96991
1425.0439 169.11448

1425.0439 169.11448
1425.0439 199.96990999999997

1425.0439 199.96991
1425.0439 204.66806

1425.0439 204.66806
1425.0439 199.96991

1419.5237 202.76341
1419.5237 204.66806

1417.435 202.00154
1417.435 181.43126

1419.5237 204.66806
1425.0439 204.66806

1425.0439 204.66806
1419.5237 204.66806

1416.689 202.00154
1417.4350000000002 202.00154

1416.689 202.76341
1416.689 202.00154

1416.689 202.76341
1419.5237000000002 202.76341

1417.435 151.97257
1417.435 163.78144

1425.0439 145.7507
1425.0439 164.41633

1425.0439 164.41633
1425.0439 145.7507

1417.435 169.62239
1417.435 163.78144

1425.0439 164.41633
1425.0439 169.11448

1425.0439 169.11448
1425.0439 164.41633

1424.1487 146.13163
1417.435 146.13163

1419.5237 129.24369
1425.0439 129.24369

1425.0439 129.24369
1419.5237 129.24369

1425.0439 134.95764
1417.435 134.95764

1417.435 134.95764
1425.0439 134.95764

1417.435 151.97257
1417.435 146.25860999999998

1417.435 134.95764
1417.435 131.27531

1419.5237 129.24369
1419.5237 130.51345999999998

1425.0439 145.7507
1424.1487 145.7507

1424.1487 145.7507
1425.0439 145.7507

1424.1487 146.13163
1424.1487 145.7507

1425.0439 129.24369
1425.0439 133.94182999999998

1425.0439 133.94183
1425.0439 129.24369000000002

1424.1487 129.24369
1425.0439 129.24369

1425.0439 129.24369
1424.1487 129.24369

1425.0439 134.95764
1425.0439 133.94183

1425.0439 134.95764
1424.1487 134.95764

1424.1487 134.95764
1425.0439 134.95764

1425.0439 133.94183
1425.0439 134.95764

1469.3548 169.11448
1469.3548 186.63732

1469.3548 186.63732
1469.3548 169.11448

1470.25 169.11448
1470.25 186.63732

1470.25 186.63732
1470.25 169.11448

1469.3548 199.96991
1469.3548 204.66806

1469.3548 204.66806
1469.3548 199.96991

1474.8751 199.96991
1474.8751 202.00154

1474.8751 204.66806
1474.8751 202.76341

1469.3548 218.76251
1476.9638 218.76251

1470.25 207.96946
1469.3548 207.96946

1470.25 207.96946
1469.3548 207.96946

1474.8751 204.66806
1470.25 204.66806

1469.3548 204.66806
1469.3548 207.96946

1469.3548 207.96946
1469.3548 204.66806

1476.9638 222.69881
1476.9638 218.76251000000002

1470.25 204.66806
1470.25 207.96946

1470.25 207.96946
1470.25 204.66806

1470.25 197.43037
1469.3548 197.43037

1469.3548 197.43037
1470.25 197.43037

1470.25 199.96991
1474.8751 199.96991

1470.25 186.63732
1469.3548 186.63732

1469.3548 186.63732
1470.25 186.63732

1469.3548 197.43037
1469.3548 199.96991

1469.3548 199.96991
1469.3548 197.43037

1470.25 197.43037
1470.25 199.96991

1470.25 199.96991
1470.25 197.43037

1469.3548 146.89349
1469.3548 164.41633000000002

1470.25 146.89349
1470.25 164.41633000000002

1470.25 164.41633
1470.25 133.94182999999998

1469.3548 164.41633
1469.3548 133.94182999999998

1470.25 164.41633
1474.8751 164.41633

1474.8751 169.11448
1470.25 169.11448

1469.3548 164.41633
1469.3548 169.11448

1474.8751 167.08284
1474.8751 169.11448000000001

1474.8751 169.11448
1474.8751 167.08283999999998

1470.25 128.86276
1469.3548 128.86276

1469.3548 128.86276
1470.25 128.86276

1470.25 129.24369
1474.8751 129.24369

1474.8751 133.94183
1470.25 133.94183

1469.3548 129.24369
1469.3548 133.94182999999998

1469.3548 133.94183
1469.3548 129.24369000000002

1469.3548 128.86276
1469.3548 129.24369000000002

1469.3548 129.24369
1469.3548 128.86275999999998

1470.25 128.86276
1470.25 129.24369000000002

1474.8751 131.9102
1474.8751 133.94183

1474.8751 131.14834
1474.8751 129.24369

1432.9513 57.628609
1461.2983 57.628609

1461.2983 63.596535
1432.9513 63.596535

1417.435 81.500301
1417.435 65.882119

1425.0439 82.008209
1425.0439 65.882119

1425.0439 65.882119
1425.0439 82.00820900000001

1417.435 110.95899
1417.435 99.150114

1425.0439 118.32365
1425.0439 98.642206

1424.1487 117.94272
1417.435 117.94272

1417.435 110.95899
1417.435 117.94272

1424.1487 117.94272
1424.1487 118.32365

1424.1487 118.32365
1425.0439 118.32365

1425.0439 118.32365
1424.1487 118.32365

1417.435 93.309165
1424.1487 93.309165

1424.1487 81.500301
1417.435 81.500301

1417.435 99.150114
1417.435 93.309165

1424.1487 92.801257
1424.1487 93.30916500000001

1425.0439 92.801257
1425.0439 93.944061

1425.0439 92.801257
1424.1487 92.801257

1424.1487 92.801257
1425.0439 92.801257

1425.0439 93.944061
1425.0439 98.642206

1425.0439 98.642206
1425.0439 93.944061

1425.0439 93.944061
1425.0439 92.801257

1425.0439 82.008209
1424.1487 82.008209

1424.1487 82.008209
1425.0439 82.008209

1424.1487 81.500301
1424.1487 82.008209

1425.0439 65.882119
1432.9513 65.882119

1414.7495 57.628609
1432.9513 57.628609

1414.7495 65.882119
1417.435 65.882119

1414.7495 57.628609
1414.7495 65.882119

1414.7495 57.628609
1414.7495 65.882119

1432.9513 57.628609
1432.9513 65.882119

1432.9513 57.628609
1432.9513 65.882119

1476.9638 81.500301
1476.9638 65.882119

1469.3548 65.882119
1469.3548 93.944061

1469.3548 93.944061
1469.3548 65.882119

1476.9638 110.95899
1476.9638 99.150114

1469.3548 98.642206
1469.3548 117.94272

1469.3548 117.94272
1476.9638 117.94272

1469.3548 117.94272
1469.3548 110.57806

1476.9638 110.95899
1476.9638 117.94272

1469.3548 93.944061
1469.3548 98.642206

1469.3548 98.642206
1469.3548 93.944061

1476.9638 99.150114
1476.9638 93.309165

1476.9638 81.500301
1476.9638 93.309165

1461.2983 65.882119
1469.3547999999998 65.882119

1461.2983 57.628609
1461.2983 65.882119

1461.2983 57.628609
1461.2983 65.882119

1561.408 208.35039
1561.408 232.47604

1554.5451 232.47604
1554.5451 208.35039

1551.8596 419.64025
1551.8596 414.18023999999997

1561.408 419.64025
1561.408 408.46627

1511.1293 594.86862
1543.5047 594.86862

1511.1293 596.01141
1543.5047 596.01141

1474.8751 518.68237
1543.5047 518.68237

1508.4438 575.94904
1511.1293 575.94904

1508.4438 577.21881
1509.7866 577.21881

1495.1655 594.86862
1509.7866000000001 594.86862

1495.1655 596.01141
1509.7866000000001 596.01141

1495.1655 594.86862
1495.1655 577.21881

1493.8228 601.97934
1493.8228 577.21881

1495.1655 577.21881
1497.105 577.21881

1497.105 577.21881
1497.105 575.94904

1508.4438 577.21881
1508.4438 575.94904

1474.8751 519.44423
1543.5047 519.44423

1511.1293 575.94904
1511.1293 594.86862

1509.7866 577.21881
1509.7866 594.86862

1469.3548 557.79132
1469.3548 542.68104

1470.25 551.69641
1470.25 542.68104

1511.1293 551.69641
1511.1293 556.01363

1469.3548 542.68104
1470.25 542.68104

1469.3548 531.88799
1469.3548 526.1740199999999

1470.25 531.88799
1470.25 526.1740199999999

1469.3548 531.88799
1470.25 531.88799

1561.408 514.36516
1561.408 490.23951

1554.5451 514.36516
1554.5451 490.23951

1543.5047 564.26714
1543.5047 557.15643

1553.2023 564.26714
1553.2023 556.01363

1543.5047 581.91696
1543.5047 591.31327

1553.2023 581.91696
1553.2023 591.31327

1553.2023 591.31327
1543.5047 591.31327

1553.2023 591.31327
1543.5047 591.31327

1553.2023 608.96308
1543.5047 608.96308

1553.2023 599.56678
1543.5047 599.56678

1553.2023 599.56678
1543.5047 599.56678

1553.2023 608.96308
1543.5047 608.96308

1543.5047 599.56678
1543.5047 608.96308

1543.5047 594.86862
1543.5047 591.31327

1543.5047 599.56678
1543.5047 596.01141

1553.2023 599.56678
1553.2023 608.96308

1553.2023 599.56678
1553.2023 591.31327

1553.2023 581.91696
1543.5047 581.91696

1553.2023 581.91696
1543.5047 581.91696

1553.2023 573.66345
1543.5047 573.66345

1553.2023 564.26714
1543.5047 564.26714

1553.2023 564.26714
1543.5047 564.26714

1553.2023 573.66345
1543.5047 573.66345

1543.5047 564.26714
1543.5047 573.66345

1543.5047 581.91696
1543.5047 573.66345

1553.2023 564.26714
1553.2023 573.66345

1553.2023 581.91696
1553.2023 573.66345

1553.2023 524.6503
1561.408 524.6503

1561.408 514.36516
1551.8596 514.36516

1561.408 514.36516
1551.8596 514.36516

1543.5047 528.96751
1543.5047 538.3638199999999

1553.2023 528.96751
1553.2023 538.3638199999999

1553.2023 556.01363
1543.5047 556.01363

1553.2023 546.61733
1543.5047 546.61733

1553.2023 546.61733
1543.5047 546.61733

1553.2023 556.01363
1543.5047 556.01363

1553.2023 538.36382
1543.5047 538.36382

1553.2023 538.36382
1543.5047 538.36382

1543.5047 546.61733
1543.5047 538.36382

1543.5047 546.61733
1543.5047 556.01363

1553.2023 546.61733
1553.2023 538.36382

1553.2023 546.61733
1553.2023 556.01363

1553.2023 528.96751
1543.5047 528.96751

1553.2023 528.96751
1543.5047 528.96751

1543.5047 516.52377
1551.8596 516.52377

1543.5047 516.52377
1543.5047 516.52377

1543.5047 528.96751
1543.5047 519.44423

1553.2023 524.6503
1553.2023 524.6503

1551.8596 516.52377
1551.8596 514.3651600000001

1553.2023 528.96751
1553.2023 524.6503

1561.408 524.6503
1561.408 514.36516

1561.408 479.06552
1561.408 454.93988

1554.5451 479.06552
1554.5451 454.93988

1561.408 490.23951
1551.8596 490.23951

1561.408 490.23951
1551.8596 490.23951

1561.408 479.06552
1551.8596 479.06552

1561.408 479.06552
1551.8596 479.06552

1551.8596 490.23951
1551.8596 484.77949

1551.8596 483.89066
1551.8596 479.06552000000005

1561.408 490.23951
1561.408 479.06552

1561.408 454.93988
1551.8596 454.93988

1561.408 454.93988
1551.8596 454.93988

1561.408 443.7659
1551.8596 443.7659

1561.408 443.7659
1551.8596 443.7659

1561.408 419.64025
1551.8596 419.64025

1561.408 419.64025
1551.8596 419.64025

1554.5451 443.7659
1554.5451 419.64025

1551.8596 448.59103
1551.8596 443.7659

1551.8596 454.93988
1551.8596 449.47987

1561.408 443.7659
1561.408 419.64025

1561.408 454.93988
1561.408 443.7659

1561.408 313.86835
1561.408 337.994

1554.5451 337.994
1554.5451 313.86835

1561.408 349.16798
1561.408 373.29362

1554.5451 373.29362
1554.5451 349.16798

1561.408 408.46627
1551.8596 408.46627

1561.408 408.46627
1551.8596 408.46627

1561.408 384.4676
1551.8596 384.4676

1561.408 384.4676
1551.8596 384.4676

1561.408 373.29362
1551.8596 373.29362

1561.408 373.29362
1551.8596 373.29362

1554.5451 408.46627
1554.5451 384.4676

1551.8596 413.2914
1551.8596 408.46627

1551.8596 378.11874
1551.8596 373.29362

1551.8596 384.4676
1551.8596 378.88061

1561.408 408.46627
1561.408 384.4676

1561.408 384.4676
1561.408 373.29362

1561.408 337.994
1551.8596 337.994

1561.408 337.994
1551.8596 337.994

1561.408 349.16798
1551.8596 349.16798

1561.408 349.16798
1551.8596 349.16798

1551.8596 349.16798
1551.8596 343.58098

1551.8596 342.81912
1551.8596 337.994

1561.408 349.16798
1561.408 337.994

1561.408 278.56872
1561.408 267.39473

1561.408 313.86835
1551.8596 313.86835

1561.408 313.86835
1551.8596 313.86835

1561.408 302.69436
1551.8596 302.69436

1561.408 302.69436
1551.8596 302.69436

1561.408 278.56872
1551.8596 278.56872

1561.408 278.56872
1551.8596 278.56872

1554.5451 302.69436
1554.5451 278.56872

1551.8596 307.51949
1551.8596 302.69436

1551.8596 313.86835
1551.8596 308.28136

1551.8596 278.56872
1551.8596 272.85474999999997

1561.408 278.56872
1561.408 302.69435999999996

1561.408 313.86835
1561.408 302.69436

1561.408 267.39473
1551.8596 267.39473

1561.408 267.39473
1551.8596 267.39473

1561.408 243.26909
1551.8596 243.26909

1561.408 243.26909
1551.8596 243.26909

1561.408 232.47604
1551.8596 232.47604

1561.408 232.47604
1551.8596 232.47604

1554.5451 267.39473
1554.5451 243.26909

1551.8596 272.09289
1551.8596 267.39473000000004

1551.8596 243.26909
1551.8596 237.93606

1551.8596 237.1742
1551.8596 232.47604

1561.408 243.26909
1561.408 267.39473

1561.408 243.26909
1561.408 232.47604

1474.8751 166.32098
1551.8596 166.32098

1499.0445 131.9102
1551.8596 131.9102

1499.0445 131.14834
1551.8596 131.14834

1507.8471 65.882119
1551.8596 65.882119

1507.8471 57.628609
1561.408 57.628609

1486.2139 131.14834
1486.2139 131.9102

1486.2139 131.14834
1486.2139 131.9102

1499.0445 131.14834
1499.0445 131.9102

1499.0445 131.14834
1499.0445 131.9102

1479.6493 57.628609
1507.8471 57.628609

1507.8471 63.596535
1479.6493 63.596535

1479.6493 57.628609
1479.6493 65.882119

1479.6493 57.628609
1479.6493 65.882119

1507.8471 57.628609
1507.8471 65.882119

1507.8471 57.628609
1507.8471 65.882119

1551.8596 131.14834
1551.8596 126.45017999999999

1561.408 137.75115
1561.408 126.45018

1561.408 173.17775
1561.408 197.17641

1554.5451 197.17641
1554.5451 173.17775

1561.408 208.35039
1551.8596 208.35039

1561.408 208.35039
1551.8596 208.35039

1561.408 197.17641
1551.8596 197.17641

1561.408 197.17641
1551.8596 197.17641

1551.8596 202.00154
1551.8596 197.17641

1551.8596 208.35039
1551.8596 202.76341

1561.408 208.35039
1561.408 197.17641

1561.408 173.17775
1551.8596 173.17775

1561.408 173.17775
1551.8596 173.17775

1561.408 161.87679
1551.8596 161.87679

1561.408 161.87679
1551.8596 161.87679

1561.408 137.75115
1551.8596 137.75115

1561.408 137.75115
1551.8596 137.75115

1554.5451 161.87679
1554.5451 137.75115

1551.8596 173.17775
1551.8596 167.08284

1551.8596 166.32098
1551.8596 161.87679

1551.8596 137.75115
1551.8596 131.9102

1561.408 137.75115
1561.408 161.87679

1561.408 173.17775
1561.408 161.87679

1561.408 67.024911
1561.408 91.150557

1554.5451 91.150557
1554.5451 67.024911

1561.408 126.45018
1551.8596 126.45018

1561.408 126.45018
1551.8596 126.45018

1561.408 102.32455
1551.8596 102.32455

1561.408 102.32455
1551.8596 102.32455

1561.408 91.150557
1551.8596 91.150557

1561.408 91.150557
1551.8596 91.150557

1554.5451 126.45018
1554.5451 102.32455

1551.8596 102.32455
1551.8596 91.150557

1561.408 102.32455
1561.408 126.45018

1561.408 102.32455
1561.408 91.150557

1561.408 67.024911
1551.8596 67.024911

1561.408 67.024911
1551.8596 67.024911

1551.8596 67.024911
1551.8596 65.882119

1561.408 67.024911
1561.408 57.628609

1493.5243 669.40417
1543.5047 669.40417

1470.25 551.69641
1511.1293 551.69641

1474.8751 561.21969
1511.1293 561.21969

1511.1293 557.15643
1543.5047 557.15643

1511.1293 556.01363
1543.5047 556.01363

1511.1293 557.15643
1511.1293 561.21969

1543.5047 518.68237
1543.5047 516.52377

1476.9638 1087.2858
1476.9638 1089.4443

1474.8751 518.68237
1474.8751 515.88888

1474.8751 561.21969
1474.8751 562.48946

1467.8629 592.45606
1469.3548 592.45606

1467.8629 598.29701
1469.3548 598.29701

1474.8751 628.39057
1474.8751 630.16824

1474.8751 668.6423
1474.8751 663.56322

1474.8751 164.41633
1474.8751 166.32098

119.88731 1057.1922
119.88731 1060.6205

119.88731 1021.8925
119.88731 1025.4479000000001

175.2386 1025.4479
175.2386 1021.8924999999999

175.2386 990.14826
175.2386 986.5929100000001

119.88731 986.59291
119.88731 990.1482599999999

175.2386 954.84864
175.2386 951.29327

119.88731 951.29327
119.88731 954.84864

175.2386 919.54901
175.2386 915.99365

119.88731 914.85085
119.88731 919.5490100000001

175.2386 884.24938
175.2386 880.69402

119.88731 880.69402
119.88731 884.24938

119.88731 743.05087
119.88731 739.4955100000001

175.2386 743.05087
175.2386 739.4955100000001

124.06476 598.29701
125.40752 598.29701

125.40752 598.29701
126.75027 598.29701

119.88731 562.74342
119.88731 561.21969

175.2386 486.9381
175.2386 485.41438

175.2386 483.6367
175.2386 482.23996

175.2386 379.89643
175.2386 381.03922

119.88731 275.14034
119.88731 270.44219

175.2386 275.14034
175.2386 270.44219

317.2721 599.4398
317.2721 661.15066

777.23982 644.89759
777.23982 602.36027

775.89707 644.89759
775.89707 579.63137

566.87508 579.63137
566.87508 614.93099

568.21784 579.63137
568.21784 614.93099

525.39892 579.63137
525.39892 661.1506599999999

526.74167 579.63137
526.74167 661.1506599999999

359.64344 579.63137
359.64344 661.1506599999999

360.98619 579.63137
360.98619 661.1506599999999

321.44956 592.45606
321.44956 661.15066

1027.1412 645.78643
1027.1412 602.36027

1276.4459 598.29701
1276.4459 661.15066

1232.881 661.15066
1232.881 602.61422

1028.484 645.78643
1028.484 594.9956

962.98741 602.36027
1002.9716999999999 602.36027

962.98741 601.47143
1002.9716999999999 601.47143

813.34498 574.29834
1001.1813 574.29834

814.68773 579.63137
1001.1813 579.63137

1186.3322 520.84098
1199.4613000000002 520.84098

1186.3322 529.09449
1199.4613000000002 529.09449

1142.3197 574.29834
1253.619 574.29834

1142.3197 579.63137
1232.881 579.63137

1240.9375 520.84098
1269.2845 520.84098

1269.2845 529.09449
1276.4459 529.09449

1269.2845 520.84098
1282.4137 520.84098

1277.9378 541.41127
1277.9378 529.09449

1276.4459 541.41127
1276.4459 529.09449

1277.9378 529.09449
1282.4136999999998 529.09449

1276.4459 541.41127
1277.9378 541.41127

1276.4459 541.41127
1277.9378 541.41127

1269.2845 520.84098
1269.2845 529.09449

1269.2845 520.84098
1269.2845 529.09449

1269.2845 520.84098
1282.4137 520.84098

1277.9378 529.09449
1282.4136999999998 529.09449

1282.4137 520.84098
1282.4137 529.09449

1282.4137 520.84098
1282.4137 529.09449

1199.4613 520.84098
1227.8084 520.84098

1227.8084 520.84098
1227.8084 529.09449

1227.8084 520.84098
1227.8084 529.09449

1199.4613 520.84098
1199.4613 529.09449

1199.4613 520.84098
1199.4613 529.09449

1240.9375 520.84098
1240.9375 529.09449

1240.9375 520.84098
1240.9375 529.09449

1227.8084 520.84098
1240.9375 520.84098

1227.8084 529.09449
1240.9375 529.09449

1253.619 574.29834
1253.619 579.6313700000001

1266.3006 574.29834
1266.3006 579.6313700000001

1277.9378 592.45606
1277.9378 574.29834

1266.3006 574.29834
1276.4459 574.29834

1277.9378 574.29834
1277.9378 561.60062

1276.4459 574.29834
1276.4459 561.60062

1276.4459 561.60062
1277.9378 561.60062

1276.4459 561.60062
1277.9378 561.60062

1234.2237 579.63137
1253.619 579.63137

1278.5346 598.29701
1276.4459 598.29701

1278.5346 592.45606
1277.9378 592.45606

1266.3006 579.63137
1272.2684 579.63137

1278.5346 598.29701
1278.5346 592.45606

1272.2684 661.15066
1272.2684 579.63137

1232.881 592.71001
1232.881 579.63137

1234.2237 592.71001
1234.2237 579.63137

1232.881 592.71001
1234.2237 592.71001

1232.881 602.61422
1234.2237 602.61422

1232.881 602.61422
1234.2237 602.61422

1232.881 592.71001
1234.2237 592.71001

1234.2237 661.15066
1234.2237 602.61422

1075.0328 520.84098
1103.3799 520.84098

1116.509 520.84098
1144.856 520.84098

1144.856 520.84098
1157.9852 520.84098

1144.856 529.09449
1157.9852 529.09449

1157.9852 520.84098
1157.9852 529.09449

1157.9852 520.84098
1157.9852 529.09449

1144.856 520.84098
1144.856 529.09449

1144.856 520.84098
1144.856 529.09449

1186.3322 520.84098
1186.3322 529.09449

1186.3322 520.84098
1186.3322 529.09449

1157.9852 520.84098
1186.3322 520.84098

1103.3799 520.84098
1116.509 520.84098

1103.3799 529.09449
1116.509 529.09449

1116.509 520.84098
1116.509 529.09449

1116.509 520.84098
1116.509 529.09449

1103.3799 520.84098
1103.3799 529.09449

1103.3799 520.84098
1103.3799 529.09449

1033.7058 520.84098
1061.9035999999999 520.84098

1282.442 527.1543
1310.789 527.1543

1240.9658 527.1543
1269.3128 527.1543

1199.4896 527.1543
1227.8367 527.1543

1075.0611 527.1543
1103.4081999999999 527.1543

1116.5373 527.1543
1144.8843 527.1543

1158.0135 527.1543
1186.3604 527.1543

1033.7341 527.1543
1061.9318999999998 527.1543

1061.9036 520.84098
1075.0328000000002 520.84098

1061.9036 529.09449
1075.0328000000002 529.09449

1075.0328 520.84098
1075.0328 529.09449

1075.0328 520.84098
1075.0328 529.09449

1061.9036 520.84098
1061.9036 529.09449

1061.9036 520.84098
1061.9036 529.09449

1013.8629 574.29834
1118.4486 574.29834

1028.484 579.63137
1118.4486 579.63137

1118.4486 574.29834
1118.4486 579.6313700000001

1118.4486 574.29834
1118.4486 579.6313700000001

1142.3197 574.29834
1142.3197 579.6313700000001

1142.3197 574.29834
1142.3197 579.6313700000001

1001.1813 574.29834
1001.1813 579.6313700000001

1001.1813 574.29834
1001.1813 579.6313700000001

1013.8629 574.29834
1013.8629 579.6313700000001

1013.8629 574.29834
1013.8629 579.6313700000001

1002.9717 602.36027
1002.9717 601.47143

1002.9717 602.36027
1002.9717 601.47143

1015.6533 602.36027
1015.6533 601.47143

1015.6533 602.36027
1015.6533 601.47143

1015.6533 602.36027
1027.1412 602.36027

1015.6533 601.47143
1027.1412 601.47143

1027.1412 584.20255
1027.1412 579.63137

1028.484 584.20255
1028.484 579.63137

1027.1412 584.20255
1028.484 584.20255

1027.1412 594.9956
1028.484 594.9956

1027.1412 594.9956
1028.484 594.9956

1027.1412 584.20255
1028.484 584.20255

1013.8629 579.63137
1027.1412 579.63137

1027.1412 601.47143
1027.1412 594.9956

532.70946 520.84098
561.0564800000001 520.84098

550.91124 574.29834
705.4771 574.29834

550.91124 579.63137
566.87508 579.63137

718.15867 574.29834
789.6229900000001 574.29834

718.15867 579.63137
775.89707 579.63137

861.08733 602.36027
893.61181 602.36027

853.4784 601.47143
893.61181 601.47143

906.29337 602.36027
943.44289 602.36027

906.29337 601.47143
950.30585 601.47143

943.44289 605.40771
943.44289 602.3602699999999

944.78564 605.40771
944.78564 602.3602699999999

944.78564 602.36027
950.30585 602.36027

943.44289 605.40771
944.7856400000001 605.40771

943.44289 605.40771
944.7856400000001 605.40771

950.30585 602.36027
950.30585 601.47143

962.98741 602.36027
962.98741 601.47143

950.30585 602.36027
950.30585 601.47143

962.98741 602.36027
962.98741 601.47143

893.61181 602.36027
893.61181 601.47143

906.29337 602.36027
906.29337 601.47143

893.61181 602.36027
893.61181 601.47143

906.29337 602.36027
906.29337 601.47143

789.62299 574.29834
789.62299 579.6313700000001

789.62299 574.29834
789.62299 579.6313700000001

813.34498 574.29834
813.34498 601.47143

777.23982 602.36027
840.79683 602.36027

814.68773 601.47143
840.79683 601.47143

840.79683 602.36027
840.79683 601.47143

840.79683 602.36027
840.79683 601.47143

859.59538 603.88399
859.59538 602.36027

853.4784 602.36027
859.59538 602.36027

853.4784 602.36027
853.4784 601.47143

853.4784 602.36027
853.4784 601.47143

861.08733 603.88399
861.08733 602.36027

861.08733 603.88399
859.59538 603.88399

861.08733 603.88399
859.59538 603.88399

777.23982 601.47143
813.34498 601.47143

777.23982 579.63137
789.62299 579.63137

814.68773 579.63137
814.68773 601.4714299999999

777.23982 601.47143
777.23982 579.63137

651.91615 579.63137
705.4771 579.63137

705.4771 579.63137
705.4771 574.2983399999999

705.4771 579.63137
705.4771 574.2983399999999

718.15867 579.63137
718.15867 574.2983399999999

718.15867 579.63137
718.15867 574.2983399999999

568.21784 579.63137
650.5734 579.63137

650.5734 603.12213
651.91615 603.12213

650.5734 579.63137
650.5734 603.12213

651.91615 579.63137
651.91615 603.12213

325.47782 520.84098
353.82484 520.84098

338.75616 579.63137
359.64344 579.63137

338.75616 574.29834
485.56389 574.29834

449.75713 520.84098
478.10415 520.84098

491.2333 520.84098
519.58032 520.84098

519.58032 520.84098
532.70946 520.84098

519.58032 529.09449
532.70946 529.09449

532.70946 520.84098
532.70946 529.09449

532.70946 520.84098
532.70946 529.09449

519.58032 520.84098
519.58032 529.09449

519.58032 520.84098
519.58032 529.09449

478.10415 520.84098
491.2333 520.84098

478.10415 529.09449
491.2333 529.09449

491.2333 520.84098
491.2333 529.09449

491.2333 520.84098
491.2333 529.09449

478.10415 520.84098
478.10415 529.09449

478.10415 520.84098
478.10415 529.09449

395.30101 520.84098
408.43015 520.84098

395.30101 529.09449
408.43015 529.09449

408.43015 520.84098
408.43015 529.09449

408.43015 520.84098
408.43015 529.09449

436.62797 520.84098
449.75713 520.84098

436.62797 529.09449
449.75713 529.09449

449.75713 520.84098
449.75713 529.09449

449.75713 520.84098
449.75713 529.09449

436.62797 520.84098
436.62797 529.09449

436.62797 520.84098
436.62797 529.09449

408.43015 520.84098
436.62797 520.84098

366.95398 520.84098
395.30101 520.84098

283.98358 527.53295
312.33059000000003 527.53295

532.69139 527.53295
561.03841 527.53295

325.45974 527.53295
353.80677000000003 527.53295

449.73905 527.53295
478.08608000000004 527.53295

491.21522 527.53295
519.56224 527.53295

408.41208 527.53295
436.6099 527.53295

366.93591 527.53295
395.28292999999996 527.53295

395.30101 520.84098
395.30101 529.09449

395.30101 520.84098
395.30101 529.09449

353.82484 520.84098
366.95398 520.84098

353.82484 529.09449
366.95398 529.09449

366.95398 520.84098
366.95398 529.09449

366.95398 520.84098
366.95398 529.09449

353.82484 520.84098
353.82484 529.09449

353.82484 520.84098
353.82484 529.09449

360.98619 579.63137
485.56389 579.63137

538.08047 579.63137
538.08047 574.2983399999999

550.91124 579.63137
550.91124 574.2983399999999

538.08047 579.63137
538.08047 574.2983399999999

550.91124 579.63137
550.91124 574.2983399999999

509.43506 574.29834
509.43506 579.6313700000001

509.43506 574.29834
509.43506 579.6313700000001

485.56389 574.29834
485.56389 579.6313700000001

485.56389 574.29834
485.56389 579.6313700000001

509.43506 574.29834
538.08047 574.29834

509.43506 579.63137
525.39892 579.63137

526.74167 579.63137
538.08047 579.63137

312.34866 520.84098
325.47782 520.84098

312.34866 529.09449
317.2721 529.09449

318.61485 529.09449
325.47782 529.09449

312.34866 520.84098
312.34866 529.09449

312.34866 520.84098
312.34866 529.09449

312.34866 520.84098
325.47782 520.84098

312.34866 529.09449
317.2721 529.09449

318.61485 541.53825
318.61485 529.09449

317.2721 541.53825
317.2721 529.09449

318.61485 529.09449
325.47782 529.09449

325.47782 520.84098
325.47782 529.09449

325.47782 520.84098
325.47782 529.09449

318.61485 541.53825
317.2721 541.53825

318.61485 541.53825
317.2721 541.53825

317.2721 592.45606
317.2721 574.29834

327.41734 574.29834
327.41734 579.6313700000001

327.41734 574.29834
327.41734 579.6313700000001

338.75616 574.29834
338.75616 579.6313700000001

338.75616 574.29834
338.75616 579.6313700000001

318.61485 574.29834
327.41733999999997 574.29834

318.61485 574.29834
318.61485 561.7276

317.2721 574.29834
317.2721 561.7276

318.61485 561.7276
317.2721 561.7276

318.61485 561.7276
317.2721 561.7276

318.61485 574.29834
327.41733999999997 574.29834

321.44956 592.45606
321.44956 579.63137

321.44956 579.63137
327.41734 579.63137

315.78015 592.45606
317.27209999999997 592.45606

315.78015 599.4398
315.78015 592.45606

317.2721 599.4398
315.78015000000005 599.4398

317.2721 599.4398
315.78015000000005 599.4398

321.44956 592.45606
321.44956 579.63137

321.44956 579.63137
327.41734 579.63137

315.78015 592.45606
317.27209999999997 592.45606

315.78015 599.4398
315.78015 592.45606

979.10046 661.15066
992.2296 661.15066

979.10046 669.40417
992.2296 669.40417

1186.3322 661.15066
1199.4613000000002 661.15066

1186.3322 669.40417
1199.4613000000002 669.40417

1240.9375 669.40417
1269.2845 669.40417

1269.2845 669.40417
1276.4459 669.40417

1276.4459 661.15066
1276.4459 663.56322

1276.4459 663.56322
1282.4136999999998 663.56322

1276.4459 669.40417
1282.4136999999998 669.40417

1269.2845 669.40417
1269.2845 661.15066

1269.2845 669.40417
1269.2845 661.15066

1269.2845 661.15066
1272.2684 661.15066

1276.4459 663.56322
1282.4136999999998 663.56322

1282.4137 663.56322
1282.4137 669.40417

1282.4137 669.40417
1282.4137 663.56322

1282.4137 663.56322
1282.4137 669.40417

1282.4137 669.40417
1282.4137 663.56322

1227.8084 669.40417
1227.8084 661.15066

1227.8084 669.40417
1227.8084 661.15066

1199.4613 669.40417
1199.4613 661.15066

1199.4613 669.40417
1199.4613 661.15066

1240.9375 669.40417
1240.9375 661.15066

1240.9375 669.40417
1240.9375 661.15066

1234.2237 661.15066
1240.9375 661.15066

1227.8084 661.15066
1232.8809999999999 661.15066

1199.4613 669.40417
1227.8084 669.40417

1227.8084 669.40417
1240.9375 669.40417

1075.0328 669.40417
1103.3799 669.40417

1116.509 669.40417
1144.856 669.40417

1157.9852 669.40417
1157.9852 661.15066

1157.9852 669.40417
1157.9852 661.15066

1144.856 669.40417
1144.856 661.15066

1144.856 669.40417
1144.856 661.15066

1144.856 661.15066
1157.9852 661.15066

1144.856 669.40417
1157.9852 669.40417

1186.3322 669.40417
1186.3322 661.15066

1186.3322 669.40417
1186.3322 661.15066

1157.9852 669.40417
1186.3322 669.40417

1116.509 669.40417
1116.509 661.15066

1116.509 669.40417
1116.509 661.15066

1103.3799 669.40417
1103.3799 661.15066

1103.3799 669.40417
1103.3799 661.15066

1103.3799 661.15066
1116.509 661.15066

1103.3799 669.40417
1116.509 669.40417

1033.7058 669.40417
1061.9035999999999 669.40417

1061.9036 669.40417
1061.9036 661.15066

1061.9036 669.40417
1061.9036 661.15066

1075.0328 669.40417
1075.0328 661.15066

1075.0328 669.40417
1075.0328 661.15066

1061.9036 661.15066
1075.0328000000002 661.15066

1061.9036 669.40417
1075.0328000000002 669.40417

992.2296 669.40417
992.2296 661.15066

992.2296 669.40417
992.2296 661.15066

1033.7058 669.40417
1033.7058 661.15066

1033.7058 669.40417
1033.7058 661.15066

1020.5767 669.40417
1020.5767 661.15066

1020.5767 669.40417
1020.5767 661.15066

1020.5767 661.15066
1027.1412 661.15066

1027.1412 656.57948
1028.484 656.57948

1027.1412 656.57948
1028.484 656.57948

1028.484 661.15066
1033.7058 661.15066

1027.1412 661.15066
1027.1412 656.57948

1028.484 661.15066
1028.484 656.57948

1027.1412 645.78643
1028.484 645.78643

1027.1412 645.78643
1028.484 645.78643

1020.5767 669.40417
1033.7058 669.40417

992.2296 669.40417
1020.5767 669.40417

532.70946 669.40417
561.0564800000001 669.40417

769.63089 661.15066
775.89707 661.15066

769.63089 669.40417
783.20762 669.40417

937.62429 710.03683
655.64602 710.03683

941.80174 713.46521
651.61776 713.46521

941.80174 713.46521
941.80174 669.40417

937.62429 710.03683
937.62429 669.40417

866.90593 669.40417
895.25295 669.40417

943.44289 661.15066
943.44289 616.20077

944.78564 661.15066
944.78564 616.20077

943.44289 616.20077
944.7856400000001 616.20077

943.44289 616.20077
944.7856400000001 616.20077

908.82968 669.40417
937.1767 669.40417

950.75343 669.40417
979.10046 669.40417

979.10046 669.40417
979.10046 661.15066

979.10046 669.40417
979.10046 661.15066

950.75343 669.40417
950.75343 661.15066

950.75343 669.40417
950.75343 661.15066

937.1767 669.40417
937.1767 661.15066

937.1767 669.40417
937.1767 661.15066

937.1767 661.15066
943.44289 661.15066

944.78564 661.15066
950.75343 661.15066

937.1767 669.40417
950.75343 669.40417

908.82968 669.40417
908.82968 661.15066

908.82968 669.40417
908.82968 661.15066

895.25295 669.40417
895.25295 661.15066

895.25295 669.40417
895.25295 661.15066

895.25295 661.15066
908.82968 661.15066

895.25295 669.40417
908.82968 669.40417

859.59538 661.15066
859.59538 614.67704

861.08733 661.15066
861.08733 614.67704

861.08733 614.67704
859.59538 614.67704

861.08733 614.67704
859.59538 614.67704

811.55464 661.15066
825.13137 661.15066

811.55464 669.40417
825.13137 669.40417

825.13137 669.40417
825.13137 661.15066

825.13137 669.40417
825.13137 661.15066

853.4784 669.40417
853.4784 661.15066

853.4784 669.40417
853.4784 661.15066

853.4784 661.15066
859.59538 661.15066

825.13137 669.40417
853.4784 669.40417

866.90593 669.40417
866.90593 661.15066

866.90593 669.40417
866.90593 661.15066

861.08733 661.15066
866.9059299999999 661.15066

853.4784 669.40417
866.90593 669.40417

811.55464 669.40417
811.55464 661.15066

811.55464 669.40417
811.55464 661.15066

783.20762 669.40417
783.20762 661.15066

783.20762 669.40417
783.20762 661.15066

777.23982 661.15066
783.20762 661.15066

775.89707 661.15066
775.89707 655.69064

777.23982 661.15066
777.23982 655.69064

777.23982 655.69064
775.89707 655.69064

777.23982 655.69064
775.89707 655.69064

777.23982 644.89759
775.89707 644.89759

777.23982 644.89759
775.89707 644.89759

783.20762 669.40417
811.5546400000001 669.40417

655.64602 710.03683
655.64602 669.40417

651.61776 713.46521
651.61776 669.40417

657.58555 669.40417
685.93257 669.40417

699.5093 669.40417
727.7071400000001 669.40417

769.63089 669.40417
769.63089 661.15066

769.63089 669.40417
769.63089 661.15066

741.28387 669.40417
741.28387 661.15066

741.28387 669.40417
741.28387 661.15066

727.70714 669.40417
727.70714 661.15066

727.70714 669.40417
727.70714 661.15066

727.70714 661.15066
741.28387 661.15066

727.70714 669.40417
741.28387 669.40417

741.28387 669.40417
769.63089 669.40417

699.5093 669.40417
699.5093 661.15066

699.5093 669.40417
699.5093 661.15066

685.93257 669.40417
685.93257 661.15066

685.93257 669.40417
685.93257 661.15066

685.93257 661.15066
699.5093 661.15066

685.93257 669.40417
699.5093 669.40417

568.21784 625.85103
568.21784 661.15066

566.87508 625.85103
566.87508 661.15066

566.87508 625.85103
568.21784 625.85103

566.87508 614.93099
568.21784 614.93099

566.87508 625.85103
567.91944 625.85103

566.87508 614.93099
567.91944 614.93099

602.53265 661.15066
615.6618 661.15066

602.53265 669.40417
615.6618 669.40417

657.58555 669.40417
657.58555 661.15066

657.58555 669.40417
657.58555 661.15066

615.6618 669.40417
615.6618 661.15066

644.00882 669.40417
644.00882 661.15066

644.00882 669.40417
644.00882 661.15066

615.6618 669.40417
615.6618 661.15066

644.00882 661.15066
657.58555 661.15066

644.00882 669.40417
657.58555 669.40417

615.6618 669.40417
644.00882 669.40417

561.05648 669.40417
561.05648 661.15066

561.05648 669.40417
561.05648 661.15066

574.18563 669.40417
574.18563 661.15066

574.18563 669.40417
574.18563 661.15066

602.53265 669.40417
602.53265 661.15066

602.53265 669.40417
602.53265 661.15066

568.21784 661.15066
574.1856300000001 661.15066

574.18563 669.40417
602.53265 669.40417

561.05648 661.15066
566.8750799999999 661.15066

561.05648 669.40417
574.18563 669.40417

325.47782 669.40417
353.82484 669.40417

449.75713 669.40417
478.10415 669.40417

491.2333 669.40417
519.58032 669.40417

519.58032 669.40417
519.58032 661.15066

519.58032 669.40417
519.58032 661.15066

532.70946 669.40417
532.70946 661.15066

532.70946 669.40417
532.70946 661.15066

526.74167 661.15066
532.70946 661.15066

519.58032 661.15066
525.39892 661.15066

519.58032 669.40417
532.70946 669.40417

491.2333 669.40417
491.2333 661.15066

491.2333 669.40417
491.2333 661.15066

478.10415 669.40417
478.10415 661.15066

478.10415 669.40417
478.10415 661.15066

478.10415 661.15066
491.2333 661.15066

478.10415 669.40417
491.2333 669.40417

395.30101 661.15066
408.43015 661.15066

395.30101 669.40417
408.43015 669.40417

408.43015 669.40417
408.43015 661.15066

408.43015 669.40417
408.43015 661.15066

449.75713 669.40417
449.75713 661.15066

449.75713 669.40417
449.75713 661.15066

436.62797 669.40417
436.62797 661.15066

436.62797 669.40417
436.62797 661.15066

436.62797 661.15066
449.75713 661.15066

436.62797 669.40417
449.75713 669.40417

408.43015 669.40417
436.62797 669.40417

395.30101 669.40417
395.30101 661.15066

395.30101 669.40417
395.30101 661.15066

353.82484 669.40417
353.82484 661.15066

353.82484 669.40417
353.82484 661.15066

366.95398 669.40417
366.95398 661.15066

366.95398 669.40417
366.95398 661.15066

353.82484 661.15066
359.64344 661.15066

360.98619 661.15066
366.95398 661.15066

366.95398 669.40417
395.30101 669.40417

283.96771 663.62109
312.31472 663.62109

1282.3797 663.62109
1310.7267 663.62109

1240.9035 663.62109
1269.2504999999999 663.62109

1199.4273 663.62109
1227.7744 663.62109

1074.9988 663.62109
1103.3459 663.62109

1116.475 663.62109
1144.822 663.62109

1157.9512 663.62109
1186.2982 663.62109

1033.6718 663.62109
1061.8696 663.62109

992.19561 663.62109
1020.5427 663.62109

532.67555 663.62109
561.02254 663.62109

866.87195 663.62109
895.21894 663.62109

908.79573 663.62109
937.14272 663.62109

950.7194 663.62109
979.06646 663.62109

825.09736 663.62109
853.44445 663.62109

783.17362 663.62109
811.52072 663.62109

657.5516 663.62109
685.89858 663.62109

699.47536 663.62109
727.67317 663.62109

741.24996 663.62109
769.59695 663.62109

615.62782 663.62109
643.97492 663.62109

574.15169 663.62109
602.49868 663.62109

325.44388 663.62109
353.7909 663.62109

449.72319 663.62109
478.07021 663.62109

491.19935 663.62109
519.5464099999999 663.62109

408.39621 663.62109
436.59403 663.62109

366.92004 663.62109
395.26705999999996 663.62109

353.82484 669.40417
366.95398 669.40417

317.2721 669.40417
325.47782 669.40417

312.34866 669.40417
317.2721 669.40417

312.34866 663.56322
317.2721 663.56322

312.34866 669.40417
312.34866 663.56322

312.34866 669.40417
312.34866 663.56322

321.44956 661.15066
325.47782 661.15066

317.2721 661.15066
317.2721 663.56322

325.47782 669.40417
325.47782 661.15066

325.47782 669.40417
325.47782 661.15066

312.34866 663.56322
317.2721 663.56322

317.2721 661.15066
317.2721 663.56322

321.44956 661.15066
325.47782 661.15066

312.34866 669.40417
317.2721 669.40417

317.2721 669.40417
325.47782 669.40417

680.56156 201.23968
680.26317 199.96991

680.11397 199.20805
679.81559 197.8113

679.66639 197.04944
679.368 195.65269

679.21881 194.89083
678.92041 193.49407

678.77122 192.73221
678.47284 191.20849

678.32364 190.5736
678.0252499999999 189.04988

677.87605 188.415
677.5776599999999 186.89127

677.42847 186.25639
677.1300799999999 184.73266

676.98089 183.97079
676.6825 182.57405

676.5333 181.81219
676.23491 180.41544

676.08571 179.65358
675.78733 178.25683

675.63813 177.49496
675.33974 176.09821

675.19055 175.33635
674.89215 173.93961000000002

674.74296 173.17775
674.4445800000001 171.65402

674.29538 171.01914
673.99699 169.49541

673.84779 168.86052
673.5494 167.3368

673.4002 166.70191
673.1018200000001 165.17819

672.95263 164.41633
672.65423 163.01958

672.50504 162.25772
672.20665 160.86097

672.05745 160.0991
671.7590700000001 158.70236

671.60987 157.94049
671.31148 156.54375000000002

671.16229 155.78189
670.86389 154.38514

670.7147 153.62328
670.41632 152.09954

670.26712 151.46466
669.9687299999999 149.94094

669.81953 149.30605
669.52114 147.78233

669.37194 147.14745
669.07355 145.62372

668.92437 144.86186
668.6259699999999 143.4651

668.47678 142.70324
668.1783899999999 141.3065

668.02919 140.54464
667.7307999999999 139.14789

667.58161 138.38603
667.2832199999999 136.98928

667.13403 136.22742
666.83563 134.83067

666.68644 134.0688
666.3880499999999 132.54508

666.23886 131.9102
665.94047 130.38648

665.79127 129.75159
665.49288 128.22787

665.34368 127.59299
665.0452899999999 126.06925

664.89611 125.30739
664.59771 123.91065

664.44852 123.14878
664.15013 121.75204000000001

664.00093 120.99018
663.70254 119.59343

663.55334 118.83157
663.2549600000001 117.43481

663.10576 116.67295
662.80737 115.2762

662.65818 114.51434
662.35978 112.99062

662.21059 112.35574
661.9122100000001 110.83201

661.76301 110.19713
661.46462 108.67339

661.31542 108.03851
661.01703 106.51479

660.86784 105.75292
660.56945 104.35618000000001

660.42026 103.59432
660.12187 102.19757

659.97267 101.4357
659.67428 100.03895

659.52508 99.277091
659.2267 97.880345

659.0775 97.118483
658.77911 95.721737

658.62992 94.959876
658.33152 93.56313

658.18233 92.801257
657.88395 91.277534

657.73475 90.64265
657.4363599999999 89.118927

657.28716 88.484042
656.9887699999999 86.960319

656.83958 86.198458
656.5411899999999 84.80170100000001

656.392 84.039839
656.09361 82.64309300000001

655.94441 81.881232
655.6460199999999 80.484486

655.49682 79.722624
655.19844 78.325878

655.04924 77.564017
654.75085 76.16726

654.60166 75.405398
654.30326 74.00865200000001

654.15407 73.246791
653.8556900000001 71.723068

653.70649 71.088183
653.4081 69.56446

653.2589 68.929576
652.96051 67.40584199999999

652.81131 66.64398
652.5129300000001 65.247234

652.36374 64.485373
652.06534 63.088626999999995

651.91615 62.326765
651.61776 60.930019

651.46856 60.168158
651.1701800000001 58.771401

651.02098 58.009539
650.72259 56.612792999999996

650.5734 55.850932
650.275 54.454186

650.12581 53.692324
649.82743 52.168602

649.67823 51.533717
649.37984 50.009983000000005

649.23064 49.375098
648.93225 47.851375000000004

648.78305 47.089514
648.48467 45.692768

648.33548 44.930907
648.03708 43.534155999999996

647.88789 42.772294
647.5895 41.375545

647.4403 40.613682
647.14192 39.216935

646.99272 38.455073
646.6943299999999 37.058324999999996

646.54514 36.296462
646.39594 35.026692

914.0515 201.23968
914.2007 199.96991

914.34989 199.20805
914.64828 197.8113

914.79748 197.04944
915.0958599999999 195.65269

915.24506 194.89083
915.54345 193.49407

915.69264 192.73221
915.99104 191.20849

916.14023 190.5736
916.4386099999999 189.04988

916.58781 188.415
916.8862 186.89127

917.0354 186.25639
917.33379 184.73266

917.48299 183.97079
917.78138 182.57405

917.93056 181.81219
918.22896 180.41544

918.37815 179.65358
918.67654 178.25683

918.82574 177.49496
919.12413 176.09821

919.27332 175.33635
919.57171 173.93961000000002

919.72091 173.17775
920.0193 171.65402

920.16849 171.01914
920.46689 169.49541

920.61607 168.86052
920.9144600000001 167.3368

921.06366 166.70191
921.3620500000001 165.17819

921.51125 164.41633
921.8096400000001 163.01958

921.95882 162.25772
922.25722 160.86097

922.40641 160.0991
922.7048000000001 158.70236

922.854 157.94049
923.1523900000001 156.54375000000002

923.30159 155.78189
923.59997 154.38514

923.74917 153.62328
924.0475600000001 152.09954

924.19675 151.46466
924.49515 149.94094

924.64434 149.30605
924.94272 147.78233

925.09192 147.14745
925.39031 145.62372

925.53951 144.86186
925.8379 143.4651

925.9871 142.70324
926.28548 141.3065

926.43467 140.54464
926.73306 139.14789

926.88226 138.38603
927.18065 136.98928

927.32985 136.22742
927.6282299999999 134.83067

927.77743 134.0688
928.07582 132.54508

928.22501 131.9102
928.52341 130.38648

928.6726 129.75159
928.9709799999999 128.22787

929.12018 127.59299
929.41857 126.06925

929.56777 125.30739
929.86616 123.91065

930.01536 123.14878
930.3137399999999 121.75204000000001

930.46293 120.99018
930.76133 119.59343

930.91052 118.83157
931.2089100000001 117.43481

931.35811 116.67295
931.65649 115.2762

931.80569 114.51434
932.1040800000001 112.99062

932.25327 112.35574
932.5516700000001 110.83201

932.70086 110.19713
932.99924 108.67339

933.14844 108.03851
933.4468300000001 106.51479

933.59603 105.75292
933.8944200000001 104.35618000000001

934.04362 103.59432
934.342 102.19757

934.49119 101.4357
934.78959 100.03895

934.93878 99.277091
935.23717 97.880345

935.38637 97.118483
935.68475 95.721737

935.83395 94.959876
936.13234 93.56313

936.28154 92.801257
936.57993 91.277534

936.72912 90.64265
937.0274999999999 89.118927

937.1767 88.484042
937.47509 86.960319

937.62429 86.198458
937.92268 84.80170100000001

938.07188 84.039839
938.3702599999999 82.64309300000001

938.51945 81.881232
938.81785 80.484486

938.96704 79.722624
939.26543 78.325878

939.41463 77.564017
939.7130099999999 76.16726000000001

939.86221 75.405398
940.1606 74.00865200000001

940.3098 73.246791
940.60819 71.723068

940.75738 71.088183
941.05578 69.56446

941.20496 68.929576
941.5033500000001 67.40584199999999

941.65255 66.64398
941.9509400000001 65.247234

942.10014 64.485373
942.39853 63.088626999999995

942.54771 62.326765
942.8461100000001 60.930019

942.9953 60.168158
943.2936900000001 58.771401

943.44289 58.009539
943.7412800000001 56.612792999999996

943.89047 55.850932
944.1888600000001 54.454186

944.33806 53.692324
944.6364500000001 52.168602

944.78564 51.533717
945.08404 50.009983000000005

945.23322 49.375098
945.53161 47.851375000000004

945.68081 47.089514
945.9792 45.692768

946.1284 44.930907
946.4267900000001 43.534155999999996

946.57599 42.772294
946.87437 41.375545

947.02356 40.613682
947.32195 39.216935

947.47115 38.455073
947.76954 37.058324999999996

947.91874 36.296462
948.2171199999999 35.026692

830.0548 82.088725
830.0548 154.13832

923.30159 155.90886
923.30159 35.026692

910.91841 201.23968
910.91841 35.026692

898.53524 201.23968
898.53524 35.026692

886.00287 201.23968
886.00287 35.026692

873.6197 201.23968
873.6197 35.026692

848.70416 201.23968
848.70416 35.026692

861.08733 201.23968
861.08733 35.026692

764.40907 82.05558
764.40907 154.13345

745.9089 201.23968
745.9089 35.026692

733.37653 201.23968
733.37653 35.026692

720.99336 201.23968
720.99336 35.026692

708.6102 201.23968
708.6102 35.026692

696.07783 201.23968
696.07783 35.026692

683.69465 201.23968
683.69465 35.026692

671.31148 155.90886
671.31148 35.026692

1029.3792 183.71684
1029.3792 35.026692

1022.5162 183.71684
1022.5162 26.773181

961.64466 35.026692
961.64466 201.23968

968.50762 26.773181
968.50762 207.58853

573.14127 183.71684
573.14127 26.773181

1041.3147 161.11493
1041.3147 65.247234

1132.3237 161.11493
1132.3237 51.660694

463.37833 161.11493
463.37833 58.682145

554.34271 161.11493
554.34271 72.166938

566.12911 183.71684
566.12911 35.026692

451.39827 201.23968
451.39827 35.026692

441.70061 209.36621
441.70061 26.773181

1153.9569 209.36621
1153.9569 26.773181

1144.2592 201.23968
1144.2592 35.026692

801.111 35.026692
801.111 201.23968

793.50206 35.026692
793.50206 201.23968

633.86357 201.23968
633.86357 35.026692

627.00061 201.23968
627.00061 26.773181

1029.3792 35.026692
1144.2592 35.026692

1022.5162 26.773181
1153.9569000000001 26.773181

966.07586 26.771877
1097.5166 26.771877

1144.2592 49.883006
1142.0212999999999 50.263937

1141.2753 50.390914
1139.4850000000001 50.644868

1138.739 50.771844
1136.9486 51.025798

1136.2027 51.152775
1134.4124000000002 51.40674

1133.5172 51.533717
1131.8761 51.787671

1130.9809 51.914648
1129.3397 52.168602

1128.4445 52.295578
1126.8035 52.549532

1125.9083 52.676509
1124.2671 52.930463

1123.372 53.05744
1121.7308 53.311394

1120.8356 53.438371
1119.0453000000002 53.692324

1118.2994 53.819301
1116.509 54.073255

1115.763 54.200232
1113.9727 54.454186

1113.2267 54.581163
1111.4362999999998 54.835117

1110.5412 54.962094
1108.9000999999998 55.216047

1108.0049 55.343024
1106.3637999999999 55.596978

1105.4686 55.723955
1103.8274 55.977909

1102.9322 56.104886
1101.2911 56.35884

1100.3959 56.485816
1098.7548 56.73977

1097.8597 56.866747
1096.2185 57.120701

1095.3233 57.247678
1093.5330000000001 57.501632

1092.787 57.628609
1090.9966 57.882562

1090.2507 58.009539
1088.4604000000002 58.263493

1087.5652 58.39047
1085.924 58.644424

1085.0289 58.771401
1083.3877 59.025355

1082.4925 59.152332
1080.8515 59.406285000000004

1079.9563 59.533262
1078.3151 59.787227

1077.42 59.914204
1075.7788 60.168158

1074.8836 60.295135
1073.2423999999999 60.549089

1072.3473 60.676066
1070.557 60.930019

1069.811 61.056996
1068.0207 61.31095

1067.2747 61.437927
1065.4842999999998 61.691881

1064.5892 61.818858
1062.9479999999999 62.072812

1062.0528 62.199789
1060.4117999999999 62.453742000000005

1059.5166 62.580719
1057.8754 62.834673

1056.9802 62.96165
1055.3391 63.215604

1054.4439 63.342581
1052.8028 63.596535

1051.9076 63.723511
1050.2665 63.977465

1049.3713 64.104442
1047.5809 64.358396

1046.8349 64.485373
1045.0446000000002 64.73932699999999

1044.2986 64.866304
1042.5084000000002 65.120257

1041.7624 65.247234
1039.972 65.501188

1039.0768 65.628165
1037.4357 65.88211899999999

1036.5405 66.009096
1034.8993 66.26304999999999

1034.0042 66.390027
1032.3631 66.64398

1031.4679 66.770957
1029.3792 67.02491099999999

1144.2592 92.29335
1029.3791999999999 92.29335

1144.2592 60.422112
1073.2423999999999 60.422112

1144.2592 71.088183
1029.3791999999999 71.088183

1144.2592 81.627278
1029.3791999999999 81.627278

1144.2592 65.755142
1132.3237 65.755142

1144.2592 55.216047
1132.3237 55.216047

1144.2592 97.499414
1132.3237 97.499414

1144.2592 86.960319
1132.3237 86.960319

1144.2592 76.421214
1132.3237 76.421214

1041.3147 65.755142
1037.734 65.755142

1041.3147 86.960319
1029.3791999999999 86.960319

1041.3147 76.421214
1029.3791999999999 76.421214

1041.3147 97.499414
1029.3791999999999 97.499414

554.34271 97.499414
566.12911 97.499414

554.34271 76.421214
566.12911 76.421214

554.34271 86.960319
566.12911 86.960319

451.39827 92.29335
566.12911 92.29335

451.39827 81.627278
566.12911 81.627278

451.39827 71.088183
547.43996 71.088183

451.39827 35.026692
566.12911 35.026692

441.70061 26.773181
573.14127 26.773181

542.48889 26.770302
673.92955 26.770302

764.36599 82.135186
793.50206 82.135186

633.86357 35.026692
793.50206 35.026692

627.00061 26.773181
968.50762 26.773181

935.83395 95.467783
935.83395 35.026692

801.111 35.026692
961.64466 35.026692

935.83395 70.072368
927.47903 70.072368

935.83395 83.658909
927.47903 83.658909

931.65649 83.658909
931.65649 70.072368

939.86221 75.278421
939.86221 70.072368

941.05578 70.072368
939.86221 70.072368

894.35779 83.658909
894.35779 70.072368

906.74096 83.658909
906.74096 70.072368

902.5635 83.658909
902.5635 70.072368

919.27332 83.658909
919.27332 70.072368

915.09586 83.658909
915.09586 70.072368

927.47903 83.658909
927.47903 70.072368

923.30159 70.072368
915.09586 70.072368

910.91841 70.072368
902.5635 70.072368

923.30159 83.658909
915.09586 83.658909

910.91841 83.658909
902.5635 83.658909

881.82542 83.658909
881.82542 70.072368

877.79716 83.658909
877.79716 70.072368

890.18033 83.658909
890.18033 70.072368

886.00287 70.072368
877.7971600000001 70.072368

886.00287 83.658909
877.7971600000001 83.658909

898.53524 70.072368
890.18033 70.072368

898.53524 83.658909
890.18033 83.658909

830.0924 82.135186
801.111 82.135186

865.26479 83.658909
865.26479 70.072368

869.44224 83.658909
869.44224 70.072368

844.5267 83.658909
844.5267 70.072368

857.05907 83.658909
857.05907 70.072368

852.88161 83.658909
852.88161 70.072368

873.6197 70.072368
865.26479 70.072368

861.08733 70.072368
852.8816099999999 70.072368

873.6197 83.658909
865.26479 83.658909

861.08733 83.658909
852.8816099999999 83.658909

840.34924 83.658909
840.34924 70.072368

848.70416 70.072368
840.34924 70.072368

848.70416 83.658909
840.34924 83.658909

813.79257 78.579832
801.111 78.579832

813.79257 82.135186
813.79257 78.579832

780.8205 82.135186
780.8205 78.579832

780.8205 78.579832
793.50206 78.579832

658.77911 95.467783
658.77911 35.026692

658.77911 70.072368
667.1340299999999 70.072368

658.77911 83.658909
667.1340299999999 83.658909

720.99336 70.072368
729.3482700000001 70.072368

720.99336 83.658909
729.3482700000001 83.658909

733.37653 70.072368
741.73145 70.072368

733.37653 83.658909
741.73145 83.658909

725.17082 83.658909
725.17082 70.072368

729.34827 83.658909
729.34827 70.072368

745.9089 70.072368
754.1146200000001 70.072368

745.9089 83.658909
754.1146200000001 83.658909

741.73145 83.658909
741.73145 70.072368

737.55399 83.658909
737.55399 70.072368

754.11462 83.658909
754.11462 70.072368

750.08636 83.658909
750.08636 70.072368

671.31148 70.072368
679.5172 70.072368

671.31148 83.658909
679.5172 83.658909

667.13403 83.658909
667.13403 70.072368

683.69465 70.072368
692.04957 70.072368

683.69465 83.658909
692.04957 83.658909

679.5172 83.658909
679.5172 70.072368

675.33974 83.658909
675.33974 70.072368

696.07783 70.072368
704.43274 70.072368

696.07783 83.658909
704.43274 83.658909

692.04957 83.658909
692.04957 70.072368

687.87211 83.658909
687.87211 70.072368

708.6102 70.072368
716.8159099999999 70.072368

708.6102 83.658909
716.8159099999999 83.658909

700.25528 83.658909
700.25528 70.072368

704.43274 83.658909
704.43274 70.072368

716.81591 83.658909
716.81591 70.072368

712.63846 83.658909
712.63846 70.072368

654.60166 75.278421
654.60166 70.072368

662.95657 83.658909
662.95657 70.072368

653.55729 70.072368
654.6016599999999 70.072368

451.39827 97.499414
463.18466 97.499414

451.39827 76.421214
463.18466 76.421214

451.52022 64.332657
463.30661 64.332657

451.39827 86.960319
463.18466 86.960319

968.50762 469.41527
981.78597 469.41527

968.50762 466.4948
981.78597 466.4948

981.78597 466.4948
968.50762 466.4948

1019.6815 379.5155
1019.6815 350.6917

1029.3792 379.5155
1029.3792 350.6917

1029.3792 244.66583
1029.3792 220.5402

1144.2592 124.03762
1029.3791999999999 124.03762

1144.2592 134.57671
1029.3791999999999 134.57671

1144.2592 145.24279
1029.3791999999999 145.24279

1144.2592 155.78189
1029.3791999999999 155.78189

1144.2592 113.37155
1029.3791999999999 113.37155

1144.2592 102.83246
1029.3791999999999 102.83246

1144.2592 129.24369
1132.3237 129.24369

1144.2592 118.70459
1132.3237 118.70459

1144.2592 108.16549
1132.3237 108.16549

1144.2592 161.11493
1132.3237 161.11493

1144.2592 150.44884
1132.3237 150.44884

1144.2592 139.90975
1132.3237 139.90975

1001.7781 163.40051
1001.7781 102.32455

1001.0321 163.40051
1001.0321 102.45153

1041.3147 129.24369
1029.3791999999999 129.24369

1041.3147 118.70459
1029.3791999999999 118.70459

1041.3147 108.16549
1029.3791999999999 108.16549

1022.5162 127.08508
1001.7781 127.08508

1022.5162 130.64043
1001.7781 130.64043

1022.5888 102.37742
1000.9568 102.37742

1022.5162 104.73711
1001.7781 104.73711

1022.5162 108.29246
1001.7781 108.29246

1022.5162 111.72085
1001.7781 111.72085

1022.5162 115.2762
1001.7781 115.2762

1041.3147 161.11493
1029.3791999999999 161.11493

1041.3147 150.44884
1029.3791999999999 150.44884

1041.3147 139.90975
1029.3791999999999 139.90975

1022.5162 155.27398
1001.7781 155.27398

1022.5162 158.82933
1001.7781 158.82933

1022.5162 162.3847
1001.7781 162.3847

1001.7781 163.40051
1001.0321 163.40051

1001.5048 166.01254
1001.5048 163.3404

1022.5162 134.0688
1001.7781 134.0688

1022.5162 137.62417
1001.7781 137.62417

1022.5162 141.17952
1001.7781 141.17952

1022.5162 144.73488
1001.7781 144.73488

1022.5162 148.29024
1001.7781 148.29024

1022.5162 151.71861
1001.7781 151.71861

1144.2592 174.06658
1057.7008 174.06658

1029.3792 209.36621
1153.9569000000001 209.36621

1029.3792 201.23968
1144.2592 201.23968

1049.6696 201.23968
1053.5487 192.60523

1029.3792 201.23968
1029.3792 194.5099

1022.5162 201.23968
1022.5162 194.5099

1045.2037 201.23521
1057.78 174.03354

1053.5487 192.60523
1049.6696 191.33547000000002

1022.5162 194.5099
1029.3792 194.5099

1022.5162 194.5099
1029.3792 194.5099

1022.5162 183.71684
1029.3792 183.71684

1022.5162 183.71684
1029.3792 183.71684

1001.6289 165.94005
1022.5162 165.94005

1022.5162 201.23968
1019.6815 201.23968

1019.6815 220.5402
1019.6815 201.23968

1029.3792 220.5402
1029.3792 209.36621

1029.3792 220.5402
1019.6815 220.5402

1029.3792 220.5402
1019.6815 220.5402

1029.3792 297.74226
1029.3792 273.61661

1019.6815 273.61661
1019.6815 244.66583

1029.3792 273.61661
1029.3792 244.66583

1029.3792 244.66583
1019.6815 244.66583

1029.3792 244.66583
1019.6815 244.66583

1029.3792 273.61661
1019.6815 273.61661

1029.3792 273.61661
1019.6815 273.61661

1019.6815 326.56605
1019.6815 297.74226

1029.3792 326.56605
1029.3792 297.74226

1029.3792 297.74226
1019.6815 297.74226

1029.3792 297.74226
1019.6815 297.74226

1029.3792 350.6917
1029.3792 326.56605

1029.3792 350.6917
1019.6815 350.6917

1029.3792 326.56605
1019.6815 326.56605

1029.3792 326.56605
1019.6815 326.56605

1029.3792 350.6917
1019.6815 350.6917

1019.6815 485.54136
1019.6815 469.41527

1029.3792 485.54136
1029.3792 469.41527

1019.6815 432.59192
1019.6815 403.64114

1029.3792 432.59192
1029.3792 403.64114

1029.3792 403.64114
1029.3792 379.5155

1029.3792 379.5155
1019.6815 379.5155

1029.3792 379.5155
1019.6815 379.5155

1029.3792 403.64114
1019.6815 403.64114

1029.3792 403.64114
1019.6815 403.64114

1029.3792 456.59059
1029.3792 432.59192

1029.3792 432.59192
1019.6815 432.59192

1029.3792 432.59192
1019.6815 432.59192

981.78597 466.4948
981.78597 469.41527

981.78597 469.41527
981.78597 466.4948

981.78597 466.4948
981.78597 469.41527

981.78597 469.41527
981.78597 466.4948

1019.6815 466.4948
1019.6815 456.59059

1005.9556 466.4948
1005.9556 469.41527

1005.9556 469.41527
1005.9556 466.4948

1005.9556 466.4948
1005.9556 469.41527

1005.9556 469.41527
1005.9556 466.4948

1005.9556 469.41527
1019.6815 469.41527

1019.6815 469.41527
1005.9556 469.41527

1005.9556 466.4948
1019.6815 466.4948

1019.6815 466.4948
1005.9556 466.4948

1029.3792 469.41527
1029.3792 456.59059

1029.3792 456.59059
1019.6815 456.59059

1029.3792 456.59059
1019.6815 456.59059

1019.6815 466.4948
1019.6815 456.59059

1029.3792 469.41527
1029.3792 456.59059

1019.6815 529.09449
1019.6815 509.667

1029.3792 520.84098
1029.3792 509.667

1029.3792 509.667
1029.3792 485.54136

1029.3792 485.54136
1019.6815 485.54136

1029.3792 485.54136
1019.6815 485.54136

1029.3792 509.667
1019.6815 509.667

1029.3792 509.667
1019.6815 509.667

1029.3792 520.84098
1033.7058000000002 520.84098

1033.7058 520.84098
1033.7058 529.09449

1033.7058 520.84098
1033.7058 529.09449

1019.6815 529.09449
1033.7058 529.09449

566.12911 379.5155
566.12911 350.6917

575.82678 379.5155
575.82678 350.6917

651.17018 351.83449
675.6381299999999 353.61217

675.6381299999999 353.61217
699.9568899999999 355.00892

699.9568899999999 355.00892
724.4248499999999 356.15172

724.4248499999999 356.15172
748.8927999999999 357.04056

748.8927999999999 357.04056
773.3607599999998 357.54846000000003

773.3607599999998 357.54846000000003
797.8287099999998 357.67544000000004

797.8287099999998 357.67544000000004
822.2966699999997 357.54846000000003

822.2966699999997 357.54846000000003
846.7646199999997 357.04056

846.7646199999997 357.04056
871.2325799999996 356.15172

871.2325799999996 356.15172
895.7005399999996 355.00892

895.7005399999996 355.00892
920.1684899999996 353.61217

920.1684899999996 353.61217
944.4872499999996 351.83449

627.00061 398.68904
627.00061 252.41144

635.35552 398.68904
635.35552 258.88727

968.50762 398.68904
968.50762 252.41144

960.3019 398.68904
960.3019 258.88727

736.50963 360.088
736.50963 353.10426

752.32429 353.48519
752.32429 360.59591

843.18395 353.61217
843.18395 360.59591

859.14779 360.088
859.14779 353.10426

554.34271 161.11493
566.12911 161.11493

554.34271 139.90975
566.12911 139.90975

554.34271 129.24369
566.12911 129.24369

554.34271 150.44884
566.12911 150.44884

554.34271 108.16549
566.12911 108.16549

554.34271 118.70459
566.12911 118.70459

451.39827 102.83246
566.12911 102.83246

451.39827 113.37155
566.12911 113.37155

451.39827 155.78189
566.12911 155.78189

451.39827 145.24279
566.12911 145.24279

451.39827 134.57671
566.12911 134.57671

451.39827 124.03762
566.12911 124.03762

451.39827 201.23968
566.12911 201.23968

441.70061 209.36621
566.12911 209.36621

566.12911 244.66583
566.12911 220.5402

678.32364 234.76162
678.32364 207.58853

678.92041 234.25372
678.92041 224.60345999999998

766.79618 234.76162
766.79618 207.58853

828.71205 234.76162
828.71205 207.58853

829.30882 234.25372
829.30882 207.58853

878.69232 234.25372
878.69232 207.58853

879.28911 234.76162
879.28911 207.58853

764.3218 154.13119
793.50206 154.13119

627.00061 207.58853
773.80834 207.58853

633.86357 201.23968
773.80834 201.23968

844.5267 166.06703
844.5267 152.60746

840.34924 166.06703
840.34924 152.60746

857.05907 166.06703
857.05907 152.60746

852.88161 166.06703
852.88161 152.60746

865.26479 166.06703
865.26479 152.60746

869.44224 166.06703
869.44224 152.60746

881.82542 166.06703
881.82542 152.60746

877.79716 166.06703
877.79716 152.60746

894.35779 166.06703
894.35779 152.60746

890.18033 166.06703
890.18033 152.60746

906.74096 166.06703
906.74096 152.60746

902.5635 166.06703
902.5635 152.60746

915.09586 166.06703
915.09586 152.60746

919.27332 166.06703
919.27332 152.60746

923.30159 152.60746
915.09586 152.60746

910.91841 152.60746
902.5635 152.60746

886.00287 152.60746
877.7971600000001 152.60746

898.53524 152.60746
890.18033 152.60746

830.13591 154.13119
801.111 154.13119

873.6197 152.60746
865.26479 152.60746

861.08733 152.60746
852.8816099999999 152.60746

848.70416 152.60746
840.34924 152.60746

813.79257 157.68654
801.111 157.68654

813.79257 154.13119
813.79257 157.68654

780.8205 154.13119
780.8205 157.68654

780.8205 157.68654
793.50206 157.68654

820.80473 207.58853
968.50762 207.58853

820.80473 201.23968
961.64466 201.23968

921.21285 166.06703
915.09586 166.06703

910.91841 166.06703
902.5635 166.06703

886.00287 166.06703
877.7971600000001 166.06703

898.53524 166.06703
890.18033 166.06703

873.6197 166.06703
865.26479 166.06703

861.08733 166.06703
852.8816099999999 166.06703

848.70416 166.06703
840.34924 166.06703

773.80834 207.58853
773.80834 201.23968

786.48991 207.58853
786.48991 201.23968

773.80834 207.58853
773.80834 201.23968

786.48991 207.58853
786.48991 201.23968

801.111 201.23968
808.12316 201.23968

808.12316 207.58853
808.12316 201.23968

808.12316 207.58853
808.12316 201.23968

786.48991 207.58853
808.12316 207.58853

786.48991 201.23968
793.50206 201.23968

820.80473 207.58853
820.80473 201.23968

820.80473 207.58853
820.80473 201.23968

679.5172 166.06703
679.5172 152.60746

675.33974 166.06703
675.33974 152.60746

692.04957 166.06703
692.04957 152.60746

687.87211 166.06703
687.87211 152.60746

704.43274 166.06703
704.43274 152.60746

700.25528 166.06703
700.25528 152.60746

716.81591 166.06703
716.81591 152.60746

712.63846 166.06703
712.63846 152.60746

725.17082 166.06703
725.17082 152.60746

729.34827 166.06703
729.34827 152.60746

741.73145 166.06703
741.73145 152.60746

737.55399 166.06703
737.55399 152.60746

754.11462 166.06703
754.11462 152.60746

750.08636 166.06703
750.08636 152.60746

720.99336 152.60746
729.3482700000001 152.60746

733.37653 152.60746
741.73145 152.60746

745.9089 152.60746
754.1146200000001 152.60746

671.31148 152.60746
679.5172 152.60746

683.69465 152.60746
692.04957 152.60746

696.07783 152.60746
704.43274 152.60746

708.6102 152.60746
716.8159099999999 152.60746

594.47613 163.40051
594.47613 102.45153

593.87935 163.40051
593.87935 102.32455

573.14127 130.64043
593.8793499999999 130.64043

573.14127 127.08508
593.8793499999999 127.08508

573.14127 115.2762
593.8793499999999 115.2762

573.14127 111.72085
593.8793499999999 111.72085

573.14127 108.29246
593.8793499999999 108.29246

573.14127 104.73711
593.8793499999999 104.73711

573.14127 102.50462
594.5013799999999 102.50462

593.87935 163.40051
594.47613 163.40051

594.17272 163.34357
594.17272 166.00766

573.14127 162.3847
593.8793499999999 162.3847

573.14127 158.82933
593.8793499999999 158.82933

573.14127 155.27398
593.8793499999999 155.27398

573.14127 151.71861
593.8793499999999 151.71861

573.14127 148.29024
593.8793499999999 148.29024

573.14127 144.73488
593.8793499999999 144.73488

573.14127 141.17952
593.8793499999999 141.17952

573.14127 137.62417
593.8793499999999 137.62417

573.14127 134.0688
593.8793499999999 134.0688

720.99336 166.06703
729.3482700000001 166.06703

733.37653 166.06703
741.73145 166.06703

745.9089 166.06703
754.1146200000001 166.06703

673.4002 166.06703
679.5172 166.06703

683.69465 166.06703
692.04957 166.06703

696.07783 166.06703
704.43274 166.06703

708.6102 166.06703
716.8159099999999 166.06703

678.92041 224.60346
766.1994 224.60346

678.32364 224.09555
766.1994 224.09555

720.99336 224.09555
720.99336 207.58853

724.87243 224.09555
724.87243 207.58853

728.6023 224.09555
728.6023 207.58853

732.48137 224.09555
732.48137 207.58853

743.67098 224.09555
743.67098 207.58853

747.40085 224.09555
747.40085 207.58853

751.27992 224.09555
751.27992 207.58853

755.15898 224.09555
755.15898 207.58853

759.03806 224.09555
759.03806 207.58853

762.91712 224.09555
762.91712 207.58853

766.1994 234.25372
766.1994 207.58853

682.20271 224.09555
682.20271 207.58853

686.08177 224.09555
686.08177 207.58853

689.96083 224.09555
689.96083 207.58853

693.8399 224.09555
693.8399 207.58853

697.71896 224.09555
697.71896 207.58853

701.59804 224.09555
701.59804 207.58853

705.4771 224.09555
705.4771 207.58853

709.35617 224.09555
709.35617 207.58853

713.23523 224.09555
713.23523 207.58853

717.1143 224.09555
717.1143 207.58853

573.14127 201.23968
573.14127 194.5099

566.12911 201.23968
566.12911 194.5099

573.14127 183.71684
566.12911 183.71684

573.14127 194.5099
566.12911 194.5099

573.14127 183.71684
566.12911 183.71684

573.14127 194.5099
566.12911 194.5099

594.02854 165.94005
573.14127 165.94005

627.00061 207.58853
627.00061 201.23968

573.14127 201.23968
575.82678 201.23968

575.82678 220.5402
575.82678 201.23968

566.12911 220.5402
566.12911 209.36621

566.12911 220.5402
575.82678 220.5402

566.12911 220.5402
575.82678 220.5402

627.00061 252.41144
968.50762 252.41144

635.35552 258.88727
960.3019 258.88727

651.17018 298.88505
675.6381299999999 300.66272999999995

675.6381299999999 300.66272999999995
699.9568899999999 302.18645

699.9568899999999 302.18645
724.4248499999999 303.32923999999997

724.4248499999999 303.32923999999997
748.8927999999999 304.09112

748.8927999999999 304.09112
773.3607599999998 304.59902

773.3607599999998 304.59902
797.8287099999998 304.726

797.8287099999998 304.726
822.2966699999997 304.59902

822.2966699999997 304.59902
846.7646199999997 304.09112

846.7646199999997 304.09112
871.2325799999996 303.32923999999997

871.2325799999996 303.32923999999997
895.7005399999996 302.18645

895.7005399999996 302.18645
920.1684899999996 300.66272999999995

920.1684899999996 300.66272999999995
944.4872499999996 298.88505

651.17018 309.42415
675.6381299999999 311.20182

675.6381299999999 311.20182
699.9568899999999 312.72556

699.9568899999999 312.72556
724.4248499999999 313.86834999999996

724.4248499999999 313.86834999999996
748.8927999999999 314.63021

748.8927999999999 314.63021
773.3607599999998 315.13811999999996

773.3607599999998 315.13811999999996
797.8287099999998 315.39206999999993

797.8287099999998 315.39206999999993
822.2966699999997 315.13811999999996

822.2966699999997 315.13811999999996
846.7646199999997 314.63021

846.7646199999997 314.63021
871.2325799999996 313.86834999999996

871.2325799999996 313.86834999999996
895.7005399999996 312.72556

895.7005399999996 312.72556
920.1684899999996 311.20182

920.1684899999996 311.20182
944.4872499999996 309.42415

651.17018 320.09022
675.6381299999999 321.86791

675.6381299999999 321.86791
699.9568899999999 323.26465

699.9568899999999 323.26465
724.4248499999999 324.40745000000004

724.4248499999999 324.40745000000004
748.8927999999999 325.29628

748.8927999999999 325.29628
773.3607599999998 325.80419

773.3607599999998 325.80419
797.8287099999998 325.93117

797.8287099999998 325.93117
822.2966699999997 325.80419

822.2966699999997 325.80419
846.7646199999997 325.29628

846.7646199999997 325.29628
871.2325799999996 324.40745000000004

871.2325799999996 324.40745000000004
895.7005399999996 323.26465

895.7005399999996 323.26465
920.1684899999996 321.86791

920.1684899999996 321.86791
944.4872499999996 320.09022

651.17018 330.62932
675.6381299999999 332.407

675.6381299999999 332.407
699.9568899999999 333.93072

699.9568899999999 333.93072
724.4248499999999 335.07352000000003

724.4248499999999 335.07352000000003
748.8927999999999 335.83538000000004

748.8927999999999 335.83538000000004
773.3607599999998 336.34329

773.3607599999998 336.34329
797.8287099999998 336.47026

797.8287099999998 336.47026
822.2966699999997 336.34329

822.2966699999997 336.34329
846.7646199999997 335.83538000000004

846.7646199999997 335.83538000000004
871.2325799999996 335.07352000000003

871.2325799999996 335.07352000000003
895.7005399999996 333.93072

895.7005399999996 333.93072
920.1684899999996 332.407

920.1684899999996 332.407
944.4872499999996 330.62932

651.17018 341.16842
675.6381299999999 343.07307000000003

675.6381299999999 343.07307000000003
699.9568899999999 344.46982

699.9568899999999 344.46982
724.4248499999999 345.61261

724.4248499999999 345.61261
748.8927999999999 346.50146

748.8927999999999 346.50146
773.3607599999998 346.88239

773.3607599999998 346.88239
797.8287099999998 347.13635

797.8287099999998 347.13635
822.2966699999997 346.88239

822.2966699999997 346.88239
846.7646199999997 346.50146

846.7646199999997 346.50146
871.2325799999996 345.61261

871.2325799999996 345.61261
895.7005399999996 344.46982

895.7005399999996 344.46982
920.1684899999996 342.9461

920.1684899999996 342.9461
944.4872499999996 341.16842

839.30488 285.2985
756.35255 285.2985

763.21551 276.41011
832.29272 276.41011

828.71205 234.76162
879.2891099999999 234.76162

829.30882 234.25372
878.69232 234.25372

877.64796 278.72633
877.64796 258.88727

832.29272 276.41011
832.29272 285.2985

839.31049 285.26716
877.71787 278.71452999999997

960.3019 298.88505
944.48725 298.88505

960.3019 302.31343
944.48725 302.31343

960.3019 295.3297
944.34966 295.3297

944.48725 295.36171
944.48725 302.31343000000004

960.3019 305.86879
944.48725 305.86879

960.3019 309.42415
944.48725 309.42415

960.3019 312.97951
944.48725 312.97951

960.3019 316.40789
944.48725 316.40789

960.3019 319.96324
944.48725 319.96324

960.3019 323.51861
944.48725 323.51861

944.48725 305.86879
944.48725 312.97951

944.48725 316.40789
944.48725 323.51861

960.3019 327.07396
944.48725 327.07396

960.3019 337.61307
944.48725 337.61307

960.3019 348.27914
944.48725 348.27914

960.3019 330.62932
944.48725 330.62932

960.3019 341.16842
944.48725 341.16842

960.3019 351.70751
944.48725 351.70751

960.3019 334.0577
944.48725 334.0577

960.3019 344.72377
944.48725 344.72377

960.3019 355.26288
944.48725 355.26288

944.48725 327.07396
944.48725 334.0577

944.48725 337.61307
944.48725 344.72377

944.48725 348.27914
944.48725 355.26288

843.18395 321.74093
843.18395 328.85164

859.14779 328.34373
859.14779 321.36

843.18395 307.64647
843.18395 300.56541000000004

859.14779 307.26554
859.14779 300.1825

843.18395 311.20182
843.18395 318.31254

859.14779 317.80463
859.14779 310.69392

843.08383 300.53466
859.24792 300.28288999999995

843.18395 311.20182
859.14779 310.69392

843.18395 318.31254
859.14779 317.80463000000003

843.18395 307.64647
859.14779 307.26554000000004

843.18395 321.74093
859.14779 321.36

843.18395 332.407
843.18395 339.39074

843.18395 342.9461
843.18395 350.05681

859.14779 339.00981
859.14779 331.89909

859.14779 349.54891
859.14779 342.56516999999997

843.18395 332.407
859.14779 331.89909

843.18395 342.9461
859.14779 342.56517

843.18395 353.61217
859.14779 353.10426

843.18395 328.85164
859.14779 328.34373

843.18395 339.39074
859.14779 339.00981

843.18395 350.05681
859.14779 349.54891

566.12911 297.74226
566.12911 273.61661

717.86028 258.88727
717.86028 278.46116

678.32364 234.76162
766.7961799999999 234.76162

678.92041 234.25372
766.1994 234.25372

717.80786 278.36536
756.34605 285.26278

763.21551 285.2985
763.21551 276.41011

566.12911 273.61661
566.12911 244.66583

575.82678 273.61661
575.82678 244.66583

566.12911 244.66583
575.82678 244.66583

566.12911 244.66583
575.82678 244.66583

566.12911 273.61661
575.82678 273.61661

566.12911 273.61661
575.82678 273.61661

736.50963 328.34373
736.50963 321.36

752.32429 321.74093
752.32429 328.85164

736.50963 317.80463
736.50963 310.69392

752.32429 311.20182
752.32429 318.31254

736.50963 300.245
736.50963 307.26554

752.32429 300.50291
752.32429 307.64646999999997

736.53461 300.28281
752.3547500000001 300.53474

736.50963 307.26554
752.32429 307.64646999999997

736.50963 310.69392
752.32429 311.20182

736.50963 317.80463
752.32429 318.31253999999996

736.50963 321.36
752.32429 321.74093

736.50963 339.00981
736.50963 331.89909

736.50963 349.54891
736.50963 342.56516999999997

752.32429 332.407
752.32429 339.39074

752.32429 342.9461
752.32429 350.05681

736.50963 331.89909
752.32429 332.407

736.50963 342.56517
752.32429 342.9461

736.50963 353.10426
752.32429 353.48519

736.50963 328.34373
752.32429 328.85164

736.50963 339.00981
752.32429 339.39074

736.50963 349.54891
752.32429 350.05681

566.12911 326.56605
566.12911 297.74226

575.82678 326.56605
575.82678 297.74226

651.17018 298.88505
635.35552 298.88505

651.17018 302.31343
635.35552 302.31343

651.24697 295.3297
635.35552 295.3297

651.17018 302.31343
651.17018 295.38381

651.17018 305.86879
635.35552 305.86879

651.17018 309.42415
635.35552 309.42415

651.17018 312.97951
635.35552 312.97951

651.17018 316.40789
635.35552 316.40789

651.17018 319.96324
635.35552 319.96324

651.17018 323.51861
635.35552 323.51861

651.17018 312.97951
651.17018 305.86879

651.17018 323.51861
651.17018 316.40789

566.12911 297.74226
575.82678 297.74226

566.12911 297.74226
575.82678 297.74226

651.17018 327.07396
635.35552 327.07396

651.17018 337.61307
635.35552 337.61307

651.17018 348.27914
635.35552 348.27914

651.17018 330.62932
635.35552 330.62932

651.17018 341.16842
635.35552 341.16842

651.17018 351.70751
635.35552 351.70751

651.17018 334.0577
635.35552 334.0577

651.17018 344.72377
635.35552 344.72377

651.17018 355.26288
635.35552 355.26288

651.17018 334.0577
651.17018 327.07396

651.17018 344.72377
651.17018 337.61307

651.17018 355.26288
651.17018 348.27914

566.12911 326.56605
575.82678 326.56605

566.12911 350.6917
575.82678 350.6917

566.12911 350.6917
575.82678 350.6917

566.12911 326.56605
575.82678 326.56605

566.12911 350.6917
566.12911 326.56605

451.39827 161.11493
463.18466 161.11493

451.39827 139.90975
463.18466 139.90975

451.39827 129.24369
463.18466 129.24369

451.39827 150.44884
463.18466 150.44884

451.39827 108.16549
463.18466 108.16549

451.39827 118.70459
463.18466 118.70459

451.39827 174.06658
538.07793 174.06658

545.83861 201.23968
542.10874 192.60523

550.30503 201.23547
538.01228 174.04012

542.10874 192.60523
545.98781 191.33547000000002

575.82678 485.54136
575.82678 469.41527

673.10182 472.97063
673.10182 502.30233000000004

677.13008 472.97063
677.13008 502.30233000000004

681.30754 472.97063
681.30754 502.30233000000004

685.48499 472.97063
685.48499 502.30233000000004

689.66244 472.97063
689.66244 502.30233000000004

693.8399 472.97063
693.8399 502.30233000000004

697.86816 472.97063
697.86816 502.30233000000004

702.04562 472.97063
702.04562 502.30233000000004

706.22307 472.97063
706.22307 502.30233000000004

566.12911 485.54136
566.12911 469.41527

856.90987 502.30233
856.90987 472.97062999999997

852.73242 502.30233
852.73242 472.97062999999997

848.70416 502.30233
848.70416 472.97062999999997

844.5267 502.30233
844.5267 472.97062999999997

840.34924 502.30233
840.34924 472.97062999999997

836.17179 502.30233
836.17179 472.97062999999997

831.99433 502.30233
831.99433 472.97062999999997

731.13861 472.97063
731.13861 502.30233000000004

735.31607 472.97063
735.31607 502.30233000000004

739.49353 472.97063
739.49353 502.30233000000004

743.67098 472.97063
743.67098 502.30233000000004

747.69924 472.97063
747.69924 502.30233000000004

751.8767 472.97063
751.8767 502.30233000000004

756.05416 472.97063
756.05416 502.30233000000004

760.23161 472.97063
760.23161 502.30233000000004

764.25987 472.97063
764.25987 502.30233000000004

635.65391 526.301
635.65391 472.97063

627.00061 469.41527
627.00061 526.301

922.854 502.30233
922.854 472.97062999999997

918.67654 502.30233
918.67654 472.97062999999997

914.49909 502.30233
914.49909 472.97062999999997

910.32163 502.30233
910.32163 472.97062999999997

906.14417 502.30233
906.14417 472.97062999999997

902.11591 502.30233
902.11591 472.97062999999997

897.93846 502.30233
897.93846 472.97062999999997

893.761 502.30233
893.761 472.97062999999997

889.58355 502.30233
889.58355 472.97062999999997

865.26479 502.30233
865.26479 472.97062999999997

861.08733 502.30233
861.08733 472.97062999999997

968.50762 469.41527
968.50762 526.301

960.15272 526.301
960.15272 472.97063

777.8366 448.2101
770.9736399999999 439.95659

770.97364 439.95659
795.88918 439.95659

773.65915 458.24129
763.36471 458.24129

765.30424 453.67011
774.70351 455.70175

769.0341 444.52776
776.79224 450.74964

768.43733 437.03611
795.88918 437.03611

767.09458 449.09894
775.7478699999999 453.28918000000004

759.93322 466.4948
835.57501 466.4948

651.17018 362.37359
675.6381299999999 364.15126999999995

675.6381299999999 364.15126999999995
699.9568899999999 365.67499999999995

699.9568899999999 365.67499999999995
724.4248499999999 366.81778999999995

724.4248499999999 366.81778999999995
748.8927999999999 367.57964999999996

748.8927999999999 367.57964999999996
773.3607599999998 368.08755999999994

773.3607599999998 368.08755999999994
797.8287099999998 368.2145299999999

797.8287099999998 368.2145299999999
822.2966699999997 368.08755999999994

822.2966699999997 368.08755999999994
846.7646199999997 367.57964999999996

846.7646199999997 367.57964999999996
871.2325799999996 366.81778999999995

871.2325799999996 366.81778999999995
895.7005399999996 365.67499999999995

895.7005399999996 365.67499999999995
920.1684899999996 364.15126999999995

920.1684899999996 364.15126999999995
944.4872499999996 362.37359

651.17018 373.03967
675.6381299999999 374.81735

675.6381299999999 374.81735
699.9568899999999 376.21409

699.9568899999999 376.21409
724.4248499999999 377.35688

724.4248499999999 377.35688
748.8927999999999 378.24572

748.8927999999999 378.24572
773.3607599999998 378.75363

773.3607599999998 378.75363
797.8287099999998 378.88061

797.8287099999998 378.88061
822.2966699999997 378.75363

822.2966699999997 378.75363
846.7646199999997 378.24572

846.7646199999997 378.24572
871.2325799999996 377.35688

871.2325799999996 377.35688
895.7005399999996 376.21409

895.7005399999996 376.21409
920.1684899999996 374.81735

920.1684899999996 374.81735
944.4872499999996 372.91269

651.17018 383.57876
675.6381299999999 385.35643999999996

675.6381299999999 385.35643999999996
699.9568899999999 386.88016

699.9568899999999 386.88016
724.4248499999999 388.02297

724.4248499999999 388.02297
748.8927999999999 388.78483

748.8927999999999 388.78483
773.3607599999998 389.29274

773.3607599999998 389.29274
797.8287099999998 389.41970999999995

797.8287099999998 389.41970999999995
822.2966699999997 389.29274

822.2966699999997 389.29274
846.7646199999997 388.78483

846.7646199999997 388.78483
871.2325799999996 388.02297

871.2325799999996 388.02297
895.7005399999996 386.88016

895.7005399999996 386.88016
920.1684899999996 385.35643999999996

920.1684899999996 385.35643999999996
944.4872499999996 383.57876

651.17018 394.11786
675.6381299999999 395.89553

675.6381299999999 395.89553
699.9568899999999 397.41927

699.9568899999999 397.41927
724.4248499999999 398.56206

724.4248499999999 398.56206
748.8927999999999 399.32392

748.8927999999999 399.32392
773.3607599999998 399.83182999999997

773.3607599999998 399.83182999999997
797.8287099999998 400.08577999999994

797.8287099999998 400.08577999999994
822.2966699999997 399.83182999999997

822.2966699999997 399.83182999999997
846.7646199999997 399.32392

846.7646199999997 399.32392
871.2325799999996 398.56206

871.2325799999996 398.56206
895.7005399999996 397.41927

895.7005399999996 397.41927
920.1684899999996 395.89553

920.1684899999996 395.89553
944.4872499999996 394.11786

670.75745 405.79622
691.99523 407.21431

691.99523 407.21431
713.08132 408.49060000000003

713.08132 408.49060000000003
734.3191 409.34146000000004

734.3191 409.34146000000004
755.4051900000001 410.05049

755.4051900000001 410.05049
776.6429700000001 410.47592000000003

776.6429700000001 410.47592000000003
797.8807400000001 410.61773000000005

797.8807400000001 410.61773000000005
819.1185200000001 410.47592000000003

819.1185200000001 410.47592000000003
840.2046200000001 410.05049

840.2046200000001 410.05049
861.4424000000001 409.34146000000004

861.4424000000001 409.34146000000004
882.5284800000002 408.49060000000003

882.5284800000002 408.49060000000003
903.7662600000002 407.21431

903.7662600000002 407.21431
924.8523400000003 405.79622

635.35552 414.05327
662.35978 416.21187

662.35978 416.21187
689.36406 417.98954999999995

689.36406 417.98954999999995
716.36833 419.38629999999995

716.36833 419.38629999999995
743.52179 420.40210999999994

743.52179 420.40210999999994
770.67525 421.0369999999999

770.67525 421.0369999999999
797.82871 421.2909499999999

797.82871 421.2909499999999
824.83299 421.0369999999999

824.83299 421.0369999999999
851.98645 420.40210999999994

851.98645 420.40210999999994
879.13991 419.38629999999995

879.13991 419.38629999999995
906.14417 417.98954999999995

906.14417 417.98954999999995
933.29764 416.21187

933.29764 416.21187
960.3019 414.05327

635.35552 424.59236
662.35978 426.75097

662.35978 426.75097
689.36406 428.65562

689.36406 428.65562
716.36833 430.05237999999997

716.36833 430.05237999999997
743.52179 431.06818999999996

743.52179 431.06818999999996
770.67525 431.57609999999994

770.67525 431.57609999999994
797.82871 431.83005999999995

797.82871 431.83005999999995
824.83299 431.57609999999994

824.83299 431.57609999999994
851.98645 431.06818999999996

851.98645 431.06818999999996
879.13991 430.05237999999997

879.13991 430.05237999999997
906.14417 428.65562

906.14417 428.65562
933.29764 426.75097

933.29764 426.75097
960.3019 424.59236

635.65391 472.97063
960.15272 472.97063

627.00061 470.05015
968.50762 470.05015

627.00061 469.41527
968.50762 469.41527

627.00061 469.41527
968.50762 469.41527

627.00061 470.05015
968.50762 470.05015

635.65391 472.97063
960.15272 472.97063

875.85762 415.95792
875.85762 423.06864

891.07549 415.32303
891.07549 422.30678

960.3019 466.4948
960.3019 413.92629

968.50762 466.4948
968.50762 413.92629

875.85762 412.40255
891.07549 411.76767

875.85762 415.95792
891.07549 415.32303

960.3019 358.81823
944.48725 358.81823

960.3019 369.35733
944.48725 369.35733

960.3019 380.02341
944.48725 380.02341

960.3019 362.37359
944.48725 362.37359

960.3019 372.91269
944.48725 372.91269

960.3019 383.57876
944.48725 383.57876

960.3019 365.92895
944.48725 365.92895

960.3019 376.46804
944.48725 376.46804

960.3019 387.00714
944.48725 387.00714

944.48725 358.81823
944.48725 365.92895000000004

944.48725 369.35733
944.48725 376.46804

944.48725 380.02341
944.48725 387.00714

924.75699 405.72271
930.89582 416.33035

968.50762 413.92629
960.3019 413.92629

944.48725 390.5625
944.48725 397.77378

960.3019 390.5625
944.48725 390.5625

960.3019 394.11786
944.48725 394.11786

960.3019 397.67322
944.41596 397.67322

968.50762 398.68904
960.3019 398.68904

891.07549 404.86575
891.07549 411.76767

875.8012 405.28983
891.17612 404.78596

843.18395 385.35644
843.18395 392.34018000000003

859.14779 391.95925
859.14779 384.84853

843.18395 364.15127
843.18395 371.13501

843.18395 374.69037
843.18395 381.80109

859.14779 370.75407
859.14779 363.64337

859.14779 381.29318
859.14779 374.30944

843.18395 364.15127
859.14779 363.64337

843.18395 374.69037
859.14779 374.30944

843.18395 385.35644
859.14779 384.84853000000004

843.18395 360.59591
859.14779 360.088

843.18395 371.13501
859.14779 370.75407

843.18395 381.80109
859.14779 381.29318

859.14779 402.66521
859.14779 395.38763

843.18395 395.89553
843.18395 403.04054

843.18395 392.34018
859.14779 391.95925

843.18395 395.89553
859.14779 395.38763

843.15003 402.87821
859.22592 402.62639

875.85762 412.40255
875.85762 405.34034

875.85762 458.36826
891.07549 457.6064

875.85762 454.8129
891.07549 454.05104

875.85762 423.06864
891.07549 422.30678

875.85762 426.62399
891.07549 425.86213

875.85762 437.16309
891.07549 436.40122

875.85762 447.70219
891.07549 447.06730999999996

875.85762 433.60773
891.07549 432.97285

875.85762 444.2738
891.07549 443.51194

839.30488 466.4948
960.3019 466.4948

833.48628 452.52731
844.07911 452.27336

844.07911 452.27336
854.67195 452.01941000000005

854.67195 452.01941000000005
865.2647900000001 451.6384800000001

865.2647900000001 451.6384800000001
875.8576200000001 451.25754000000006

875.8576200000001 451.25754000000006
886.4504500000002 450.74964000000006

886.4504500000002 450.74964000000006
896.8941000000002 450.2417300000001

896.8941000000002 450.2417300000001
907.4869300000003 449.60685000000007

907.4869300000003 449.60685000000007
918.0797600000003 448.9719600000001

918.0797600000003 448.9719600000001
928.6726000000003 448.21010000000007

928.6726000000003 448.21010000000007
939.1162400000003 447.44824000000006

939.1162400000003 447.44824000000006
949.7090700000003 446.55939000000006

949.7090700000003 446.55939000000006
960.3019000000004 445.67055000000005

837.81293 463.06641
848.1073700000001 462.81245

848.1073700000001 462.81245
858.2526300000001 462.55850000000004

858.2526300000001 462.55850000000004
868.54708 462.17757000000006

868.54708 462.17757000000006
878.69232 461.7966400000001

878.69232 461.7966400000001
888.98677 461.2887300000001

888.98677 461.2887300000001
899.13202 460.7808200000001

899.13202 460.7808200000001
909.27727 460.1459400000001

909.27727 460.1459400000001
919.57171 459.5110600000001

919.57171 459.5110600000001
929.7169600000001 458.7491900000001

929.7169600000001 458.7491900000001
939.8622100000001 457.9873300000001

939.8622100000001 457.9873300000001
950.1566600000001 457.2254700000001

950.1566600000001 457.2254700000001
960.3019 456.33663000000007

829.15963 442.1152
840.05085 441.86124

840.05085 441.86124
850.9420799999999 441.60729000000003

850.9420799999999 441.60729000000003
861.9825 441.22636000000006

861.9825 441.22636000000006
872.8737199999999 440.8454300000001

872.8737199999999 440.8454300000001
883.7649399999999 440.3375200000001

883.7649399999999 440.3375200000001
894.80536 439.8296100000001

894.80536 439.8296100000001
905.6965899999999 439.1947300000001

905.6965899999999 439.1947300000001
916.5878099999999 438.4328700000001

916.5878099999999 438.4328700000001
927.4790299999999 437.7979700000001

927.4790299999999 437.7979700000001
938.3702599999998 436.90913000000006

938.3702599999998 436.90913000000006
949.2614899999998 436.02029000000005

949.2614899999998 436.02029000000005
960.1527199999997 435.13146000000006

891.07549 447.06731
891.07549 454.05104

891.07549 425.86213
891.07549 432.97285

891.07549 436.40122
891.07549 443.51194000000004

891.07549 457.6064
891.07549 461.16176

777.8366 448.2101
773.65915 458.24129

779.03016 466.4948
779.03016 448.2101

774.10674 458.36826
778.28419 448.71801000000005

778.43338 448.71801
778.43338 466.4948

827.07091 437.03611
839.30488 466.4948

824.68379 439.95659
835.57501 466.4948

875.85762 447.70219
875.85762 454.81289999999996

800.06664 437.03611
827.07091 437.03611

800.06664 439.95659
824.68379 439.95659

875.85762 426.62399
875.85762 433.60773

875.85762 437.16309
875.85762 444.2738

778.43338 439.95659
778.43338 448.2101

777.8366 448.2101
779.03016 448.2101

778.28419 448.71801
778.4333799999999 448.71801

800.06664 437.03611
800.06664 439.95659

795.88918 437.03611
795.88918 439.95659

795.88918 437.03611
795.88918 439.95659

800.06664 437.03611
800.06664 439.95659

795.88918 437.03611
800.06664 437.03611

875.85762 458.36826
875.85762 461.79664

773.65915 458.24129
773.65915 466.4948

777.38902 458.24129
777.38902 466.4948

777.4582 458.27551
774.1013700000001 458.27551

773.65915 458.24129
774.10674 458.36825999999996

566.12911 432.59192
566.12911 403.64114

575.82678 432.59192
575.82678 403.64114

635.35552 466.4948
635.35552 413.92629

704.43274 422.30678
704.43274 415.32303

627.00061 466.4948
627.00061 413.92629

719.65061 423.06864
719.65061 415.95792

664.61159 416.33057
670.8752099999999 405.82405

736.50963 391.95925
736.50963 384.84853

752.32429 385.35644
752.32429 392.34018000000003

736.50963 370.75407
736.50963 363.64337

736.50963 381.29318
736.50963 374.30944

752.32429 364.15127
752.32429 371.13501

752.32429 374.69037
752.32429 381.80109

736.50963 363.64337
752.32429 364.15127

736.50963 374.30944
752.32429 374.69037

736.50963 384.84853
752.32429 385.35643999999996

736.50963 360.088
752.32429 360.59591

736.50963 370.75407
752.32429 371.13501

736.50963 381.29318
752.32429 381.80109

704.43274 411.76767
719.6506099999999 412.40255

704.43274 415.32303
719.6506099999999 415.95792

719.65061 405.29025
719.65061 412.40255

736.50963 401.60456
736.50963 395.38763

752.32429 395.89553
752.32429 401.93569

736.50963 391.95925
752.32429 392.34018

736.46007 395.49385
752.27473 395.87478

736.51595 401.52678
752.33061 401.90770999999995

704.43274 411.76767
704.43274 404.73151

704.39473 404.78596
719.7354799999999 405.28983

566.12911 403.64114
566.12911 379.5155

651.17018 358.81823
635.35552 358.81823

651.17018 369.35733
635.35552 369.35733

651.17018 380.02341
635.35552 380.02341

651.17018 362.37359
635.35552 362.37359

651.17018 372.91269
635.35552 372.91269

651.17018 383.57876
635.35552 383.57876

651.17018 365.92895
635.35552 365.92895

651.17018 376.46804
635.35552 376.46804

651.17018 387.00714
635.35552 387.00714

651.17018 365.92895
651.17018 358.81822999999997

651.17018 376.46804
651.17018 369.35733

651.17018 387.00714
651.17018 380.02341

566.12911 379.5155
575.82678 379.5155

566.12911 379.5155
575.82678 379.5155

651.17018 397.7549
651.17018 390.5625

651.17018 390.5625
635.35552 390.5625

651.17018 394.11786
635.35552 394.11786

651.25332 397.67322
635.3555200000001 397.67322

627.00061 413.92629
635.3555200000001 413.92629

627.00061 398.68904
635.3555200000001 398.68904

566.12911 403.64114
575.82678 403.64114

566.12911 403.64114
575.82678 403.64114

635.35552 466.4948
756.35255 466.4948

635.35552 445.79753
645.79917 446.68637

645.79917 446.68637
656.392 447.57521

656.392 447.57521
666.9848300000001 448.33708

666.9848300000001 448.33708
677.4284700000001 448.97196

677.4284700000001 448.97196
688.0213100000001 449.73382000000004

688.0213100000001 449.73382000000004
698.6141400000001 450.24173

698.6141400000001 450.24173
709.2069700000002 450.87661

709.2069700000002 450.87661
719.7998000000002 451.38452

719.7998000000002 451.38452
730.2434500000003 451.76545

730.2434500000003 451.76545
740.8362800000003 452.14637999999997

740.8362800000003 452.14637999999997
751.4291100000004 452.40033999999997

751.4291100000004 452.40033999999997
762.0219400000004 452.65428999999995

635.35552 456.33663
645.50077 457.22547000000003

645.50077 457.22547000000003
655.64602 457.98733000000004

655.64602 457.98733000000004
665.79127 458.74919000000006

665.79127 458.74919000000006
676.0857100000001 459.51106000000004

676.0857100000001 459.51106000000004
686.2309700000001 460.14594000000005

686.2309700000001 460.14594000000005
696.37621 460.78082000000006

696.37621 460.78082000000006
706.67066 461.28873000000004

706.67066 461.28873000000004
716.81591 461.79664

716.81591 461.79664
727.11035 462.17757

727.11035 462.17757
737.25561 462.5585

737.25561 462.5585
747.55005 462.93942999999996

747.55005 462.93942999999996
757.6953000000001 463.19338999999997

635.35552 435.13146
646.2467399999999 436.14727

646.2467399999999 436.14727
657.1379699999999 437.03611

657.1379699999999 437.03611
668.0291899999999 437.79797

668.0291899999999 437.79797
678.9204099999998 438.55984

678.9204099999998 438.55984
689.8116399999998 439.19473

689.8116399999998 439.19473
700.7028599999998 439.82961

700.7028599999998 439.82961
711.7432799999998 440.33752

711.7432799999998 440.33752
722.6345099999998 440.84542999999996

722.6345099999998 440.84542999999996
733.5257299999997 441.22635999999994

733.5257299999997 441.22635999999994
744.5661499999998 441.6072899999999

744.5661499999998 441.6072899999999
755.4573699999997 441.8612399999999

755.4573699999997 441.8612399999999
766.3485999999997 442.1151999999999

704.43274 454.05104
704.43274 447.06731

719.65061 454.8129
719.65061 447.70219000000003

756.35255 466.4948
768.43733 437.03611

759.93322 466.4948
770.97364 439.95659

704.43274 422.30678
719.6506099999999 423.06864

704.43274 425.86213
719.6506099999999 426.62399

704.43274 436.40122
719.6506099999999 437.16309

704.43274 447.06731
719.6506099999999 447.70219000000003

704.43274 432.97285
719.6506099999999 433.60773

704.43274 443.51194
719.6506099999999 444.2738

719.65061 433.60773
719.65061 426.62399

719.65061 444.2738
719.65061 437.16309

704.43274 432.97285
704.43274 425.86213

704.43274 443.51194
704.43274 436.40121999999997

704.43274 457.6064
719.6506099999999 458.36826

704.43274 454.05104
719.6506099999999 454.8129

719.65061 461.79664
719.65061 458.36826

704.43274 461.16176
704.43274 457.6064

566.12911 456.59059
566.12911 432.59192

566.12911 432.59192
575.82678 432.59192

566.12911 432.59192
575.82678 432.59192

614.02066 466.4948
614.02066 469.41527

614.02066 469.41527
614.02066 466.4948

614.02066 466.4948
614.02066 469.41527

614.02066 469.41527
614.02066 466.4948

614.02066 466.4948
627.00061 466.4948

614.02066 469.41527
627.00061 469.41527

627.00061 466.4948
614.02066 466.4948

566.12911 469.41527
566.12911 456.59059

566.12911 456.59059
575.82678 456.59059

566.12911 456.59059
575.82678 456.59059

575.82678 466.4948
575.82678 456.59059

589.85109 466.4948
589.85109 469.41527

589.85109 469.41527
589.85109 466.4948

589.85109 466.4948
589.85109 469.41527

589.85109 469.41527
589.85109 466.4948

575.82678 469.41527
589.85109 469.41527

589.85109 469.41527
575.82678 469.41527

575.82678 466.4948
589.85109 466.4948

589.85109 466.4948
575.82678 466.4948

767.09458 517.4126
829.30882 517.4126

767.09458 513.60329
829.30882 513.60329

767.09458 509.79398
829.30882 509.79398

767.09458 505.85769
829.30882 505.85769

831.99433 504.71489
922.854 504.71489

829.30882 502.30233
925.53951 502.30233

897.78926 519.82517
843.48234 519.82517

897.78926 522.11075
843.48234 522.11075

922.854 504.71489
922.854 519.8251700000001

925.53951 502.30233
925.53951 522.1107499999999

925.53951 513.60329
960.1527199999999 513.60329

925.53951 509.79398
960.1527199999999 509.79398

925.53951 505.85769
960.1527199999999 505.85769

925.53951 517.4126
960.1527199999999 517.4126

967.76165 526.301
960.15272 526.301

960.15272 526.301
968.5076200000001 526.301

905.3982 519.82517
897.78926 519.82517

905.3982 526.301
897.78926 526.301

905.3982 519.82517
905.3982 526.301

897.78926 519.82517
897.78926 526.301

922.854 519.82517
905.3982 519.82517

925.53951 522.11075
905.3982 522.11075

831.99433 519.82517
831.99433 504.71489

829.30882 522.11075
829.30882 502.30233

843.48234 519.82517
835.8734 519.82517

843.48234 526.301
835.8734 526.301

843.48234 519.82517
843.48234 526.301

835.8734 519.82517
835.8734 526.301

835.8734 519.82517
831.99433 519.82517

835.8734 522.11075
829.30882 522.11075

635.65391 517.4126
670.26712 517.4126

635.65391 513.60329
670.26712 513.60329

635.65391 509.79398
670.26712 509.79398

635.65391 505.85769
670.26712 505.85769

673.10182 519.82517
673.10182 504.71489

670.26712 522.11075
670.26712 502.30233

764.25987 504.71489
764.25987 519.8251700000001

767.09458 502.30233
767.09458 522.1107499999999

673.10182 504.71489
764.25987 504.71489

670.26712 502.30233
767.09458 502.30233

752.92106 519.82517
698.31575 519.82517

752.92106 522.11075
698.31575 522.11075

752.92106 519.82517
760.53 519.82517

752.92106 526.301
760.53 526.301

760.53 519.82517
760.53 526.301

764.25987 519.82517
760.53 519.82517

767.09458 522.11075
760.53 522.11075

752.92106 519.82517
752.92106 526.301

690.70681 519.82517
698.31575 519.82517

690.70681 526.301
698.31575 526.301

690.70681 519.82517
690.70681 526.301

698.31575 519.82517
698.31575 526.301

690.70681 519.82517
673.10182 519.82517

690.70681 522.11075
670.26712 522.11075

575.82678 529.09449
575.82678 509.667

566.12911 520.84098
566.12911 509.667

566.12911 509.667
566.12911 485.54136

574.26521 244.68057
574.26521 220.55493

574.26521 297.75699
574.26521 273.63135

574.26521 350.70643
574.26521 326.58079

574.26521 403.65587
574.26521 379.53024

574.26521 456.60532
574.26521 432.60665

574.26521 509.68173
574.26521 485.55609

566.12911 485.54136
575.82678 485.54136

566.12911 485.54136
575.82678 485.54136

566.12911 509.667
575.82678 509.667

566.12911 509.667
575.82678 509.667

628.19416 526.301
635.65391 526.301

635.65391 519.82517
635.65391 526.301

635.65391 526.301
627.00061 526.301

561.05648 520.84098
561.05648 529.09449

561.05648 520.84098
561.05648 529.09449

561.05648 529.09449
575.82678 529.09449

561.05648 520.84098
566.12911 520.84098

126.75027 598.29701
125.40752 598.29701

124.06476 598.29701
119.88731000000001 598.29701

124.06476 598.29701
125.40752 598.29701

125.40752 608.32819
124.06476 608.32819

1417.435 988.62454
1417.435 991.67199

1417.435 1003.4809
1417.435 1008.9409

1476.9638 1008.9409
1476.9638 1003.4809

103.32668 608.58215
103.32668 608.32819

101.98393 608.58215
101.98393 608.32819

103.32668 608.32819
101.98393 608.32819

101.98393 598.29701
101.98393 593.59885

101.98393 598.29701
103.32668 598.29701

103.32668 598.29701
103.32668 593.59885

81.245842 608.58215
101.98393 608.58215

101.98393 593.59885
81.245842 593.59885

181.95237 519.0633
175.2386 519.0633

1414.3019 499.12791
1393.5638999999999 499.12791

1413.8543 499.63581
1394.1606 499.63581

1393.5639 516.77772
1397.1446 516.77772

1410.7212 516.77772
1414.3019 516.77772

1394.1606 516.26981
1397.7413 516.26981

1410.2737 516.26981
1413.8543 516.26981

1393.5639 499.12791
1393.5639 516.7777199999999

1394.1606 499.63581
1394.1606 516.26981

1414.3019 516.77772
1414.3019 499.12791

1413.8543 516.26981
1413.8543 499.63581

1397.7413 518.80935
1397.7413 516.26981

1397.1446 518.80935
1397.1446 516.77772

1410.2737 518.80935
1410.2737 516.26981

1410.7212 518.80935
1410.7212 516.77772

1397.1446 519.16551
1410.7212000000002 519.16551

1397.7413 516.26981
1410.2737 516.26981

1398.6364 516.9047
1398.6364 516.26981

1409.3785 516.9047
1409.3785 516.26981

1397.7413 516.9047
1410.2737 516.9047

1404.0075 516.9047
1404.0075 516.26981

40.44001 993.44822
40.44001 1017.5739

40.44001 1028.7479
40.44001 1052.8735000000001

40.44001 1064.0475
40.44001 1088.1731

40.44001 781.65046
40.44001 805.7761

40.44001 887.54934
40.44001 911.67499

40.44001 958.14859
40.44001 982.27424

40.44001 922.84897
40.44001 946.97462

40.44001 852.24972
40.44001 876.37536

40.44001 816.95008
40.44001 841.0757299999999

40.44001 746.35083
40.44001 770.4764799999999

40.44001 711.05121
40.44001 735.17685

40.44001 675.75158
40.44001 699.8772299999999

255.13146 1017.5739
255.13146 993.44822

255.13146 1052.8735
255.13146 1028.7478999999998

255.13146 1088.1731
255.13146 1064.0475

255.13146 805.7761
255.13146 781.65046

255.13146 911.67499
255.13146 887.54934

255.13146 982.27424
255.13146 958.14859

255.13146 946.97462
255.13146 922.84897

255.13146 876.37536
255.13146 852.24972

255.13146 841.07573
255.13146 816.95008

255.13146 770.47648
255.13146 746.35083

255.13146 735.17685
255.13146 711.05121

255.13146 699.87723
255.13146 675.75158

180.9072 519.0347
194.48388 519.0347

49.684063 652.55756
49.684063 661.9538699999999

49.684063 634.90775
49.684063 644.30405

49.684063 617.25794
49.684063 626.65424

49.684063 581.95831
49.684063 591.35462

49.684063 599.60813
49.684063 609.00443

49.684063 564.30849
49.684063 573.7048

49.684063 529.00886
49.684063 538.40517

49.684063 546.65868
49.684063 556.05498

198.40399 497.78377
177.66592 497.78377

197.95635 498.29168
178.26263 498.29168

177.66592 515.43358
181.24662 515.43358

194.8233 515.43358
198.40399 515.43358

178.26263 514.92568
181.84333 514.92568

194.37576 514.92568
197.95635000000001 514.92568

177.66592 497.78377
177.66592 515.43358

178.26263 498.29168
178.26263 514.9256799999999

198.40399 515.43358
198.40399 497.78377

197.95635 514.92568
197.95635 498.29168000000004

181.84333 517.46521
181.84333 514.9256799999999

181.24662 517.46521
181.24662 515.43358

194.37576 517.46521
194.37576 514.9256799999999

194.8233 517.46521
194.8233 515.43358

181.84333 514.92568
194.37576 514.92568

182.7385 515.56056
182.7385 514.92568

193.48059 515.56056
193.48059 514.92568

181.84333 515.56056
194.37576 515.56056

188.10955 515.56056
188.10955 514.92568

254.65994 489.84541
254.65994 513.97106

254.65994 454.54578
254.65994 478.54444

254.65994 419.24615
254.65994 443.3718

254.65994 313.47425
254.65994 337.5999

254.65994 348.77388
254.65994 372.89952

254.65994 384.0735
254.65994 408.07217

254.65994 278.17463
254.65994 302.30026

254.65994 242.87499
254.65994 267.00063

254.65994 172.78365
254.65994 196.78231

254.65994 137.35705
254.65994 161.48269

254.65994 66.630811
254.65994 90.756457

254.80912 101.93045
254.80912 126.05608

179.76412 63.202435
208.11111 63.202435

133.2153 63.202435
161.56229000000002 63.202435

39.96848 232.08194
39.96848 207.95629

39.96848 513.97106
39.96848 489.84541

39.96848 478.67142
39.96848 454.54578

39.96848 443.3718
39.96848 419.24615

39.96848 337.5999
39.96848 313.47425

39.96848 372.89952
39.96848 348.77388

39.96848 408.07217
39.96848 384.0735

39.96848 302.30026
39.96848 278.17463

39.96848 267.00063
39.96848 242.87499

86.666473 63.202435
114.86429 63.202435

39.96848 196.78231
39.96848 172.78365

39.96848 161.48269
39.96848 137.35705

39.96848 90.756457
39.96848 66.630811

39.96848 126.05608
39.96848 101.93045

451.4693 56.632286
453.70718 57.013217

454.45318 57.140194
456.24352 57.394148

456.98952 57.521125
458.77987 57.775079

459.52576 57.902056
461.3161 58.156021

462.21128 58.282997
463.85245 58.536951

464.74762 58.663928
466.38879 58.917882

467.28396 59.044859
468.92503 59.298813

469.8202 59.42579
471.46137 59.679743

472.35654 59.80672
473.99771 60.060674

474.89289 60.187651
476.68323000000004 60.441605

477.42912 60.568582
479.21947 60.822536

479.96547 60.949513
481.75581 61.203466000000006

482.50181 61.330443
484.29215999999997 61.584397

485.18733 61.711374
486.82838999999996 61.965328

487.72357 62.092305
489.36474 62.346259

490.25991 62.473235
491.90108 62.727189

492.79625 62.854166
494.43742 63.10812

495.3326 63.235097
496.97366 63.489051

497.86884 63.616028
499.51 63.869981

500.40518 63.996958
502.19552999999996 64.250912

502.94152 64.377889
504.73187 64.63184299999999

505.47776 64.75882
507.26811 65.012774

508.16328 65.139751
509.80445 65.393704

510.69962 65.520681
512.34079 65.77463499999999

513.23597 65.901612
514.87703 66.155566

515.7722 66.282543
517.41337 66.536508

518.30855 66.663485
519.94972 66.91743799999999

520.84489 67.044415
522.48606 67.298369

523.38123 67.425346
525.17147 67.6793

525.91747 67.806277
527.70782 68.06023099999999

528.45381 68.187208
530.24416 68.441161

531.13933 68.568138
532.7805 68.822092

533.67568 68.949069
535.3167400000001 69.20302299999999

536.21191 69.33
537.85308 69.58395399999999

538.74826 69.71093
540.38943 69.964884

541.2846 70.091861
542.92566 70.34581499999999

543.82084 70.472792
545.46201 70.72674599999999

546.35718 70.853723
548.14753 71.107676

548.89352 71.234653
550.68387 71.48860699999999

551.42987 71.615584
553.2201100000001 71.86953799999999

553.96611 71.996515
555.75645 72.250469

556.65163 72.377446
558.2927999999999 72.631399

559.18797 72.758376
560.8291399999999 73.01232999999999

561.72431 73.139307
563.36538 73.393261

564.26055 73.520238
566.34925 73.774192

1020.9797 244.67319
1020.9797 220.54755

1020.9797 297.74962
1020.9797 273.62397

1020.9797 350.69905
1020.9797 326.57341

1020.9797 403.64849
1020.9797 379.52286

1020.9797 456.59794
1020.9797 432.59927

1020.9797 509.67436
1020.9797 485.54871


