L        beta       energy       spec-heat    abs-magnet   suscept
016      0.4407      -0.729688        0.317728             0.723906         3.290436
016      0.4724      -0.808438        0.379208             0.842734         1.200455
016      0.0000      -0.109375        0.000000             0.007812         0.000000
016      0.4559      -0.771641        0.347847             0.790312         2.196091
016      0.4090      -0.606797        0.363421             0.465703         5.983451
016      0.5228      -0.903438        0.210258             0.932969         0.547202
016      0.4255      -0.673047        0.266298             0.627109         3.345255
016      0.3586      -0.458828        0.153612             0.194531         1.859734
016      0.4742      -0.818516        0.359912             0.833438         2.863815
016      0.2719      -0.310703        0.052252             0.100937         0.376857
016      0.3888      -0.520625        0.251209             0.279531         3.928251
016      0.4422      -0.731484        0.355852             0.723750         3.827449
016      0.4925      -0.858047        0.205224             0.900078         0.389345
016      0.4271      -0.679219        0.432234             0.608203         6.112163
016      0.4760      -0.828203        0.292008             0.872500         0.670741
016      0.4574      -0.777891        0.393132             0.789141         3.750881
016      0.2965      -0.347422        0.048033             0.129922         0.743467
016      0.5271      -0.898750        0.190810             0.932656         0.304429
016      0.4107      -0.611406        0.394553             0.480938         5.562655
016      0.4949      -0.873516        0.201153             0.910547         0.489815
016      0.4590      -0.768594        0.461794             0.735391         6.169591
016      0.3626      -0.475859        0.152302             0.245391         2.817917
016      0.3911      -0.540547        0.231491             0.307500         4.609335
016      0.5318      -0.910625        0.149496             0.941719         0.176514
016      0.4606      -0.795859        0.366762             0.830234         1.594643
016      0.4974      -0.874766        0.191829             0.915156         0.319348
016      0.4437      -0.734297        0.336882             0.719531         4.978892
016      0.4779      -0.835156        0.265982             0.878047         0.710042
016      0.3115      -0.369297        0.098178             0.130000         0.762544
016      0.4125      -0.614609        0.272187             0.486094         6.000600
016      0.4286      -0.685391        0.458615             0.621875         7.146163
016      0.3662      -0.482109        0.141808             0.252344         2.453333
016      0.3933      -0.541328        0.245723             0.347031         4.843599
016      0.4798      -0.836250        0.322657             0.870391         1.163662
016      0.5372      -0.921484        0.155254             0.948594         0.203513
016      0.4452      -0.749531        0.452168             0.759219         3.257985
016      0.5000      -0.871719        0.201855             0.906953         0.556329
016      0.4301      -0.709297        0.560448             0.663359         6.021549
016      0.3696      -0.489453        0.177240             0.258984         3.278081
016      0.3955      -0.551172        0.271863             0.377188         5.010666
016      0.5027      -0.873437        0.206107             0.911328         0.408329
016      0.4622      -0.800469        0.264454             0.828516         1.439232
016      0.4142      -0.612969        0.329371             0.478438         6.215705
016      0.3728      -0.487656        0.204702             0.276406         3.001619
016      0.4818      -0.835703        0.235887             0.871016         1.209100
016      0.4467      -0.748594        0.370174             0.768125         2.599880
016      0.3758      -0.500859        0.183169             0.284141         3.358597
016      0.3224      -0.391406        0.083746             0.158125         1.392493
016      0.5433      -0.922031        0.120187             0.951562         0.126218
016      0.4838      -0.852109        0.246647             0.892344         0.587436
016      0.4317      -0.691719        0.412625             0.625469         6.929178
016      0.5055      -0.886719        0.180820             0.925156         0.231091
016      0.4639      -0.817656        0.240166             0.848906         1.278405
016      0.4482      -0.749687        0.382606             0.743203         3.321531
016      0.4159      -0.611641        0.373475             0.475313         5.975553
016      0.3310      -0.405234        0.094145             0.154844         1.182899
016      0.4655      -0.780859        0.362418             0.787891         3.049948
016      0.5504      -0.926484        0.119253             0.951641         0.253603
016      0.3787      -0.520547        0.199524             0.303438         3.672735
016      0.3976      -0.546719        0.317018             0.379922         5.481452
016      0.4332      -0.710313        0.361998             0.683125         5.256278
016      0.5085      -0.877266        0.208430             0.913281         0.490317
016      0.4497      -0.738281        0.397364             0.721641         4.909024
016      0.4859      -0.840547        0.280580             0.872344         1.626243
016      0.4175      -0.634141        0.391409             0.516875         7.541195
016      0.5117      -0.883125        0.186225             0.919531         0.291804
016      0.5590      -0.930234        0.108812             0.956484         0.102206
016      0.3381      -0.422969        0.117694             0.179375         1.136334
016      0.3996      -0.551328        0.240427             0.361328         5.143996
016      0.3814      -0.520547        0.189991             0.293125         4.054850
016      0.4512      -0.771406        0.321527             0.802344         1.691490
016      0.4672      -0.806172        0.259579             0.837109         1.311952
016      0.3442      -0.424453        0.136895             0.183594         1.613283
016      0.4880      -0.843750        0.205467             0.891094         0.372617
016      0.3840      -0.511953        0.249021             0.293750         4.192455
016      0.4347      -0.697031        0.359568             0.644766         5.236053
016      0.4192      -0.632969        0.319494             0.523203         5.765972
016      0.3495      -0.439375        0.140567             0.180156         1.560595
016      0.4902      -0.856328        0.217341             0.900312         0.346963
016      0.5698      -0.940703        0.133672             0.963984         0.112943
016      0.5151      -0.883359        0.143173             0.923750         0.188154
016      0.4016      -0.566172        0.285566             0.351094         5.232126
016      0.4689      -0.806406        0.265911             0.840625         1.174596
016      0.4362      -0.705547        0.354261             0.675000         4.881257
016      0.5848      -0.945703        0.095049             0.967812         0.069095
016      0.4208      -0.629844        0.338994             0.534766         6.049290
016      0.4528      -0.773281        0.324578             0.779844         3.460686
016      1.0000      -0.999062        0.004823             0.999453         0.001974
016      0.4035      -0.573672        0.230482             0.406016         4.825212
016      0.4706      -0.829609        0.173995             0.872812         0.511489
016      0.3865      -0.527031        0.258465             0.319219         4.620349
016      0.3543      -0.451406        0.146671             0.239687         2.267369
016      0.5188      -0.902813        0.149722             0.935781         0.203485
016      0.4224      -0.658672        0.426653             0.596406         6.255939
016      0.4543      -0.776797        0.291107             0.804531         1.323197
016      0.4377      -0.699297        0.506902             0.622031         7.275757
016      0.4054      -0.604141        0.307565             0.492031         6.220118
016      0.4072      -0.600547        0.362514             0.456250         5.596113
016      0.4239      -0.654687        0.456250             0.591406         6.252620
016      0.4392      -0.730156        0.278580             0.738359         2.559513
017      0.4724      -0.824706        0.286900             0.857647         1.420751
017      0.4559      -0.774394        0.239106             0.800623         1.666813
017      0.3586      -0.460830        0.128708             0.181453         2.015647
017      0.3888      -0.515363        0.174157             0.306298         3.527920
017      0.4925      -0.853218        0.203105             0.888443         1.087600
017      0.4407      -0.702630        0.328607             0.643529         6.526249
017      0.4090      -0.596955        0.388059             0.436609         7.295319
017      0.4574      -0.778547        0.328276             0.804567         1.845005
017      0.0000       0.031142        0.000000             0.058824         0.000000
017      0.5228      -0.901453        0.146333             0.936401         0.167317
017      0.4255      -0.654948        0.377274             0.532042         8.223437
017      0.4422      -0.739723        0.544962             0.735848         4.651354
017      0.4949      -0.866644        0.180934             0.903391         0.454302
017      0.4590      -0.786713        0.320968             0.812457         2.524079
017      0.4742      -0.828789        0.197017             0.871211         0.581786
017      0.3626      -0.455363        0.127537             0.198616         2.106526
017      0.3911      -0.539792        0.211894             0.329066         4.557313
017      0.4107      -0.623183        0.362131             0.467682         6.978862
017      0.2719      -0.313910        0.045751             0.111211         0.557245
017      0.4271      -0.671626        0.386986             0.625467         4.889044
017      0.4974      -0.877924        0.161697             0.914948         0.318803
017      0.4437      -0.738685        0.416516             0.749481         2.969358
017      0.5271      -0.912042        0.138757             0.946367         0.152295
017      0.4760      -0.829135        0.239543             0.867543         0.911218
017      0.4606      -0.802422        0.266375             0.839377         1.137000
017      0.2965      -0.346021        0.082529             0.125398         0.802774
017      0.3933      -0.544775        0.191287             0.306367         4.392993
017      0.4452      -0.748304        0.361736             0.766367         1.986698
017      0.3662      -0.475225        0.144884             0.237163         2.670306
017      0.4779      -0.832388        0.336194             0.859100         2.687427
017      0.4286      -0.676678        0.481304             0.623806         6.888221
017      0.5000      -0.867751        0.188151             0.909343         0.336426
017      0.4125      -0.609965        0.318246             0.472595         6.569419
017      0.4622      -0.790934        0.416271             0.802422         3.117750
017      0.3955      -0.549412        0.273338             0.370519         4.874086
017      0.4301      -0.666367        0.464171             0.573979         8.241336
017      0.5027      -0.887128        0.165735             0.921315         0.287107
017      0.3115      -0.372249        0.083696             0.144014         0.899351
017      0.5318      -0.909204        0.171889             0.939377         0.233198
017      0.4798      -0.833010        0.264232             0.876540         0.595914
017      0.4467      -0.758547        0.316274             0.770727         2.768605
017      0.3696      -0.487682        0.161513             0.251003         2.648111
017      0.4142      -0.615225        0.306515             0.492664         5.929197
017      0.4639      -0.807751        0.279543             0.835502         1.357408
017      0.3224      -0.393633        0.083347             0.143322         1.095219
017      0.4818      -0.846228        0.205974             0.886920         0.534976
017      0.5372      -0.915502        0.167698             0.946228         0.180977
017      0.5055      -0.882076        0.175566             0.922007         0.278019
017      0.4317      -0.674464        0.478697             0.606367         7.035040
017      0.4159      -0.614394        0.351467             0.466298         7.469383
017      0.4655      -0.803460        0.263147             0.845121         0.974231
017      0.4482      -0.745190        0.409267             0.746713         4.457311
017      0.3976      -0.564775        0.283732             0.375502         5.885206
017      0.4838      -0.851142        0.199846             0.891211         0.596723
017      0.3728      -0.497093        0.133476             0.258893         3.339555
017      0.5433      -0.927612        0.115166             0.956263         0.106623
017      0.4672      -0.808927        0.217501             0.841453         0.986147
017      0.4497      -0.761246        0.424373             0.756747         4.938440
017      0.3310      -0.400830        0.071527             0.142353         1.160258
017      0.5085      -0.888997        0.187929             0.923875         0.349227
017      0.4175      -0.630173        0.438853             0.530450         7.973579
017      0.3758      -0.493218        0.150402             0.233910         2.697107
017      0.3996      -0.567266        0.223965             0.383945         4.795119
017      0.5117      -0.887682        0.170521             0.923391         0.269896
017      0.4332      -0.682837        0.433172             0.633702         6.751842
017      0.3381      -0.433080        0.123324             0.171142         1.543048
017      0.5504      -0.924637        0.105365             0.953772         0.092321
017      0.4859      -0.853426        0.193110             0.891903         0.649514
017      0.4689      -0.817993        0.260994             0.862699         0.720270
017      0.4512      -0.771488        0.388622             0.789273         2.201226
017      0.4192      -0.644429        0.429741             0.545190         7.367173
017      0.5590      -0.928166        0.099316             0.954948         0.113392
017      0.4016      -0.555087        0.254123             0.369896         5.332458
017      0.5151      -0.896055        0.176147             0.933841         0.219848
017      0.3442      -0.430035        0.145194             0.189204         1.514258
017      0.3787      -0.487543        0.176490             0.246228         3.152019
017      0.4528      -0.764014        0.353061             0.775502         2.879539
017      0.4347      -0.694118        0.511057             0.626436         6.937836
017      0.5698      -0.937509        0.138144             0.961107         0.131736
017      0.4208      -0.660623        0.458064             0.598962         5.927509
017      0.4706      -0.812042        0.207946             0.850796         0.848946
017      0.4880      -0.856817        0.204361             0.896747         0.435941
017      0.4035      -0.589135        0.272370             0.420969         5.968026
017      0.3814      -0.504152        0.237147             0.265121         4.750982
017      0.4362      -0.715779        0.405395             0.725952         3.523307
017      0.4902      -0.852457        0.268661             0.886990         1.066059
017      0.4224      -0.658478        0.444909             0.565398         7.298529
017      0.4543      -0.773426        0.351552             0.791142         3.081801
017      0.5188      -0.890104        0.201859             0.924498         0.419675
017      0.5848      -0.948858        0.099261             0.968304         0.101089
017      0.3495      -0.446851        0.127868             0.196609         2.360324
017      0.3840      -0.513149        0.170904             0.305052         2.825178
017      0.4054      -0.586851        0.318133             0.403183         7.421381
017      0.4377      -0.719516        0.401451             0.673356         5.692938
017      1.0000      -0.998201        0.008562             0.999031         0.002802
017      0.3543      -0.454533        0.124791             0.156817         1.229488
017      0.4239      -0.677093        0.367778             0.588997         7.037651
017      0.4072      -0.588858        0.325312             0.402768         7.198393
017      0.3865      -0.522907        0.179732             0.296678         4.448784
017      0.4392      -0.736609        0.334056             0.745467         2.895152
018      0.4559      -0.794630        0.268830             0.827654         1.218548
018      0.4925      -0.858642        0.206891             0.899568         0.462234
018      0.4255      -0.654938        0.349230             0.570123         6.081725
018      0.4724      -0.825185        0.226623             0.863580         0.673386
018      0.0000      -0.024691        0.000000             0.086420         0.000000
018      0.4949      -0.864074        0.233909             0.902778         0.542542
018      0.3888      -0.518148        0.245032             0.289444         5.009491
018      0.4271      -0.661914        0.340018             0.568827         7.989513
018      0.2719      -0.308272        0.042668             0.094691         0.450660
018      0.5228      -0.900679        0.174961             0.936296         0.217716
018      0.3586      -0.459938        0.127840             0.218457         2.185091
018      0.4090      -0.603025        0.327015             0.473272         7.063366
018      0.4742      -0.828025        0.225443             0.870988         0.592217
018      0.4407      -0.710741        0.381436             0.663457         6.352669
018      0.5271      -0.908889        0.146412             0.941728         0.185790
018      0.4974      -0.880123        0.191349             0.920864         0.299385
018      0.4760      -0.820309        0.494275             0.835802         4.649335
018      0.4574      -0.781852        0.305037             0.806728         1.837428
018      0.3626      -0.482160        0.171907             0.224753         2.823978
018      0.4286      -0.680556        0.426713             0.605370         6.922633
018      0.3911      -0.531543        0.182990             0.320617         4.235672
018      0.2965      -0.354815        0.063634             0.133333         0.899267
018      0.3662      -0.468333        0.154075             0.216111         2.198032
018      0.4422      -0.739630        0.383611             0.741790         3.658129
018      0.5318      -0.909691        0.151019             0.941358         0.232464
018      0.4301      -0.695432        0.361420             0.666358         4.837935
018      0.4107      -0.595617        0.307448             0.419877         6.532437
018      0.5000      -0.873889        0.143285             0.913025         0.265118
018      0.3933      -0.554321        0.258313             0.365123         5.424972
018      0.4779      -0.839074        0.292738             0.876049         0.949440
018      0.4590      -0.783333        0.314572             0.813889         1.681522
018      0.5372      -0.916173        0.117618             0.947654         0.145969
018      0.3955      -0.548765        0.237514             0.348086         5.423111
018      0.4317      -0.705741        0.440795             0.674444         5.177959
018      0.4437      -0.747593        0.255348             0.759321         2.269867
018      0.3115      -0.369815        0.089850             0.113765         0.893458
018      0.4606      -0.803642        0.233913             0.845370         0.845660
018      0.5027      -0.873395        0.253066             0.911543         0.533216
018      0.4798      -0.837222        0.233104             0.874012         0.832556
018      0.4125      -0.595000        0.338963             0.424815         6.854582
018      0.3696      -0.481543        0.180872             0.246975         3.060835
018      0.5433      -0.923025        0.121794             0.951481         0.155421
018      0.3976      -0.549877        0.339840             0.361111         5.524556
018      0.3224      -0.390864        0.102706             0.153272         1.198897
018      0.4818      -0.837160        0.265710             0.869815         0.863848
018      0.4332      -0.694444        0.347181             0.659753         5.450203
018      0.4622      -0.791111        0.295822             0.831914         1.047307
018      0.5504      -0.926852        0.136254             0.955679         0.136777
018      0.4142      -0.609383        0.353375             0.451790         7.214548
018      0.4452      -0.729938        0.397334             0.713889         5.155706
018      0.3728      -0.490247        0.180427             0.239198         2.921546
018      0.5055      -0.890370        0.179814             0.926543         0.298501
018      0.3996      -0.561358        0.230290             0.370185         4.570077
018      0.4159      -0.631975        0.360331             0.498457         7.423096
018      0.5085      -0.877346        0.259393             0.914568         0.412044
018      0.4347      -0.687284        0.387292             0.616173         5.992193
018      0.3310      -0.398272        0.097304             0.140494         1.144946
018      0.4838      -0.849259        0.207896             0.890864         0.466596
018      0.4467      -0.739877        0.362683             0.743086         3.355006
018      0.5117      -0.894938        0.131927             0.931111         0.186558
018      0.4362      -0.700741        0.376561             0.649877         4.506711
018      0.4639      -0.794136        0.374313             0.812778         2.581007
018      0.4175      -0.620741        0.356577             0.482716         8.523723
018      0.3758      -0.498642        0.172864             0.238889         3.510087
018      0.5590      -0.935926        0.096146             0.961543         0.082233
018      0.4859      -0.853395        0.231778             0.894136         0.456058
018      0.4482      -0.742284        0.393763             0.721173         6.677406
018      0.4655      -0.800000        0.277795             0.837716         1.149666
018      0.4377      -0.716852        0.444241             0.692284         5.569455
018      0.4016      -0.573827        0.196092             0.365679         6.781354
018      0.3381      -0.420000        0.086861             0.166667         1.386744
018      0.5151      -0.886111        0.139804             0.922840         0.196893
018      0.3787      -0.493889        0.139939             0.247778         3.389299
018      0.4192      -0.638272        0.385168             0.515988         7.782756
018      0.4392      -0.712469        0.433458             0.677099         5.931189
018      0.5698      -0.938086        0.089935             0.962284         0.084265
018      0.4035      -0.567346        0.232611             0.360062         5.696367
018      0.4672      -0.818580        0.232111             0.856667         0.768399
018      0.4880      -0.855123        0.252959             0.896543         0.636476
018      0.5188      -0.897222        0.128640             0.931728         0.221105
018      0.4497      -0.765864        0.352894             0.783210         2.313926
018      0.3442      -0.443395        0.121725             0.167716         1.820773
018      0.4902      -0.855432        0.182713             0.897160         0.350941
018      0.3814      -0.513025        0.189054             0.253704         3.630752
018      0.3495      -0.436852        0.083543             0.181667         1.596617
018      0.4512      -0.749259        0.470236             0.751420         3.433735
018      0.4689      -0.807654        0.319999             0.846481         1.133508
018      0.4208      -0.641296        0.333293             0.528210         7.513658
018      0.4054      -0.590617        0.355825             0.418827         6.592418
018      0.5848      -0.945741        0.098126             0.967840         0.079246
018      0.3543      -0.444938        0.133486             0.158951         1.761943
018      0.4072      -0.589815        0.285055             0.421667         6.716538
018      0.4528      -0.766481        0.315053             0.782037         2.748068
018      0.4706      -0.821358        0.258240             0.862160         0.845006
018      1.0000      -0.999074        0.004832             0.999506         0.001417
018      0.3840      -0.523210        0.234586             0.289321         3.897098
018      0.4224      -0.662531        0.386467             0.573827         6.962436
018      0.4543      -0.755494        0.414793             0.743765         5.102193
018      0.3865      -0.528272        0.242317             0.293765         4.791004
018      0.4239      -0.637346        0.337290             0.484938         9.124390
019      0.4255      -0.643324        0.531822             0.509252         8.828935
019      0.4724      -0.821717        0.274102             0.845319         1.673650
019      0.4407      -0.724709        0.460179             0.690471         6.453261
019      0.0000      -0.058172        0.000000             0.036011         0.000000
019      0.4559      -0.776787        0.387128             0.803213         2.117831
019      0.4925      -0.862050        0.259266             0.903546         0.464167
019      0.4090      -0.587147        0.300417             0.403380         6.943520
019      0.3888      -0.517562        0.189554             0.245042         3.898779
019      0.5228      -0.903102        0.149223             0.937950         0.166513
019      0.4271      -0.670859        0.412633             0.585596         7.682623
019      0.3586      -0.470194        0.127294             0.214737         2.828173
019      0.4742      -0.819280        0.330069             0.860332         0.888461
019      0.4107      -0.594460        0.262624             0.379778         6.822565
019      0.4949      -0.857175        0.208323             0.896953         0.532758
019      0.4422      -0.742216        0.387233             0.745596         3.000965
019      0.4574      -0.782548        0.290173             0.805485         1.965416
019      0.3911      -0.542050        0.280474             0.290582         5.560275
019      0.2719      -0.306537        0.042055             0.099612         0.533279
019      0.5271      -0.905983        0.157918             0.935568         0.363701
019      0.3626      -0.471524        0.153258             0.185485         2.341852
019      0.3662      -0.470083        0.184423             0.223989         3.452814
019      0.4974      -0.873961        0.165989             0.911302         0.321599
019      0.4760      -0.819446        0.290595             0.860554         0.915529
019      0.4590      -0.777895        0.350460             0.786371         4.094579
019      0.4125      -0.600166        0.336448             0.427091         7.509937
019      0.4286      -0.665097        0.411886             0.597452         6.338024
019      0.2965      -0.354017        0.051690             0.115845         0.701894
019      0.4437      -0.731579        0.429516             0.697230         6.742311
019      0.3933      -0.551191        0.273796             0.335512         6.747684
019      0.4779      -0.840942        0.207473             0.886094         0.513942
019      0.5318      -0.906482        0.180599             0.938227         0.265530
019      0.3696      -0.484266        0.183028             0.204044         3.028825
019      0.4142      -0.613629        0.348243             0.463490         7.932478
019      0.4606      -0.797175        0.361346             0.820554         1.726771
019      0.3115      -0.375235        0.079615             0.131080         1.104143
019      0.4798      -0.833573        0.196497             0.875956         0.759770
019      0.4301      -0.667091        0.479473             0.609197         6.731191
019      0.5000      -0.873850        0.162933             0.914681         0.306203
019      0.4452      -0.750471        0.397404             0.751801         4.087529
019      0.4159      -0.627091        0.360715             0.499668         7.742244
019      0.3955      -0.551357        0.273968             0.340554         6.207472
019      0.5372      -0.908033        0.139012             0.941108         0.155921
019      0.3728      -0.480776        0.179387             0.204598         2.286097
019      0.4467      -0.748643        0.429829             0.723712         6.974786
019      0.4622      -0.805762        0.302474             0.841828         1.524804
019      0.4818      -0.848753        0.226148             0.886482         0.609594
019      0.4317      -0.682992        0.550547             0.574626        11.559728
019      0.5027      -0.877285        0.251048             0.914626         0.383150
019      0.5433      -0.914017        0.185162             0.945208         0.228497
019      0.4639      -0.799889        0.173830             0.837784         0.829617
019      0.4175      -0.618172        0.357739             0.465485         7.691829
019      0.4838      -0.850748        0.258926             0.890582         0.598168
019      0.3224      -0.388255        0.092745             0.117175         1.024226
019      0.5504      -0.930249        0.120236             0.957341         0.183882
019      0.3758      -0.513906        0.190089             0.261219         3.778776
019      0.3976      -0.552244        0.235014             0.289307         5.308391
019      0.4332      -0.707368        0.457426             0.661662         7.314445
019      0.4482      -0.762161        0.277542             0.779391         1.780535
019      0.4655      -0.807590        0.332893             0.827424         2.518067
019      0.4859      -0.850637        0.202132             0.891745         0.501116
019      0.3310      -0.410249        0.124600             0.126150         1.220352
019      0.5055      -0.885651        0.161235             0.924321         0.240943
019      0.4192      -0.622493        0.324612             0.498449         7.764618
019      0.4880      -0.849917        0.209100             0.890360         0.735015
019      0.5590      -0.932521        0.100812             0.958892         0.085357
019      0.3787      -0.498615        0.189060             0.247756         4.624849
019      0.3996      -0.557673        0.281134             0.339391         6.766868
019      0.4672      -0.808310        0.250050             0.841108         1.098258
019      0.4347      -0.712687        0.463057             0.683934         5.195397
019      0.4497      -0.761773        0.440167             0.766039         3.764083
019      0.5698      -0.936731        0.099233             0.962050         0.086277
019      0.3381      -0.415125        0.100047             0.143657         1.643156
019      0.4689      -0.813795        0.387361             0.829141         3.744698
019      0.4208      -0.623546        0.299667             0.480942         7.168104
019      0.5085      -0.878726        0.153167             0.916620         0.297717
019      0.4016      -0.578172        0.310738             0.396953         7.201286
019      0.3442      -0.423158        0.108088             0.149917         1.419228
019      0.4902      -0.852133        0.265261             0.890526         0.494053
019      0.4362      -0.700886        0.423741             0.668975         6.326366
019      0.3814      -0.508975        0.140689             0.252022         3.434155
019      0.5117      -0.894515        0.209318             0.930471         0.327764
019      0.4512      -0.760997        0.399672             0.776122         2.454472
019      0.5848      -0.945374        0.123037             0.967424         0.104767
019      0.4035      -0.555956        0.249011             0.285873         6.648123
019      0.4377      -0.679945        0.466001             0.576399         6.902186
019      0.4706      -0.810859        0.303424             0.839003         1.869469
019      0.3840      -0.519834        0.248298             0.240665         5.652453
019      0.3495      -0.434903        0.139796             0.151634         1.807694
019      0.4528      -0.758061        0.455529             0.763823         4.394073
019      0.4224      -0.648421        0.295757             0.514792         7.680078
019      0.5151      -0.895125        0.147862             0.932410         0.188071
019      1.0000      -0.998393        0.008124             0.999169         0.002322
019      0.3865      -0.528643        0.175440             0.305817         4.724834
019      0.4392      -0.720831        0.374987             0.705706         5.749615
019      0.4054      -0.578172        0.234988             0.392299         7.485956
019      0.4239      -0.645152        0.393685             0.531967         7.599424
019      0.3543      -0.449418        0.125539             0.158947         2.396748
019      0.4543      -0.779945        0.320821             0.795291         3.431923
019      0.5188      -0.898227        0.147283             0.936288         0.157877
019      0.4072      -0.587590        0.223585             0.383657         6.781802
020      0.3888      -0.517750        0.216361             0.261300         4.456640
020      0.4925      -0.864950        0.184979             0.900650         0.607621
020      0.0000      -0.010000        0.000000             0.015000         0.000000
020      0.4724      -0.803700        0.387094             0.813800         4.865142
020      0.4407      -0.736950        0.368357             0.729550         4.673069
020      0.4559      -0.777600        0.275713             0.797250         1.831581
020      0.3586      -0.464400        0.133944             0.165750         2.124597
020      0.5228      -0.900400        0.113816             0.933950         0.236061
020      0.4255      -0.659750        0.373329             0.563900         8.148841
020      0.2719      -0.316450        0.055673             0.078900         0.470963
020      0.4742      -0.835400        0.264995             0.873900         0.640735
020      0.4090      -0.596900        0.383459             0.435300         8.340378
020      0.3911      -0.537500        0.202543             0.303400         5.518680
020      0.4422      -0.741000        0.468869             0.732150         4.419183
020      0.3626      -0.467250        0.133228             0.181650         2.365210
020      0.4574      -0.791600        0.279318             0.832150         1.122890
020      0.4107      -0.603550        0.359764             0.413150         8.966496
020      0.4949      -0.865100        0.209408             0.901900         0.433900
020      0.4760      -0.831900        0.255427             0.873000         0.663739
020      0.4271      -0.691450        0.438841             0.657500         5.594435
020      0.5271      -0.905150        0.166822             0.937750         0.257508
020      0.3662      -0.480350        0.185894             0.205500         3.407029
020      0.4779      -0.830150        0.199801             0.868550         0.653541
020      0.2965      -0.343600        0.066672             0.118050         0.706115
020      0.4590      -0.783850        0.348160             0.801700         2.942763
020      0.3933      -0.550950        0.222133             0.326400         5.708935
020      0.4974      -0.867150        0.157146             0.904000         0.385953
020      0.4437      -0.725550        0.403567             0.700850         5.923120
020      0.4125      -0.585400        0.227016             0.338850         8.728115
020      0.5318      -0.906700        0.157445             0.940650         0.169188
020      0.4798      -0.827850        0.228143             0.865550         0.828183
020      0.4286      -0.677000        0.434470             0.611450         7.448616
020      0.4452      -0.728500        0.448205             0.714900         5.697084
020      0.3696      -0.476550        0.146042             0.181550         3.147267
020      0.4606      -0.785400        0.341706             0.812950         2.363228
020      0.3115      -0.372750        0.093429             0.112900         0.905955
020      0.4818      -0.834550        0.217819             0.876600         0.583289
020      0.3224      -0.396500        0.095069             0.137950         1.170866
020      0.3955      -0.542750        0.231754             0.258300         4.781604
020      0.5000      -0.870400        0.189761             0.906850         0.499837
020      0.4142      -0.602100        0.271369             0.403500         7.776977
020      0.3728      -0.498700        0.147450             0.213450         3.622825
020      0.4301      -0.679150        0.432798             0.607050         7.651004
020      0.5372      -0.920400        0.115471             0.950900         0.118116
020      0.5027      -0.881300        0.214076             0.917750         0.371311
020      0.4467      -0.741000        0.383944             0.722100         5.083050
020      0.4838      -0.844000        0.240120             0.884750         0.613834
020      0.4622      -0.795200        0.234617             0.825250         1.200960
020      0.3976      -0.560900        0.354387             0.353650         6.939279
020      0.3310      -0.396600        0.083406             0.129550         1.331595
020      0.4639      -0.802150        0.291366             0.828250         2.869166
020      0.5433      -0.917350        0.127215             0.946850         0.187644
020      0.3758      -0.490450        0.134299             0.208400         3.241595
020      0.4159      -0.603450        0.343818             0.402500        10.421578
020      0.4317      -0.662500        0.383297             0.539050         9.517280
020      0.5055      -0.879900        0.205118             0.915450         0.408314
020      0.4859      -0.848350        0.218821             0.887750         0.655048
020      0.4655      -0.802950        0.318264             0.837400         1.476595
020      0.4482      -0.738100        0.343598             0.744400         2.641398
020      0.3996      -0.556350        0.222083             0.318600         7.318535
020      0.5504      -0.926950        0.134327             0.954950         0.157725
020      0.3787      -0.497050        0.187592             0.198900         3.673669
020      0.4497      -0.749350        0.378932             0.730050         5.556124
020      0.4332      -0.705900        0.419423             0.644600         7.802492
020      0.3381      -0.419250        0.107129             0.140400         1.282653
020      0.4672      -0.811200        0.241990             0.843850         1.085934
020      0.4880      -0.857700        0.223660             0.893550         0.611394
020      0.5085      -0.881700        0.187673             0.920350         0.291895
020      0.4175      -0.620450        0.433491             0.433750         9.276448
020      0.4512      -0.758300        0.268038             0.783300         1.620910
020      0.5590      -0.934900        0.084519             0.960500         0.078539
020      0.4016      -0.563600        0.376377             0.338700         8.173793
020      0.4902      -0.864950        0.213559             0.905600         0.424705
020      0.3442      -0.435200        0.140952             0.177350         1.904417
020      0.4347      -0.711350        0.460159             0.669150         7.014432
020      0.4192      -0.638750        0.363997             0.514600         8.105692
020      0.5117      -0.891450        0.209508             0.926850         0.335430
020      0.4689      -0.818600        0.344849             0.851250         1.230520
020      0.3814      -0.513800        0.210063             0.245000         4.705177
020      0.4035      -0.573450        0.294069             0.362200         6.052165
020      0.4528      -0.771900        0.307280             0.797600         2.277686
020      0.4362      -0.713450        0.447854             0.676600         6.451202
020      0.4543      -0.758700        0.458515             0.733500         7.246206
020      0.3495      -0.440400        0.109671             0.166150         1.799230
020      0.4706      -0.816250        0.239760             0.853500         0.853352
020      0.4208      -0.637800        0.355824             0.511700         8.144095
020      0.3840      -0.510850        0.131064             0.221050         4.088118
020      0.5151      -0.890600        0.186680             0.926350         0.305527
020      0.4054      -0.573750        0.319736             0.360800         7.918903
020      0.5698      -0.933800        0.123600             0.959200         0.111520
020      0.4224      -0.640400        0.519493             0.497500        11.559927
020      0.4377      -0.687300        0.351583             0.633050         5.586876
020      0.4239      -0.646800        0.399531             0.546550         8.250501
020      0.3543      -0.454150        0.141354             0.188350         2.527554
020      0.5188      -0.893250        0.157266             0.929950         0.200547
020      0.3865      -0.515200        0.183717             0.239550         4.185355
020      0.5848      -0.941100        0.115640             0.965650         0.095423
020      0.4072      -0.572200        0.247037             0.360200         6.797784
020      0.4392      -0.709950        0.557094             0.655300         7.377837
020      1.0000      -0.999000        0.003636             0.999500         0.000909
021      0.0000      -0.047619        0.000000             0.020408         0.000000
021      0.4925      -0.860227        0.249967             0.901088         0.500684
021      0.4559      -0.773333        0.304704             0.785034         2.367772
021      0.4724      -0.821270        0.320499             0.857324         1.069049
021      0.4255      -0.634150        0.454565             0.439592        11.915439
021      0.5228      -0.900272        0.208880             0.932925         0.354348
021      0.4090      -0.575646        0.331732             0.312653         9.015501
021      0.3586      -0.451837        0.147541             0.173515         2.261997
021      0.4407      -0.721678        0.445308             0.655147         9.447178
021      0.3888      -0.520000        0.233408             0.259002         5.936592
021      0.2719      -0.311156        0.052633             0.082268         0.511428
021      0.4742      -0.817279        0.380016             0.840272         3.305578
021      0.4949      -0.864762        0.216482             0.903583         0.440521
021      0.4271      -0.648617        0.390027             0.519728        11.047979
021      0.4107      -0.586440        0.350659             0.340544         7.805732
021      0.3911      -0.537370        0.210848             0.245578         5.161596
021      0.5271      -0.908163        0.129165             0.940998         0.178818
021      0.4574      -0.789433        0.258195             0.827211         1.105182
021      0.3626      -0.455057        0.162887             0.145760         1.800462
021      0.4974      -0.869660        0.209644             0.908027         0.514586
021      0.4422      -0.741633        0.297603             0.744036         3.023961
021      0.4760      -0.835510        0.265938             0.866168         1.244053
021      0.3933      -0.544444        0.224578             0.310567         5.784254
021      0.2965      -0.346621        0.069339             0.107619         0.761256
021      0.5000      -0.874739        0.222646             0.912834         0.371090
021      0.5318      -0.906757        0.130372             0.939773         0.178838
021      0.4779      -0.839592        0.243464             0.878005         0.601206
021      0.3115      -0.372880        0.070618             0.109206         0.835771
021      0.4125      -0.605351        0.435971             0.449524         9.534799
021      0.4590      -0.780680        0.278408             0.805442         1.798935
021      0.4286      -0.673923        0.382750             0.565941        10.345818
021      0.3662      -0.484263        0.115568             0.201769         2.850494
021      0.5027      -0.866304        0.187638             0.906395         0.335606
021      0.5372      -0.914875        0.124363             0.947392         0.125800
021      0.3955      -0.541995        0.222220             0.264535         5.719893
021      0.4437      -0.743855        0.352397             0.744580         4.276593
021      0.4606      -0.796825        0.309250             0.827800         1.918706
021      0.3224      -0.380363        0.098080             0.123039         1.002790
021      0.4301      -0.683900        0.514523             0.594014        10.138462
021      0.3696      -0.472653        0.135579             0.150522         2.218852
021      0.4142      -0.598503        0.346425             0.367574         9.375794
021      0.4622      -0.797959        0.306034             0.830612         0.964803
021      0.4798      -0.831882        0.262913             0.868345         0.915736
021      0.3976      -0.553152        0.280981             0.286213         6.977610
021      0.4452      -0.753243        0.331493             0.759184         2.421012
021      0.5433      -0.921043        0.135488             0.951293         0.133759
021      0.5055      -0.882313        0.234440             0.920907         0.366205
021      0.3310      -0.408707        0.113186             0.128707         1.575208
021      0.3728      -0.492381        0.120410             0.204671         3.113571
021      0.4818      -0.847891        0.230715             0.883719         0.879241
021      0.4159      -0.614467        0.373484             0.407256        10.150390
021      0.4317      -0.683628        0.526559             0.598005         9.694712
021      0.4639      -0.785488        0.295709             0.812971         1.858263
021      0.3996      -0.555329        0.185974             0.331837         5.533749
021      0.4467      -0.750295        0.367510             0.756190         3.157629
021      0.5504      -0.934059        0.154619             0.957914         0.229552
021      0.4175      -0.613923        0.383049             0.440091        10.648758
021      0.5085      -0.884354        0.185449             0.920363         0.312101
021      0.4838      -0.847392        0.334860             0.884490         0.975918
021      0.3381      -0.415011        0.101486             0.141406         1.090935
021      0.4332      -0.699184        0.326608             0.667846         5.245081
021      0.4016      -0.569705        0.352855             0.324308         8.666717
021      0.3758      -0.495102        0.176583             0.215329         3.574651
021      0.4655      -0.796871        0.290350             0.828526         1.519314
021      0.5117      -0.880000        0.190948             0.915737         0.380903
021      0.5590      -0.932245        0.113695             0.959365         0.094531
021      0.4482      -0.731519        0.550331             0.697370         8.290854
021      0.4192      -0.631655        0.310267             0.450703        11.245032
021      0.4859      -0.839048        0.241712             0.880771         0.730093
021      0.4347      -0.676372        0.485886             0.609796         6.532182
021      0.4672      -0.805850        0.259750             0.843175         0.936292
021      0.4035      -0.565397        0.306205             0.349705         7.110129
021      0.3787      -0.505034        0.137959             0.210295         3.636758
021      0.4362      -0.717324        0.381790             0.715283         3.572614
021      0.3442      -0.427664        0.109117             0.144535         1.501722
021      0.5151      -0.886893        0.238981             0.923311         0.458094
021      0.4208      -0.624444        0.334531             0.430658        10.106697
021      0.4497      -0.767438        0.279126             0.797415         1.597992
021      0.5698      -0.941270        0.117182             0.963356         0.148031
021      0.4689      -0.811610        0.290080             0.842721         1.273478
021      0.4880      -0.863991        0.243849             0.907256         0.412463
021      0.4377      -0.701723        0.412743             0.646122         7.980034
021      0.4054      -0.568798        0.280505             0.332925         6.738091
021      0.5848      -0.946032        0.122620             0.967574         0.133031
021      0.4224      -0.634376        0.412784             0.457098         9.941332
021      0.5188      -0.893379        0.166817             0.927891         0.298544
021      0.3495      -0.440000        0.124431             0.154014         1.912194
021      0.3814      -0.505805        0.178015             0.219048         3.856099
021      0.4902      -0.862358        0.227785             0.901497         0.503329
021      1.0000      -0.998458        0.006637             0.999229         0.001659
021      0.4392      -0.715011        0.395918             0.695510         4.590614
021      0.4706      -0.823764        0.310882             0.849977         2.401140
021      0.4512      -0.750113        0.430087             0.709297        10.603454
021      0.4072      -0.591293        0.430356             0.397052         9.013620
021      0.4239      -0.642902        0.564734             0.499773        12.677032
021      0.3840      -0.515964        0.227620             0.218821         4.245114
021      0.3543      -0.440726        0.133383             0.142222         1.539413
021      0.4528      -0.787619        0.346486             0.820726         1.531472
021      0.3865      -0.520862        0.162435             0.256009         5.264815
021      0.4543      -0.787574        0.317220             0.814331         2.145165
022      0.4255      -0.650661        0.475195             0.478512        13.260848
022      0.5228      -0.903471        0.176180             0.935661         0.256445
022      0.4407      -0.726777        0.548530             0.676116         9.691782
022      0.4925      -0.862273        0.187811             0.902769         0.530273
022      0.4559      -0.776818        0.330145             0.784669         3.626402
022      0.3586      -0.462521        0.146105             0.162934         2.790862
022      0.4090      -0.594628        0.302909             0.377810        10.267888
022      0.4724      -0.824835        0.288031             0.861488         1.052552
022      0.0000       0.041322        0.000000             0.008264         0.000000
022      0.3888      -0.526240        0.191938             0.233388         4.989819
022      0.4271      -0.666074        0.440919             0.554298         9.302047
022      0.5271      -0.912149        0.117515             0.943430         0.163389
022      0.4107      -0.604463        0.277264             0.403140         9.483148
022      0.3626      -0.465248        0.159815             0.168884         2.443464
022      0.4742      -0.819835        0.262676             0.847190         1.853679
022      0.4422      -0.725372        0.366812             0.703430         4.354942
022      0.4574      -0.788058        0.324899             0.809380         2.197407
022      0.4949      -0.867438        0.156326             0.905579         0.402108
022      0.2719      -0.311612        0.050058             0.080496         0.542531
022      0.4286      -0.668843        0.483346             0.561116        11.124707
022      0.3911      -0.537479        0.179262             0.253636         4.913654
022      0.4125      -0.585950        0.357185             0.353760         8.849201
022      0.5318      -0.913843        0.130457             0.945826         0.141444
022      0.2965      -0.351240        0.069077             0.104050         0.687758
022      0.3662      -0.476488        0.142041             0.179174         3.337006
022      0.4760      -0.830331        0.243218             0.864793         0.976212
022      0.4437      -0.735289        0.380753             0.721942         4.208245
022      0.4301      -0.686570        0.409961             0.607355        10.007054
022      0.4590      -0.774835        0.303094             0.800620         1.658568
022      0.4974      -0.869793        0.209476             0.907025         0.453707
022      0.4317      -0.675083        0.407433             0.581116         7.393173
022      0.4142      -0.603678        0.291464             0.423017         8.405711
022      0.4606      -0.783306        0.278564             0.813554         1.627417
022      0.3115      -0.365289        0.093152             0.092355         0.879544
022      0.5372      -0.912934        0.154865             0.944050         0.194395
022      0.3696      -0.486116        0.140152             0.162066         2.813342
022      0.4779      -0.837273        0.238730             0.875124         0.691500
022      0.3933      -0.545124        0.222226             0.257025         7.347723
022      0.4452      -0.735496        0.399768             0.695785         9.077276
022      0.5000      -0.876570        0.160499             0.916818         0.302401
022      0.4798      -0.836736        0.281577             0.867438         1.377221
022      0.5433      -0.919339        0.132094             0.950744         0.125328
022      0.4159      -0.603884        0.354120             0.404504        10.592495
022      0.4622      -0.794298        0.303108             0.821281         1.907934
022      0.3224      -0.386736        0.093955             0.117355         1.082574
022      0.3728      -0.485124        0.164990             0.184421         3.032848
022      0.4818      -0.832273        0.324800             0.864669         2.036002
022      0.4332      -0.702438        0.472919             0.674545         6.376556
022      0.5504      -0.923223        0.134547             0.950165         0.199026
022      0.3955      -0.541446        0.181036             0.260124         5.921767
022      0.4467      -0.750083        0.422095             0.741777         5.888303
022      0.5027      -0.868264        0.183574             0.908017         0.289516
022      0.3310      -0.410165        0.088038             0.109339         1.505449
022      0.3758      -0.493802        0.184112             0.183678         2.797194
022      0.4838      -0.841074        0.257278             0.882562         0.568190
022      0.4175      -0.619504        0.293603             0.450661         9.663611
022      0.4347      -0.695620        0.469934             0.650579         8.969890
022      0.4639      -0.801322        0.378648             0.824215         3.242229
022      0.3976      -0.560413        0.265394             0.317851         7.833123
022      0.5055      -0.876901        0.155025             0.915165         0.251727
022      0.4482      -0.751942        0.387120             0.728264         5.862523
022      0.3787      -0.497686        0.183006             0.222107         4.167634
022      0.5590      -0.931405        0.111794             0.957851         0.106018
022      0.4859      -0.849752        0.177078             0.889463         0.477681
022      0.4362      -0.707190        0.413815             0.657603         8.065682
022      0.3381      -0.414380        0.099523             0.119008         1.155513
022      0.3996      -0.554959        0.222559             0.283884         6.041399
022      0.4497      -0.744752        0.461170             0.747273         4.234458
022      0.4192      -0.638554        0.421797             0.491694        10.561973
022      0.5698      -0.935041        0.075798             0.960579         0.070920
022      0.4016      -0.553678        0.272542             0.271446         7.241740
022      0.4655      -0.810661        0.307032             0.844132         1.368664
022      0.5085      -0.878099        0.163706             0.915992         0.305831
022      0.4880      -0.858471        0.222458             0.901983         0.428349
022      0.3814      -0.502066        0.173688             0.214545         4.395690
022      0.4512      -0.756405        0.437936             0.741240         6.089525
022      0.4377      -0.709380        0.402276             0.652314         6.745247
022      0.3442      -0.425702        0.094616             0.123264         1.494345
022      0.4208      -0.632975        0.425937             0.470372        11.248861
022      0.5117      -0.885785        0.208440             0.924050         0.273979
022      0.4035      -0.577107        0.285338             0.338306        10.056595
022      0.4528      -0.763595        0.418150             0.777934         3.368031
022      0.4672      -0.806983        0.267414             0.842273         1.153013
022      0.5848      -0.946694        0.081289             0.968554         0.061212
022      0.3840      -0.512314        0.170696             0.234256         4.653012
022      0.4902      -0.852025        0.186936             0.895537         0.454847
022      0.4054      -0.585702        0.288255             0.388306         8.365583
022      0.4392      -0.708099        0.390977             0.652893         8.925459
022      0.3495      -0.440537        0.124011             0.165000         2.533318
022      0.4224      -0.646612        0.332140             0.498017         9.998272
022      0.4689      -0.806777        0.284120             0.832645         1.400802
022      0.4543      -0.773306        0.351591             0.788554         2.785848
022      0.5151      -0.895413        0.122799             0.932851         0.163874
022      0.4072      -0.573719        0.290735             0.339876         8.515485
022      1.0000      -0.999050        0.004317             0.999504         0.001215
022      0.3865      -0.529132        0.196529             0.285702         6.048415
022      0.3543      -0.452479        0.144600             0.143264         2.238014
022      0.4706      -0.821736        0.312735             0.857190         1.211101
022      0.5188      -0.893471        0.179231             0.928512         0.288391
022      0.4239      -0.654752        0.335258             0.565744         7.196528
023      0.4255      -0.675501        0.357512             0.603629         9.172429
023      0.4724      -0.826692        0.270170             0.861853         1.051191
023      0.4407      -0.729830        0.351169             0.702873         5.370207
023      0.0000      -0.001890        0.000000             0.024575         0.000000
023      0.4090      -0.600681        0.383238             0.400454         9.328710
023      0.3586      -0.462042        0.123717             0.149679         2.504470
023      0.4925      -0.860567        0.215422             0.898904         0.572453
023      0.5228      -0.899735        0.149587             0.930926         0.373144
023      0.3888      -0.532590        0.220401             0.242495         5.610998
023      0.4271      -0.646805        0.439115             0.488431        11.554696
023      0.4559      -0.780076        0.297571             0.809868         1.916043
023      0.4422      -0.725482        0.559244             0.663894        12.241060
023      0.4742      -0.831380        0.340490             0.864310         1.181046
023      0.2719      -0.312930        0.045650             0.080151         0.500825
023      0.4107      -0.611040        0.299326             0.460151         8.995005
023      0.5271      -0.901361        0.192412             0.937580         0.247459
023      0.4574      -0.776522        0.281107             0.797580         2.212893
023      0.3911      -0.540643        0.298696             0.276219         6.554259
023      0.4286      -0.663100        0.418289             0.531002        10.811561
023      0.4949      -0.862382        0.234559             0.900681         0.585669
023      0.3626      -0.459130        0.147360             0.128960         2.519866
023      0.4760      -0.830813        0.296241             0.871191         0.764330
023      0.4437      -0.750246        0.362587             0.770964         2.697062
023      0.4125      -0.589338        0.326509             0.323819        10.568948
023      0.2965      -0.350775        0.073155             0.088015         0.670937
023      0.5318      -0.909868        0.118078             0.942042         0.155342
023      0.4779      -0.834405        0.230222             0.876673         0.526108
023      0.3662      -0.471380        0.162755             0.141134         2.658474
023      0.4590      -0.792401        0.414691             0.807221         4.179448
023      0.4301      -0.687599        0.402454             0.632628         8.001927
023      0.4974      -0.871645        0.189196             0.913497         0.370799
023      0.3933      -0.529565        0.192581             0.202609         4.789474
023      0.4798      -0.831834        0.296626             0.870964         0.852250
023      0.4142      -0.600454        0.232204             0.378488         8.995054
023      0.4452      -0.728733        0.385224             0.702571         6.245132
023      0.3115      -0.367788        0.075141             0.113724         0.985881
023      0.4317      -0.675955        0.445403             0.568053         9.844257
023      0.5372      -0.914442        0.141797             0.946087         0.162858
023      0.4606      -0.797883        0.293695             0.829868         1.350350
023      0.3696      -0.481021        0.174468             0.166427         2.961935
023      0.3955      -0.536635        0.191796             0.247750         4.455281
023      0.5000      -0.874405        0.214469             0.913837         0.333471
023      0.4818      -0.836408        0.239899             0.881474         0.548095
023      0.4159      -0.602836        0.303426             0.411531         9.390285
023      0.3728      -0.493195        0.151239             0.186957         4.078841
023      0.4467      -0.755274        0.416131             0.749943         5.216926
023      0.4332      -0.696786        0.522364             0.641021         9.876631
023      0.4622      -0.791682        0.369615             0.806541         3.973532
023      0.3224      -0.386503        0.080243             0.095085         0.927957
023      0.5433      -0.920378        0.129124             0.950321         0.162746
023      0.4838      -0.842949        0.190269             0.886578         0.433449
023      0.3976      -0.555198        0.225400             0.287561         7.736485
023      0.5027      -0.878223        0.175563             0.915917         0.385176
023      0.4347      -0.685974        0.574265             0.590699        11.720553
023      0.4175      -0.597618        0.332446             0.376408        11.308351
023      0.4859      -0.851191        0.219572             0.891304         0.455824
023      0.3996      -0.549074        0.261953             0.270170         6.545160
023      0.3758      -0.501096        0.158361             0.206389         4.358315
023      0.5055      -0.883403        0.224147             0.918790         0.420129
023      0.4482      -0.756068        0.330991             0.770132         2.711894
023      0.4639      -0.793951        0.371246             0.815198         2.391275
023      0.5504      -0.921512        0.112271             0.950699         0.143008
023      0.3310      -0.405671        0.100050             0.113951         1.328754
023      0.5085      -0.881172        0.210686             0.914896         0.447565
023      0.4362      -0.723251        0.426365             0.714972         5.019094
023      0.4192      -0.643100        0.359335             0.527032        10.649998
023      0.4497      -0.776975        0.310681             0.800983         2.235140
023      0.4880      -0.851569        0.286931             0.890132         0.675999
023      0.4016      -0.550095        0.238631             0.262533         6.549843
023      0.4655      -0.798601        0.334787             0.825406         1.621315
023      0.3381      -0.414934        0.088041             0.141399         1.720465
023      0.3787      -0.503251        0.139148             0.209792         3.930432
023      0.5590      -0.928960        0.140338             0.957051         0.119501
023      0.5117      -0.890662        0.144953             0.927410         0.204414
023      0.4035      -0.564688        0.293911             0.307599         7.689703
023      0.4377      -0.724310        0.509741             0.696408         7.141894
023      0.4512      -0.772363        0.287558             0.801853         1.237902
023      0.4672      -0.813157        0.245829             0.849338         0.949760
023      0.3442      -0.427259        0.107351             0.122873         1.375111
023      0.4208      -0.617618        0.373548             0.418374        10.773365
023      0.4902      -0.858601        0.246710             0.897769         0.725877
023      0.4054      -0.573648        0.238716             0.299584         7.378421
023      0.5698      -0.938941        0.107461             0.963667         0.094438
023      0.4528      -0.775879        0.377156             0.801248         2.394852
023      0.3814      -0.508431        0.203877             0.218828         4.861026
023      0.4689      -0.811531        0.401452             0.841853         2.153442
023      0.4392      -0.716181        0.463400             0.687788         6.744198
023      0.4224      -0.628847        0.394130             0.434556        12.729080
023      0.5151      -0.897694        0.093671             0.933459         0.154468
023      0.4072      -0.577921        0.370701             0.335236         9.622013
023      0.3495      -0.432250        0.130056             0.148129         2.019336
023      0.5848      -0.945369        0.087221             0.967221         0.075227
023      0.4706      -0.813233        0.319423             0.847864         1.077581
023      0.4543      -0.773081        0.383445             0.794594         2.435192
023      0.3840      -0.524045        0.212819             0.258488         6.894852
023      0.5188      -0.897505        0.181512             0.931078         0.352883
023      0.4239      -0.658866        0.382336             0.509830        12.341001
023      0.3543      -0.457505        0.173468             0.140756         1.908423
023      1.0000      -0.998336        0.007687             0.999168         0.001922
023      0.3865      -0.523138        0.177878             0.227599         4.990751
024      0.5228      -0.899167        0.186086             0.935625         0.214837
024      0.4559      -0.789410        0.273503             0.818090         2.018493
024      0.4090      -0.577465        0.305830             0.294618         9.116222
024      0.4255      -0.644861        0.400252             0.468715        12.609795
024      0.4724      -0.819826        0.254423             0.862708         0.697345
024      0.0000       0.000000        0.000000             0.045139         0.000000
024      0.4407      -0.721458        0.420575             0.682326         7.716501
024      0.3586      -0.459896        0.138631             0.133194         2.638129
024      0.4925      -0.864236        0.273507             0.900972         0.577349
024      0.3888      -0.525694        0.208809             0.213368         5.583285
024      0.5271      -0.906771        0.138918             0.937535         0.202644
024      0.4742      -0.825521        0.344074             0.855069         1.692028
024      0.2719      -0.307535        0.049335             0.082674         0.466146
024      0.4107      -0.585069        0.310624             0.309340         9.669316
024      0.4422      -0.717604        0.449345             0.651250        12.090725
024      0.4574      -0.789132        0.302200             0.824375         1.554735
024      0.4271      -0.641493        0.334818             0.456840        11.952890
024      0.3911      -0.537222        0.239803             0.256528         7.169416
024      0.3626      -0.474792        0.145439             0.155972         2.969818
024      0.4760      -0.832708        0.245238             0.867882         0.817437
024      0.5318      -0.913785        0.118894             0.945486         0.164636
024      0.2965      -0.349375        0.069613             0.087882         0.803986
024      0.4949      -0.856493        0.177897             0.895903         0.517614
024      0.4590      -0.790417        0.229797             0.813958         1.540015
024      0.4125      -0.609757        0.327940             0.432396         8.702201
024      0.3933      -0.534097        0.197947             0.243507         5.215907
024      0.4286      -0.664097        0.404021             0.561285        12.004939
024      0.4437      -0.717674        0.420654             0.661354         9.316362
024      0.3662      -0.474201        0.156793             0.179757         3.027688
024      0.3115      -0.373750        0.073706             0.096458         1.012530
024      0.4779      -0.837882        0.311874             0.873542         0.941661
024      0.5372      -0.913333        0.167484             0.945035         0.230543
024      0.4974      -0.875625        0.213915             0.912847         0.473628
024      0.3696      -0.494271        0.129821             0.183958         3.140223
024      0.3955      -0.540868        0.190355             0.232778         6.202820
024      0.4142      -0.610660        0.311061             0.375625        10.842635
024      0.4606      -0.786493        0.375364             0.802917         3.331755
024      0.4301      -0.681076        0.445608             0.582396        10.619073
024      0.3224      -0.391563        0.106461             0.101771         1.323819
024      0.4452      -0.736042        0.477814             0.706354         7.184840
024      0.4798      -0.844826        0.235447             0.885035         0.568598
024      0.5000      -0.873681        0.190663             0.911771         0.391540
024      0.4622      -0.796875        0.366310             0.818194         2.722629
024      0.5433      -0.920417        0.122557             0.950382         0.130662
024      0.3310      -0.413993        0.104747             0.119931         1.303349
024      0.3728      -0.485278        0.137547             0.134167         2.375452
024      0.3976      -0.542014        0.260052             0.200313         5.403909
024      0.4159      -0.602917        0.243878             0.335278        10.486126
024      0.4317      -0.675312        0.468822             0.579097         9.934850
024      0.4818      -0.836007        0.212867             0.875625         0.582115
024      0.4467      -0.752500        0.405752             0.767569         2.503269
024      0.5027      -0.877257        0.164821             0.915833         0.298951
024      0.4838      -0.846146        0.196820             0.889271         0.503346
024      0.4639      -0.804653        0.242283             0.841458         1.412848
024      0.3996      -0.553438        0.276667             0.265000         7.249491
024      0.3758      -0.493264        0.162837             0.195174         4.625679
024      0.5504      -0.924306        0.130899             0.953611         0.149454
024      0.3381      -0.421944        0.079352             0.126667         1.581786
024      0.4482      -0.754375        0.290544             0.764618         2.213650
024      0.4175      -0.608264        0.371306             0.377188         9.812690
024      0.4859      -0.849826        0.177572             0.887361         0.561706
024      0.4332      -0.712847        0.405071             0.681389         8.542730
024      0.5590      -0.935347        0.124481             0.960104         0.122609
024      0.4016      -0.563368        0.214259             0.242639         7.111475
024      0.5055      -0.884792        0.197348             0.922743         0.303642
024      0.3787      -0.502222        0.192690             0.195451         4.632519
024      0.4655      -0.809826        0.288195             0.846111         1.033407
024      0.3442      -0.432153        0.104755             0.132153         1.515961
024      0.4192      -0.632188        0.447345             0.467431        12.190799
024      0.4497      -0.761007        0.338999             0.781632         2.809811
024      0.4347      -0.704444        0.367520             0.658576         7.336062
024      0.3495      -0.438542        0.114601             0.117292         1.893385
024      0.3814      -0.505347        0.170026             0.172292         4.391610
024      0.4880      -0.856111        0.161330             0.895972         0.410792
024      0.4035      -0.564514        0.264451             0.282222         7.642556
024      0.5698      -0.939757        0.102610             0.963437         0.085577
024      0.5085      -0.886528        0.169391             0.924826         0.245805
024      0.4672      -0.801493        0.261654             0.830937         1.174106
024      0.4512      -0.761424        0.374156             0.783715         2.055201
024      0.4362      -0.699757        0.429250             0.648299         8.308625
024      0.3543      -0.448819        0.147904             0.160729         2.415792
024      0.4054      -0.583750        0.331208             0.353299        11.173170
024      0.5848      -0.948785        0.097234             0.970035         0.069630
024      0.4902      -0.856424        0.207845             0.892708         0.812081
024      0.4689      -0.819826        0.256314             0.860937         0.692836
024      0.4208      -0.625069        0.341005             0.402847        10.775159
024      0.3840      -0.511667        0.179374             0.223924         5.069689
024      0.4377      -0.712674        0.478138             0.689410         5.185878
024      0.5117      -0.884479        0.183315             0.921875         0.302349
024      0.4072      -0.581736        0.250037             0.366215         8.525519
024      0.4392      -0.700937        0.410824             0.629201        10.503291
024      0.4528      -0.764375        0.301888             0.769931         3.253375
024      0.4706      -0.826632        0.239580             0.863854         0.758050
024      1.0000      -0.998333        0.006661             0.999132         0.001876
024      0.5151      -0.899792        0.149360             0.935104         0.179928
024      0.4224      -0.645278        0.394747             0.508854         9.939748
024      0.3865      -0.521215        0.205065             0.234722         5.487624
024      0.4543      -0.763507        0.330322             0.777778         2.320232
024      0.5188      -0.890937        0.209112             0.928924         0.265615
024      0.4239      -0.640174        0.398789             0.447500        11.967665
025      0.0000       0.043200        0.000000             0.001600         0.000000
025      0.4090      -0.585728        0.293655             0.319456        10.261664
025      0.4407      -0.730880        0.299994             0.729792         2.855740
025      0.5228      -0.901856        0.177331             0.936736         0.198834
025      0.3888      -0.523104        0.176202             0.216064         5.105014
025      0.4559      -0.780288        0.304718             0.804896         1.648860
025      0.3586      -0.455904        0.143843             0.134624         1.841772
025      0.4255      -0.650176        0.437319             0.499936        11.384034
025      0.4925      -0.862944        0.189132             0.902912         0.407317
025      0.4724      -0.817920        0.290697             0.849504         2.253020
025      0.2719      -0.308800        0.042941             0.074816         0.515895
025      0.4422      -0.721536        0.435148             0.702880         5.514361
025      0.4107      -0.591008        0.313062             0.367008         9.135810
025      0.5271      -0.908032        0.156196             0.940608         0.232812
025      0.4271      -0.663776        0.430433             0.555520        11.058314
025      0.4742      -0.826528        0.308520             0.856160         1.412706
025      0.3626      -0.462016        0.123373             0.144000         2.018223
025      0.4949      -0.871616        0.150657             0.912672         0.234089
025      0.4574      -0.773888        0.403043             0.770784         8.792323
025      0.3911      -0.535392        0.214151             0.222336         5.349726
025      0.5318      -0.906816        0.161257             0.939008         0.208687
025      0.4125      -0.599680        0.298899             0.327584        12.878204
025      0.4437      -0.719328        0.603852             0.599776        18.804604
025      0.4760      -0.830208        0.240761             0.870912         0.788176
025      0.2965      -0.342144        0.079701             0.086592         0.895297
025      0.4590      -0.792544        0.341023             0.827648         1.726148
025      0.3662      -0.474752        0.143438             0.157152         3.285671
025      0.4974      -0.870400        0.166601             0.913664         0.313568
025      0.4286      -0.670912        0.361945             0.555808        12.435036
025      0.4142      -0.605312        0.294693             0.308032        11.842389
025      0.3933      -0.536544        0.209687             0.206336         5.515179
025      0.3115      -0.374176        0.077561             0.109952         1.023549
025      0.4779      -0.836032        0.207886             0.879008         0.549778
025      0.5372      -0.914464        0.142859             0.945888         0.177049
025      0.4452      -0.730240        0.458150             0.663136        10.857756
025      0.3696      -0.479776        0.168011             0.142304         3.072271
025      0.4606      -0.795072        0.287768             0.823648         1.456058
025      0.4301      -0.663552        0.463603             0.539552        13.114865
025      0.5000      -0.879552        0.151629             0.920928         0.228403
025      0.4159      -0.597888        0.345945             0.338624        10.892281
025      0.3728      -0.485472        0.185609             0.166592         2.865381
025      0.5433      -0.924192        0.114437             0.952480         0.116630
025      0.4798      -0.831936        0.249903             0.868128         0.770083
025      0.3955      -0.546944        0.228240             0.246688         7.299892
025      0.4622      -0.800992        0.317101             0.828000         1.953385
025      0.5027      -0.869568        0.255489             0.909184         0.482494
025      0.3224      -0.389120        0.107356             0.105600         1.338489
025      0.4175      -0.624864        0.293048             0.451936        11.428287
025      0.4467      -0.753728        0.410209             0.741056         8.702285
025      0.4317      -0.688832        0.536662             0.598720        12.685678
025      0.3976      -0.552864        0.254202             0.228544         6.300419
025      0.4818      -0.838624        0.278390             0.880608         0.681947
025      0.5504      -0.925792        0.140248             0.953728         0.135097
025      0.3758      -0.486720        0.146512             0.145920         2.927865
025      0.4482      -0.741728        0.380140             0.725792         5.290349
025      0.5055      -0.878656        0.150793             0.918912         0.228844
025      0.4639      -0.802432        0.282235             0.826464         1.940168
025      0.3310      -0.403616        0.091858             0.120640         1.305434
025      0.4192      -0.612224        0.303014             0.387456        10.958673
025      0.5590      -0.930592        0.098963             0.957088         0.091141
025      0.4332      -0.687552        0.502260             0.603008        11.836725
025      0.3787      -0.503936        0.166003             0.182400         4.530309
025      0.4497      -0.739456        0.596814             0.666112        13.525957
025      0.5085      -0.889760        0.190332             0.922016         0.635716
025      0.3996      -0.554592        0.270290             0.245152         7.298465
025      0.4655      -0.802688        0.292087             0.840640         1.070602
025      0.3381      -0.414592        0.108426             0.116096         1.718084
025      0.4512      -0.756640        0.395685             0.754944         5.428742
025      0.4838      -0.849056        0.185122             0.885632         0.538242
025      0.5117      -0.886144        0.194076             0.924704         0.237885
025      0.3814      -0.509984        0.159785             0.175360         3.335074
025      0.4016      -0.550464        0.245393             0.281248         7.975338
025      0.4347      -0.692512        0.506732             0.627456         7.990730
025      0.4208      -0.629024        0.442100             0.440224        13.243903
025      0.4672      -0.811872        0.259208             0.844736         1.761405
025      0.3442      -0.430944        0.115850             0.110272         1.662778
025      0.5698      -0.934848        0.112919             0.959968         0.114605
025      0.4859      -0.849344        0.264022             0.889760         0.587278
025      0.3840      -0.513344        0.184530             0.180416         3.709515
025      0.5151      -0.900256        0.171241             0.933856         0.232182
025      0.4035      -0.566912        0.295244             0.290784         9.819194
025      0.4528      -0.769920        0.377414             0.779424         3.535506
025      0.4689      -0.818912        0.207144             0.858848         0.721969
025      0.4880      -0.854272        0.219234             0.893088         0.526373
025      0.4362      -0.704192        0.451459             0.652864         8.898636
025      0.3495      -0.439200        0.116876             0.103296         1.477503
025      0.3865      -0.521696        0.220339             0.190240         5.157446
025      0.4224      -0.645696        0.435885             0.514816        11.814767
025      0.5848      -0.945824        0.106852             0.967968         0.082155
025      0.5188      -0.896512        0.151277             0.932480         0.268673
025      0.4054      -0.572864        0.266687             0.336384         8.719335
025      0.4543      -0.769280        0.298944             0.789408         1.771778
025      0.4902      -0.859200        0.235104             0.896128         0.545958
025      0.3543      -0.445632        0.110008             0.135904         2.479813
025      0.4706      -0.819488        0.248942             0.852704         0.943665
025      1.0000      -0.998432        0.007434             0.999168         0.002149
025      0.4377      -0.699520        0.488112             0.600608        12.571535
025      0.4239      -0.645664        0.359163             0.497472        10.690359
025      0.4072      -0.569728        0.257359             0.260064         7.907785
025      0.4392      -0.714336        0.369817             0.665024         9.775207
026      0.4255      -0.643225        0.376020             0.451716        15.086316
026      0.4090      -0.589822        0.277301             0.317249        10.698516
026      0.3888      -0.520296        0.190753             0.187692         4.161460
026      0.4559      -0.763195        0.489965             0.716302        16.496526
026      0.3586      -0.450148        0.142845             0.118787         2.361557
026      0.4724      -0.817929        0.307069             0.853698         1.285475
026      0.4407      -0.723550        0.385005             0.708343         5.398034
026      0.4925      -0.862663        0.215146             0.902426         0.437805
026      0.0000       0.032544        0.000000             0.023669         0.000000
026      0.5228      -0.900444        0.127998             0.934911         0.182467
026      0.4742      -0.823314        0.369799             0.857396         1.136281
026      0.4107      -0.586391        0.364454             0.314408        11.638885
026      0.3626      -0.464882        0.131154             0.132899         2.235940
026      0.4271      -0.650030        0.397284             0.472722        14.031104
026      0.4574      -0.783491        0.360584             0.805828         2.098494
026      0.4760      -0.828225        0.284654             0.857840         1.618059
026      0.4949      -0.862633        0.168745             0.900976         0.512834
026      0.3911      -0.531568        0.256211             0.197278         5.181298
026      0.4422      -0.719467        0.428155             0.692426         6.499368
026      0.5271      -0.903225        0.164526             0.936183         0.343838
026      0.4590      -0.782130        0.307021             0.810178         2.009891
026      0.2719      -0.306006        0.064486             0.071598         0.495037
026      0.4125      -0.584053        0.247501             0.312870         9.301741
026      0.4286      -0.657781        0.380805             0.475385        13.532419
026      0.4779      -0.835355        0.243207             0.873876         0.792963
026      0.3662      -0.468225        0.139312             0.156834         3.324352
026      0.3933      -0.546124        0.150608             0.245296         7.051890
026      0.5318      -0.911568        0.142451             0.944467         0.156325
026      0.4606      -0.788314        0.291075             0.805621         2.302795
026      0.4974      -0.867751        0.224771             0.902071         0.757274
026      0.2965      -0.341657        0.074207             0.086686         0.877705
026      0.4437      -0.731923        0.336265             0.733550         3.068031
026      0.4301      -0.668757        0.428625             0.560266        14.193148
026      0.3696      -0.480000        0.138935             0.185888         3.558198
026      0.4798      -0.838876        0.260302             0.880118         0.631008
026      0.4622      -0.778373        0.496400             0.739734        13.677029
026      0.4142      -0.602633        0.306737             0.370621        12.663074
026      0.5000      -0.870947        0.192639             0.905828         0.735902
026      0.5372      -0.913846        0.152380             0.944793         0.184313
026      0.4452      -0.734320        0.374628             0.723876         3.613461
026      0.3115      -0.374793        0.095325             0.085118         0.835536
026      0.3955      -0.545296        0.165839             0.225266         4.940982
026      0.4818      -0.840592        0.263104             0.874527         1.185822
026      0.4639      -0.803107        0.352369             0.816598         3.001934
026      0.4159      -0.605651        0.364027             0.341627        12.441574
026      0.4467      -0.749675        0.467821             0.752041         4.120530
026      0.3728      -0.486361        0.168858             0.147012         3.002160
026      0.4317      -0.678905        0.509301             0.586746        10.779018
026      0.3224      -0.385710        0.116219             0.096716         1.143712
026      0.5433      -0.921272        0.123276             0.949586         0.214959
026      0.5027      -0.876154        0.179213             0.914911         0.303461
026      0.4655      -0.804822        0.321579             0.840917         1.234777
026      0.4838      -0.843343        0.286751             0.878817         0.972175
026      0.3976      -0.547633        0.207507             0.211509         4.404188
026      0.5504      -0.926716        0.146114             0.954260         0.149314
026      0.4175      -0.606391        0.372862             0.362840        12.150271
026      0.4482      -0.738343        0.350141             0.712574         7.055496
026      0.3758      -0.491805        0.150401             0.141154         3.346876
026      0.4859      -0.845148        0.346702             0.885355         0.814388
026      0.4332      -0.689615        0.518617             0.635325         7.880945
026      0.4672      -0.810799        0.276990             0.843728         1.323534
026      0.5055      -0.885355        0.116496             0.924379         0.166021
026      0.3310      -0.403432        0.093229             0.100888         1.575548
026      0.3996      -0.552160        0.218557             0.224675         7.244750
026      0.4192      -0.619024        0.436544             0.398491        13.301599
026      0.5590      -0.934231        0.112083             0.959734         0.112450
026      0.4880      -0.848817        0.202725             0.887456         0.591602
026      0.3787      -0.504408        0.150299             0.159763         2.892423
026      0.4347      -0.672160        0.655401             0.515148        18.764442
026      0.4689      -0.820237        0.210177             0.858669         0.986146
026      0.4016      -0.560592        0.268456             0.223905         8.876862
026      0.4497      -0.754822        0.589973             0.754734         6.395395
026      0.5085      -0.886420        0.168693             0.922367         0.323834
026      0.3381      -0.420059        0.121577             0.115799         1.681152
026      0.4208      -0.608994        0.274471             0.304260        10.482606
026      0.5698      -0.941006        0.102160             0.964941         0.090147
026      0.4902      -0.852101        0.210371             0.888787         0.682609
026      0.3814      -0.500385        0.207739             0.148284         3.617064
026      0.4706      -0.818521        0.250948             0.858994         0.984468
026      0.4362      -0.705237        0.483977             0.660503         7.639700
026      0.4035      -0.555237        0.174149             0.236716         6.665540
026      0.5117      -0.887160        0.185158             0.924615         0.295058
026      0.5848      -0.951598        0.083960             0.972041         0.064484
026      0.3840      -0.510325        0.183895             0.195740         4.183465
026      0.4512      -0.763402        0.378127             0.770740         3.878634
026      0.4377      -0.722811        0.392484             0.703550         4.128492
026      0.4224      -0.645118        0.340653             0.502722        10.563171
026      0.3442      -0.429911        0.091996             0.115769         1.713823
026      0.4528      -0.773787        0.257951             0.795414         1.702081
026      1.0000      -0.998728        0.005171             0.999349         0.001384
026      0.5151      -0.898166        0.144749             0.932485         0.234637
026      0.3865      -0.514260        0.172650             0.192781         4.278952
026      0.4239      -0.646243        0.319528             0.473402        14.583750
026      0.4054      -0.576982        0.226346             0.306272         8.378834
026      0.4392      -0.708254        0.546622             0.626686        15.033319
026      0.4543      -0.769852        0.421014             0.769142         6.644955
026      0.3495      -0.435533        0.131044             0.108136         1.599962
026      0.5188      -0.896450        0.177660             0.931213         0.263280
026      0.4072      -0.567899        0.212216             0.217959         7.321277
026      0.3543      -0.452396        0.093110             0.121420         2.021055
027      0.4559      -0.766337        0.259999             0.762826         3.402433
027      0.4407      -0.716626        0.407129             0.681674         7.054968
027      0.4724      -0.825377        0.294539             0.860137         1.085281
027      0.0000      -0.015089        0.000000             0.001372         0.000000
027      0.3586      -0.448807        0.138985             0.136872         2.141547
027      0.4925      -0.863841        0.152163             0.904609         0.245620
027      0.5228      -0.900110        0.151974             0.935007         0.189755
027      0.3888      -0.526255        0.197279             0.191687         5.304014
027      0.4255      -0.638354        0.418172             0.420302        16.901639
027      0.4090      -0.581372        0.318616             0.309986        12.079185
027      0.4742      -0.828038        0.250464             0.865460         0.626122
027      0.4574      -0.764417        0.408363             0.754979         7.528875
027      0.4422      -0.724307        0.493716             0.720412         4.650120
027      0.2719      -0.313306        0.053432             0.061317         0.493208
027      0.3626      -0.464115        0.154005             0.121454         1.744503
027      0.3911      -0.525734        0.177664             0.190754         6.416182
027      0.4949      -0.867654        0.205127             0.907133         0.483720
027      0.5271      -0.906749        0.111429             0.940137         0.142170
027      0.2965      -0.340274        0.070176             0.086420         0.848589
027      0.4590      -0.780768        0.309142             0.813059         1.620831
027      0.4437      -0.726776        0.468648             0.683457        12.090213
027      0.4760      -0.830069        0.226533             0.869136         0.848399
027      0.4107      -0.582359        0.330961             0.286584        11.844608
027      0.4271      -0.646091        0.381394             0.456132        16.057417
027      0.4974      -0.876626        0.185064             0.912455         0.573457
027      0.3662      -0.471907        0.149076             0.136818         3.317280
027      0.3933      -0.538272        0.193638             0.218985         5.252638
027      0.4286      -0.650069        0.366444             0.472922        12.359272
027      0.5000      -0.873635        0.171042             0.912867         0.379196
027      0.4606      -0.794787        0.255065             0.829163         1.498052
027      0.3115      -0.370617        0.053466             0.082222         0.981071
027      0.4452      -0.729904        0.452059             0.696351         9.600618
027      0.5318      -0.910069        0.156886             0.942606         0.187574
027      0.4125      -0.584691        0.288815             0.294321         9.978064
027      0.3696      -0.476982        0.126507             0.146475         3.059842
027      0.4779      -0.832263        0.226706             0.868999         0.828055
027      0.3955      -0.547298        0.238786             0.221399         7.162483
027      0.3728      -0.492894        0.149290             0.156406         3.980257
027      0.4798      -0.837037        0.243409             0.876077         0.628457
027      0.4301      -0.660494        0.466813             0.510178        16.224604
027      0.4467      -0.752373        0.392820             0.746310         4.437152
027      0.5027      -0.875665        0.151474             0.914239         0.326449
027      0.4142      -0.601948        0.327516             0.329328        13.966846
027      0.5372      -0.914678        0.182861             0.943402         0.281339
027      0.3976      -0.552291        0.231127             0.250453         8.754962
027      0.4622      -0.791550        0.421043             0.800713         8.991500
027      0.3224      -0.389739        0.077740             0.098107         1.169664
027      0.4818      -0.838244        0.202413             0.875007         0.706990
027      0.5055      -0.886145        0.196357             0.924198         0.291316
027      0.3758      -0.495391        0.131784             0.148944         3.368559
027      0.4639      -0.813361        0.256253             0.851358         0.977609
027      0.3996      -0.548669        0.194258             0.213471         5.641745
027      0.3310      -0.408395        0.092316             0.095226         1.561593
027      0.4159      -0.602963        0.254530             0.302359         9.026127
027      0.4317      -0.679753        0.361925             0.542853        16.412917
027      0.4482      -0.758848        0.383340             0.765816         3.379570
027      0.5433      -0.920110        0.146553             0.950178         0.138254
027      0.4838      -0.845213        0.227810             0.885953         0.747170
027      0.5085      -0.887572        0.149551             0.924252         0.256140
027      0.4655      -0.811715        0.223909             0.851331         0.771411
027      0.3381      -0.417805        0.100300             0.112565         1.496885
027      0.4175      -0.602606        0.295986             0.303237        13.696552
027      0.4016      -0.558903        0.265564             0.240302         8.066676
027      0.3787      -0.500713        0.180401             0.167078         4.058152
027      0.4497      -0.745981        0.376310             0.737558         6.633649
027      0.4859      -0.843868        0.247879             0.885953         0.573345
027      0.4332      -0.691907        0.439550             0.613224        11.489102
027      0.3442      -0.438025        0.124792             0.117641         1.721194
027      0.5117      -0.889959        0.177586             0.926996         0.276920
027      0.4672      -0.809355        0.347655             0.843841         1.665491
027      0.5504      -0.925981        0.141237             0.955254         0.130239
027      0.4192      -0.622387        0.401625             0.393416        16.777004
027      0.4512      -0.773169        0.279595             0.798025         2.362058
027      0.3814      -0.505240        0.197273             0.150123         4.509762
027      0.4347      -0.676543        0.431455             0.555062        11.962132
027      0.4880      -0.857147        0.208255             0.895830         0.415217
027      0.4035      -0.565130        0.176221             0.230919         7.726283
027      0.3495      -0.438711        0.123450             0.126639         1.799360
027      0.4689      -0.815391        0.230166             0.854211         0.865083
027      0.5151      -0.898683        0.194087             0.932702         0.276340
027      0.5590      -0.931687        0.118503             0.958656         0.117246
027      0.4208      -0.623759        0.450147             0.417311        13.751263
027      0.4528      -0.771852        0.351276             0.785130         2.876428
027      0.3840      -0.512565        0.248446             0.180494         4.673544
027      0.4902      -0.857064        0.204374             0.899424         0.402904
027      0.3543      -0.441948        0.130742             0.116077         1.810292
027      0.4362      -0.693745        0.496750             0.618134        11.684287
027      0.5698      -0.937723        0.091950             0.962689         0.079716
027      0.4054      -0.563951        0.240377             0.260274         9.024730
027      0.4706      -0.823512        0.226292             0.859918         0.801965
027      0.4543      -0.775528        0.402418             0.799918         2.354498
027      0.3865      -0.524993        0.186183             0.191632         4.668086
027      0.5848      -0.948011        0.114210             0.969108         0.097995
027      0.4224      -0.621564        0.383722             0.342689        16.051060
027      0.5188      -0.891550        0.137519             0.927572         0.229108
027      0.4377      -0.701043        0.515523             0.652702         9.439448
027      0.4072      -0.564115        0.243302             0.243018         8.381781
027      0.4392      -0.685597        0.522171             0.513333        19.522015
027      1.0000      -0.967078        1.667262             0.741427       115.910532
027      0.4239      -0.644499        0.366942             0.497833        10.506553
028      0.4407      -0.727781        0.529015             0.692245         8.385291
028      0.5228      -0.896199        0.212364             0.931122         0.354858
028      0.4925      -0.865510        0.235889             0.904056         0.437700
028      0.4724      -0.825995        0.249931             0.858418         1.016571
028      0.0000      -0.005102        0.000000             0.010204         0.000000
028      0.4559      -0.780714        0.304258             0.803622         1.875831
028      0.3586      -0.455995        0.127648             0.102194         1.442691
028      0.4255      -0.657041        0.384766             0.516250        11.162314
028      0.3888      -0.526709        0.195588             0.169872         4.081835
028      0.4090      -0.583954        0.347003             0.264719        11.719664
028      0.4949      -0.859031        0.221651             0.893954         0.618882
028      0.4422      -0.718852        0.449947             0.663622        10.177069
028      0.2719      -0.309949        0.063149             0.066582         0.569568
028      0.3911      -0.523903        0.187560             0.175714         4.203260
028      0.4574      -0.786837        0.374683             0.804694         2.343394
028      0.4742      -0.823316        0.269435             0.847781         2.232769
028      0.4271      -0.643112        0.406645             0.423980        17.231025
028      0.5271      -0.905510        0.174379             0.936224         0.286463
028      0.3626      -0.470459        0.119923             0.122883         2.072982
028      0.4107      -0.588852        0.263368             0.303342        10.646580
028      0.4974      -0.870587        0.232907             0.906429         0.598325
028      0.2965      -0.349974        0.067186             0.086071         0.636467
028      0.4760      -0.833138        0.208359             0.873571         0.557534
028      0.4590      -0.775536        0.340537             0.784566         3.327603
028      0.3933      -0.531607        0.201988             0.186352         5.365738
028      0.4286      -0.634439        0.585697             0.353648        20.477232
028      0.5318      -0.908571        0.192008             0.939872         0.324649
028      0.4437      -0.720459        0.453101             0.658648        12.386096
028      0.5000      -0.875383        0.194098             0.911582         0.445668
028      0.3662      -0.471735        0.147690             0.151148         3.085005
028      0.4125      -0.600867        0.402967             0.322321        14.794834
028      0.4606      -0.800000        0.323503             0.835128         1.571883
028      0.3115      -0.367296        0.082314             0.077474         1.020622
028      0.3955      -0.543801        0.168794             0.221301         7.440042
028      0.5027      -0.876122        0.214671             0.915051         0.348825
028      0.4779      -0.845026        0.204337             0.885000         0.552951
028      0.5372      -0.914541        0.153227             0.945765         0.150750
028      0.4301      -0.656352        0.484695             0.500383        15.276151
028      0.3224      -0.393240        0.112976             0.090969         1.345860
028      0.4142      -0.594490        0.268518             0.301071        11.694969
028      0.4452      -0.743571        0.420041             0.731862         5.976426
028      0.5433      -0.920332        0.135316             0.950561         0.149277
028      0.4622      -0.798903        0.275040             0.826658         1.909249
028      0.4317      -0.664490        0.661715             0.515842        16.221266
028      0.3976      -0.545638        0.257567             0.227551         8.165759
028      0.3696      -0.483163        0.185662             0.131633         3.255335
028      0.4798      -0.838163        0.277383             0.871811         2.388718
028      0.3310      -0.405944        0.122536             0.097398         1.190288
028      0.5055      -0.872704        0.221250             0.911352         0.391229
028      0.5504      -0.923138        0.124231             0.952551         0.123445
028      0.3996      -0.565612        0.282972             0.291811        10.039056
028      0.4159      -0.604949        0.383111             0.311607        16.030002
028      0.4818      -0.849209        0.250512             0.888342         0.660200
028      0.4467      -0.741378        0.322920             0.729005         7.220521
028      0.3381      -0.416786        0.086236             0.110689         1.633901
028      0.4639      -0.807143        0.214759             0.845026         0.815845
028      0.3728      -0.484974        0.133676             0.150791         3.323250
028      0.4332      -0.689872        0.478258             0.600689        16.928428
028      0.4655      -0.804388        0.316510             0.837474         1.389674
028      0.4016      -0.560357        0.300394             0.221301         7.834547
028      0.5085      -0.882628        0.151095             0.918903         0.337782
028      0.5590      -0.932577        0.137266             0.958699         0.132611
028      0.3442      -0.429719        0.116705             0.100357         1.793624
028      0.4838      -0.843469        0.298978             0.879923         0.963983
028      0.4175      -0.610740        0.332894             0.386122        15.059872
028      0.3758      -0.496199        0.198516             0.144311         3.310016
028      0.4347      -0.690485        0.425464             0.593520        14.258446
028      0.4672      -0.807296        0.299688             0.838342         2.031198
028      0.4482      -0.750000        0.429257             0.750255         6.017326
028      0.5117      -0.885765        0.166711             0.922168         0.280891
028      0.5698      -0.939362        0.087553             0.963571         0.081999
028      0.4859      -0.855536        0.205074             0.894439         0.545519
028      0.3495      -0.435281        0.178815             0.109515         2.430399
028      0.4035      -0.551811        0.277273             0.215255         7.219598
028      0.3787      -0.499388        0.190710             0.146097         2.810368
028      0.4192      -0.620689        0.339372             0.392423        15.921501
028      0.5151      -0.891046        0.165812             0.925893         0.286418
028      0.4689      -0.814362        0.285551             0.852092         0.977315
028      0.4362      -0.689923        0.418596             0.615026         9.870037
028      0.4497      -0.760332        0.373680             0.769872         3.696163
028      0.3543      -0.445969        0.116593             0.130893         2.728408
028      0.5848      -0.943061        0.101950             0.966480         0.084634
028      0.3814      -0.507959        0.128408             0.177602         4.021172
028      0.5188      -0.892270        0.137259             0.927908         0.243387
028      0.4880      -0.848265        0.266781             0.886607         0.751325
028      0.4054      -0.572194        0.324546             0.234209        12.158729
028      0.4377      -0.688750        0.605060             0.552296        19.133832
028      0.4706      -0.814107        0.256226             0.846122         1.238695
028      0.4208      -0.622857        0.382467             0.440332        15.036273
028      0.3840      -0.502781        0.255075             0.161607         4.676635
028      1.0000      -0.998878        0.006423             0.999439         0.001606
028      0.4512      -0.755816        0.415412             0.729235        12.199339
028      0.4902      -0.857245        0.219179             0.893980         0.976556
028      0.4072      -0.576837        0.266000             0.250179        10.606749
028      0.4224      -0.629872        0.378192             0.331582        16.397344
028      0.4392      -0.697015        0.497763             0.584311        16.817420
028      0.3865      -0.523214        0.212600             0.198699         5.999522
028      0.4528      -0.757219        0.475792             0.751122         7.195180
028      0.4239      -0.642423        0.347033             0.445383        15.603553
028      0.4543      -0.784439        0.306094             0.814541         1.786161
029      0.3586      -0.459572        0.136149             0.127848         2.913560
029      0.5228      -0.897693        0.184325             0.932461         0.284546
029      0.0000      -0.024970        0.000000             0.001189         0.000000
029      0.4090      -0.583329        0.261691             0.264447        10.123859
029      0.4407      -0.725993        0.439741             0.708537         4.730991
029      0.4559      -0.768157        0.413196             0.765612         4.935850
029      0.3888      -0.523662        0.237873             0.169608         5.395921
029      0.4255      -0.652794        0.452802             0.464661        18.432058
029      0.4925      -0.866659        0.211001             0.907277         0.383974
029      0.4724      -0.822711        0.294531             0.860737         1.106891
029      0.5271      -0.904851        0.145305             0.938573         0.173561
029      0.2719      -0.313579        0.058685             0.066611         0.672364
029      0.4574      -0.774649        0.382538             0.786920         3.237075
029      0.3626      -0.463163        0.119241             0.129560         2.321701
029      0.4107      -0.598787        0.318115             0.341141        13.146466
029      0.5318      -0.912414        0.154732             0.942901         0.238881
029      0.4422      -0.717907        0.400542             0.664067        11.421788
029      0.2965      -0.345018        0.094177             0.070606         0.850567
029      0.3911      -0.532866        0.222204             0.173056         6.176871
029      0.4949      -0.869251        0.199505             0.908228         0.405021
029      0.4271      -0.657146        0.372171             0.526659        11.914450
029      0.3662      -0.473341        0.136813             0.130464         2.717105
029      0.4742      -0.832628        0.249924             0.872652         0.703413
029      0.4125      -0.589180        0.315592             0.290392        11.210496
029      0.4590      -0.786136        0.319901             0.801546         2.930241
029      0.4437      -0.706564        0.491539             0.582854        21.491329
029      0.5372      -0.909845        0.130326             0.941260         0.171135
029      0.3696      -0.475196        0.125393             0.133389         3.075300
029      0.4974      -0.869941        0.168030             0.909917         0.305164
029      0.3115      -0.369370        0.090894             0.079715         0.708908
029      0.3933      -0.531439        0.213282             0.191938         4.978707
029      0.4760      -0.823258        0.211890             0.856124         1.097529
029      0.4286      -0.673436        0.475984             0.565065        14.235328
029      0.4142      -0.606801        0.309302             0.371867        14.466736
029      0.4452      -0.744851        0.403699             0.752747         3.627616
029      0.5433      -0.923377        0.148911             0.951914         0.216983
029      0.3728      -0.492057        0.179568             0.137313         3.000077
029      0.5000      -0.873603        0.174241             0.912961         0.327827
029      0.4606      -0.793864        0.318494             0.820856         2.187290
029      0.3224      -0.387277        0.093025             0.085517         1.103166
029      0.4301      -0.654982        0.489113             0.486159        15.138929
029      0.4779      -0.842188        0.222508             0.879857         0.704238
029      0.3955      -0.541403        0.221928             0.189061         7.090849
029      0.4159      -0.608133        0.368072             0.326564        14.481501
029      0.5504      -0.927372        0.086492             0.955386         0.092767
029      0.4467      -0.725874        0.444729             0.664233        11.471679
029      0.3758      -0.489061        0.146200             0.145493         3.619849
029      0.4622      -0.792889        0.310327             0.819453         2.553570
029      0.5027      -0.874958        0.222140             0.910583         0.546326
029      0.3310      -0.399287        0.093468             0.089536         1.289486
029      0.4317      -0.660951        0.386297             0.484994        15.546442
029      0.5590      -0.930321        0.118573             0.956742         0.147685
029      0.4798      -0.838335        0.219996             0.876433         0.818657
029      0.3976      -0.544542        0.230156             0.190226         7.396231
029      0.4482      -0.750559        0.472833             0.743139         5.036121
029      0.4175      -0.614863        0.331106             0.387039        15.441363
029      0.4639      -0.800618        0.302615             0.832699         1.779854
029      0.3787      -0.500856        0.122512             0.147206         2.592607
029      0.4332      -0.702640        0.503605             0.667444         7.523224
029      0.3381      -0.426088        0.102085             0.100404         1.110963
029      0.4818      -0.841593        0.260074             0.882687         0.742860
029      0.5055      -0.882687        0.206686             0.919334         0.399701
029      0.3996      -0.552866        0.214252             0.194982         7.972808
029      0.5698      -0.939144        0.105838             0.963448         0.125697
029      0.4347      -0.684804        0.632947             0.526017        21.626915
029      0.3442      -0.428514        0.139963             0.096694         1.388726
029      0.4655      -0.806254        0.326969             0.836314         2.027727
029      0.4192      -0.627396        0.473794             0.437075        14.877084
029      0.5085      -0.887467        0.218566             0.925232         0.317821
029      0.4497      -0.766659        0.264715             0.784875         2.191762
029      0.4016      -0.550630        0.210805             0.224447         7.811579
029      0.4838      -0.842545        0.260537             0.883995         0.756274
029      0.3814      -0.508109        0.169051             0.164471         4.352960
029      0.5848      -0.946706        0.087915             0.968276         0.077392
029      0.4672      -0.812247        0.313433             0.837907         1.775563
029      0.4512      -0.775386        0.378615             0.801617         1.876768
029      0.3840      -0.513389        0.191696             0.146397         4.254792
029      0.4362      -0.690630        0.572943             0.534744        25.336503
029      0.4208      -0.624732        0.384092             0.385327        13.780271
029      0.4035      -0.566231        0.211856             0.233103         8.492479
029      0.5117      -0.888894        0.150015             0.924970         0.242229
029      0.4859      -0.853936        0.205206             0.893294         0.518811
029      0.3495      -0.441070        0.117860             0.102093         1.798953
029      1.0000      -0.998692        0.005513             0.999334         0.001449
029      0.4689      -0.806897        0.290853             0.839762         1.696669
029      0.4880      -0.857146        0.292061             0.894102         0.946779
029      0.4528      -0.768799        0.367051             0.785517         2.558043
029      0.3865      -0.520333        0.164122             0.146516         3.688764
029      0.4377      -0.716243        0.400158             0.693603         4.757222
029      0.5151      -0.889132        0.203720             0.926302         0.294829
029      0.4224      -0.636409        0.369646             0.429084        15.553852
029      0.4054      -0.567919        0.201274             0.232985         7.645524
029      0.3543      -0.450107        0.128006             0.126540         2.415471
029      0.4706      -0.823068        0.240867             0.854697         1.167520
029      0.4392      -0.726397        0.488408             0.689893         8.609696
029      0.5188      -0.893008        0.261984             0.928038         0.387453
029      0.4543      -0.765517        0.447640             0.743377        11.564023
029      0.4902      -0.856528        0.167517             0.896100         0.399531
029      0.4239      -0.649584        0.401559             0.535172         8.811138
029      0.4072      -0.568014        0.250315             0.254602         9.601314
030      0.4925      -0.864689        0.210208             0.904644         0.524488
030      0.4559      -0.779333        0.303564             0.804844         1.896436
030      0.5228      -0.904156        0.147084             0.937067         0.208250
030      0.4724      -0.817467        0.306412             0.849467         1.676875
030      0.4090      -0.578978        0.222565             0.242867         8.697326
030      0.4255      -0.630800        0.364871             0.342511        14.580864
030      0.0000       0.051111        0.000000             0.015556         0.000000
030      0.4407      -0.725133        0.476828             0.697867         7.105945
030      0.3888      -0.529044        0.199007             0.190689         6.227279
030      0.3586      -0.455156        0.124013             0.102067         2.120803
030      0.4271      -0.649378        0.409830             0.473800        14.835450
030      0.4949      -0.863978        0.227383             0.904889         0.512886
030      0.5271      -0.905667        0.154708             0.939356         0.184153
030      0.4574      -0.787644        0.282730             0.813756         2.215717
030      0.2719      -0.310333        0.045988             0.065711         0.526864
030      0.4107      -0.579889        0.260345             0.233200         9.140028
030      0.4742      -0.824733        0.262771             0.850511         2.112815
030      0.3626      -0.467978        0.128781             0.128422         3.092153
030      0.3911      -0.526267        0.199851             0.148200         4.120837
030      0.4422      -0.728711        0.368471             0.726756         2.707175
030      0.4286      -0.657933        0.434924             0.483667        17.196264
030      0.5318      -0.915622        0.141119             0.946111         0.185682
030      0.2965      -0.344489        0.077343             0.073489         0.931277
030      0.3662      -0.465733        0.129925             0.112556         2.622141
030      0.4974      -0.867156        0.220652             0.905333         0.451277
030      0.4760      -0.831333        0.230829             0.872222         0.629931
030      0.3933      -0.537600        0.171450             0.190978         5.630421
030      0.4590      -0.783333        0.357274             0.804556         1.927040
030      0.4125      -0.595844        0.360794             0.309022        15.631844
030      0.4437      -0.737356        0.372316             0.728511         4.617207
030      0.4301      -0.660156        0.426309             0.471756        19.900713
030      0.3115      -0.371400        0.082559             0.085289         1.105518
030      0.5000      -0.873400        0.221378             0.910800         0.457215
030      0.5372      -0.915200        0.118508             0.947711         0.130878
030      0.3955      -0.542289        0.256051             0.196244         6.331050
030      0.4606      -0.785822        0.345673             0.816044         2.395036
030      0.3696      -0.484422        0.174890             0.133578         2.944516
030      0.4779      -0.839222        0.232772             0.878867         0.649919
030      0.4452      -0.738644        0.334235             0.699800         8.836755
030      0.4142      -0.605689        0.448110             0.321533        18.729929
030      0.4317      -0.674444        0.350203             0.550356        14.305473
030      0.5027      -0.876422        0.157543             0.913689         0.367243
030      0.3728      -0.485756        0.159983             0.127044         3.729880
030      0.3224      -0.387978        0.087904             0.083378         1.316007
030      0.4622      -0.790267        0.426307             0.812511         3.733250
030      0.3976      -0.549600        0.225306             0.212000         7.399854
030      0.4467      -0.738867        0.448855             0.727978         6.187293
030      0.5433      -0.919178        0.121289             0.949267         0.133563
030      0.4798      -0.838800        0.230037             0.877400         0.586769
030      0.4159      -0.592778        0.251671             0.247356        10.335962
030      0.5055      -0.884156        0.154945             0.921467         0.248610
030      0.4332      -0.680400        0.394682             0.572267        13.616102
030      0.3310      -0.407044        0.108950             0.091578         1.419033
030      0.4639      -0.796889        0.269723             0.820200         2.403785
030      0.5504      -0.927133        0.123958             0.954533         0.147041
030      0.3758      -0.495089        0.162603             0.146244         3.044273
030      0.4482      -0.749200        0.428058             0.748044         3.646975
030      0.3996      -0.550578        0.170461             0.177067         5.873834
030      0.4175      -0.605933        0.297938             0.317333        16.169086
030      0.4818      -0.846689        0.203127             0.884778         0.642656
030      0.4497      -0.755844        0.444552             0.761911         4.217866
030      0.5085      -0.879533        0.161198             0.918689         0.298757
030      0.4655      -0.797511        0.330454             0.827533         1.673062
030      0.4347      -0.682311        0.474911             0.531956        20.896300
030      0.5590      -0.933200        0.101803             0.960222         0.104718
030      0.4192      -0.618622        0.338366             0.323356        15.464220
030      0.3787      -0.496978        0.155242             0.142289         3.383071
030      0.4016      -0.552622        0.213127             0.190244         9.074217
030      0.3381      -0.421644        0.103373             0.112000         1.824006
030      0.4838      -0.844244        0.232567             0.885689         0.567722
030      0.4362      -0.699356        0.445308             0.590400        16.665739
030      0.3442      -0.425356        0.174634             0.095111         1.468186
030      0.4859      -0.845089        0.338589             0.883133         0.836707
030      0.4512      -0.772867        0.355567             0.782467         4.592239
030      0.5117      -0.891422        0.161481             0.926844         0.300291
030      0.4672      -0.807000        0.328945             0.840956         1.204984
030      0.4208      -0.621111        0.286400             0.364800        15.386381
030      0.5698      -0.938933        0.097250             0.962800         0.101850
030      0.3814      -0.497844        0.176839             0.138289         3.304579
030      0.4035      -0.559222        0.210412             0.241356         8.836182
030      0.4224      -0.640422        0.350728             0.434956        14.701208
030      0.4377      -0.708822        0.438524             0.627467        13.940667
030      0.3495      -0.435778        0.119469             0.106978         1.841945
030      0.4528      -0.771689        0.416485             0.789622         3.216217
030      0.5151      -0.891311        0.146771             0.927267         0.244945
030      0.4880      -0.855089        0.254140             0.894000         0.624696
030      0.4689      -0.809822        0.263913             0.838489         1.609107
030      0.4054      -0.573511        0.289549             0.246511        11.964523
030      0.3840      -0.517200        0.207828             0.178978         6.780511
030      0.5848      -0.944244        0.103833             0.966400         0.095899
030      0.3543      -0.456756        0.128976             0.117489         3.030470
030      0.4239      -0.645800        0.427206             0.458244        16.531499
030      0.4902      -0.860800        0.205745             0.899978         0.562560
030      0.4543      -0.776956        0.333803             0.790111         3.503374
030      0.4392      -0.695156        0.392952             0.552244        18.901241
030      0.5188      -0.899044        0.143598             0.933156         0.208294
030      0.4072      -0.574400        0.235113             0.226667        11.020007
030      0.4706      -0.817244        0.249520             0.852089         1.018760
030      1.0000      -0.998556        0.006588             0.999244         0.001995
030      0.3865      -0.517622        0.165308             0.173222         5.192331
031      0.4255      -0.628512        0.441731             0.382643        18.771596
031      0.4724      -0.821894        0.179990             0.859729         0.735453
031      0.3586      -0.456358        0.118436             0.110614         2.168448
031      0.4090      -0.581519        0.294816             0.295380        12.344576
031      0.5228      -0.899521        0.127532             0.933985         0.176314
031      0.4559      -0.781103        0.288137             0.804579         1.980029
031      0.0000       0.003122        0.000000             0.009365         0.000000
031      0.3888      -0.520853        0.163066             0.155359         4.754699
031      0.4407      -0.723704        0.389265             0.694256         6.443937
031      0.4925      -0.859896        0.215611             0.897544         0.702945
031      0.5271      -0.910656        0.155631             0.943018         0.185249
031      0.4107      -0.586223        0.263965             0.271426        12.333362
031      0.3626      -0.468741        0.166437             0.112383         1.806587
031      0.4574      -0.772237        0.462263             0.778522         5.371673
031      0.4949      -0.870094        0.206151             0.909199         0.372822
031      0.4742      -0.823809        0.225701             0.862643         0.703603
031      0.3911      -0.535068        0.175660             0.198522         6.189091
031      0.4271      -0.647721        0.438325             0.431738        23.104984
031      0.4422      -0.716046        0.618660             0.625661        16.725184
031      0.2719      -0.309386        0.068101             0.053590         0.430752
031      0.5318      -0.909594        0.118244             0.942497         0.166126
031      0.4590      -0.798356        0.260248             0.835338         1.030929
031      0.4974      -0.867430        0.197054             0.907804         0.367278
031      0.3662      -0.471925        0.173655             0.132175         2.847831
031      0.4760      -0.833382        0.255549             0.867721         1.326805
031      0.4125      -0.589553        0.245913             0.222435         8.551205
031      0.3933      -0.537315        0.186889             0.173049         5.075783
031      0.4437      -0.713111        0.595350             0.602768        19.004044
031      0.4286      -0.667700        0.539820             0.537149        19.144978
031      0.2965      -0.346826        0.063963             0.073528         0.978832
031      0.5000      -0.870697        0.158270             0.909823         0.362526
031      0.5372      -0.916837        0.139041             0.948117         0.166378
031      0.4606      -0.796629        0.300367             0.828117         1.510782
031      0.4779      -0.834006        0.318969             0.867492         1.621998
031      0.3696      -0.483871        0.152983             0.147242         3.585759
031      0.3955      -0.537565        0.180002             0.172862         6.802333
031      0.4142      -0.590718        0.334973             0.298085        14.096867
031      0.4452      -0.740728        0.346921             0.717815         7.328711
031      0.4301      -0.660312        0.597507             0.435734        29.649620
031      0.3115      -0.373319        0.083036             0.061061         0.766865
031      0.5027      -0.874173        0.150423             0.913174         0.315078
031      0.4798      -0.834964        0.314439             0.867784         1.560747
031      0.4622      -0.791530        0.333698             0.808325         2.625776
031      0.5433      -0.922789        0.160470             0.952237         0.161601
031      0.3728      -0.485349        0.155067             0.121353         3.149256
031      0.3224      -0.387159        0.087440             0.072258         0.953707
031      0.3976      -0.549740        0.262208             0.191863         8.274107
031      0.4467      -0.749074        0.318618             0.750489         4.240878
031      0.4159      -0.610302        0.307420             0.330468        16.941464
031      0.4317      -0.673070        0.459972             0.528450        18.077820
031      0.4818      -0.840437        0.207244             0.878751         0.727622
031      0.5055      -0.884079        0.160708             0.919480         0.292489
031      0.4639      -0.810489        0.323122             0.849657         0.994570
031      0.3758      -0.498543        0.179899             0.132341         3.735546
031      0.5504      -0.924433        0.094830             0.952508         0.111973
031      0.3310      -0.405265        0.081648             0.081311         1.703505
031      0.4482      -0.759209        0.423563             0.767451         3.155505
031      0.5085      -0.880583        0.174679             0.918210         0.417075
031      0.3996      -0.550968        0.156298             0.161041         6.065859
031      0.4838      -0.837940        0.209490             0.874672         0.750606
031      0.4175      -0.615421        0.463522             0.400604        15.835380
031      0.4332      -0.691967        0.339164             0.622726         8.530206
031      0.3787      -0.501436        0.180332             0.173798         5.174013
031      0.3381      -0.421561        0.108549             0.098210         1.860852
031      0.4655      -0.806285        0.239661             0.840104         1.178450
031      0.5590      -0.931655        0.107320             0.958044         0.104004
031      0.4016      -0.556524        0.308060             0.194984         8.520674
031      0.5117      -0.888325        0.207650             0.925536         0.322104
031      0.4859      -0.847763        0.204023             0.888554         0.486293
031      0.4497      -0.755380        0.470868             0.745536         7.537426
031      0.4192      -0.610656        0.275329             0.313944        14.173122
031      0.4347      -0.688096        0.431288             0.610427        13.201680
031      0.4672      -0.810968        0.348326             0.844745         1.464526
031      0.3442      -0.430010        0.110400             0.077836         1.309310
031      0.4035      -0.563309        0.305741             0.241769         9.021842
031      0.3814      -0.506306        0.185994             0.155609         3.664690
031      0.5698      -0.943039        0.100911             0.966098         0.086169
031      0.5151      -0.892237        0.212618             0.927555         0.340929
031      0.4880      -0.846119        0.169626             0.885973         0.449941
031      0.4208      -0.634943        0.441684             0.394984        19.624980
031      0.4512      -0.758897        0.329198             0.770739         2.743359
031      0.3495      -0.436545        0.133131             0.095088         1.941744
031      0.4689      -0.814173        0.302589             0.846306         1.815314
031      0.4362      -0.682227        0.512016             0.534069        24.409508
031      0.3840      -0.508845        0.116916             0.148117         4.395846
031      0.5848      -0.944495        0.110500             0.967680         0.080575
031      0.4054      -0.568304        0.198476             0.247721         9.391448
031      0.4902      -0.858626        0.173016             0.896920         0.478990
031      0.4528      -0.764183        0.463741             0.774048         4.092899
031      0.5188      -0.892862        0.183690             0.928491         0.274112
031      0.4224      -0.624079        0.415169             0.360062        18.943564
031      0.3543      -0.452300        0.133251             0.116004         2.479068
031      0.4706      -0.809448        0.364670             0.835234         2.377508
031      1.0000      -0.998564        0.005608             0.999272         0.001461
031      0.4377      -0.706660        0.494583             0.648678        15.572795
031      0.4543      -0.769053        0.389825             0.785931         2.720221
031      0.4072      -0.579251        0.277944             0.230510        10.886742
031      0.3865      -0.518148        0.167602             0.136961         3.389975
031      0.4239      -0.632487        0.499627             0.403746        22.232912
031      0.4392      -0.718065        0.453778             0.664662        13.717803
032      0.5228      -0.904473        0.122964             0.935488         0.371827
032      0.3586      -0.455781        0.118893             0.109160         2.539196
032      0.0000       0.007812        0.000000             0.083984         0.000000
032      0.4925      -0.864902        0.238626             0.899746         0.789212
032      0.4559      -0.775937        0.414914             0.790977         2.793152
032      0.4407      -0.681113        0.578612             0.480625        25.598390
032      0.4724      -0.816191        0.268970             0.854531         1.002316
032      0.4255      -0.630684        0.419492             0.344844        19.896139
032      0.3888      -0.528711        0.193764             0.176445         5.967609
032      0.4090      -0.579492        0.325581             0.250996        13.742148
032      0.4422      -0.723086        0.394241             0.656484         9.675855
032      0.5271      -0.905449        0.117268             0.938691         0.191825
032      0.2719      -0.310234        0.065866             0.057871         0.610595
032      0.4271      -0.651836        0.480152             0.415547        25.383334
032      0.4574      -0.780156        0.303923             0.794883         2.942443
032      0.3626      -0.464160        0.150714             0.112051         2.351164
032      0.4949      -0.865527        0.180888             0.903555         0.478265
032      0.4742      -0.830215        0.195917             0.872715         0.488858
032      0.4107      -0.592988        0.306912             0.336035        16.277721
032      0.3911      -0.533203        0.247538             0.180820         8.126387
032      0.4437      -0.735137        0.387695             0.717715         5.426162
032      0.4590      -0.784766        0.346224             0.806348         2.476157
032      0.5318      -0.910645        0.145793             0.943125         0.201931
032      0.3662      -0.472773        0.181084             0.120664         2.972738
032      0.2965      -0.348105        0.076609             0.068125         0.724574
032      0.4286      -0.654336        0.451751             0.475078        17.295659
032      0.4974      -0.867480        0.158533             0.907617         0.322270
032      0.4125      -0.588340        0.314852             0.262012        12.564091
032      0.4760      -0.834453        0.213224             0.876172         0.546945
032      0.3933      -0.535254        0.218229             0.176602         5.954339
032      0.4452      -0.739902        0.362282             0.710938         8.051098
032      0.4606      -0.809512        0.384840             0.841973         1.694988
032      0.4142      -0.602910        0.265797             0.317207        16.782899
032      0.3696      -0.478438        0.108494             0.125879         2.418751
032      0.5372      -0.915664        0.158053             0.947422         0.200714
032      0.3115      -0.371406        0.060646             0.070645         0.819848
032      0.5000      -0.868457        0.159752             0.904238         0.432957
032      0.4301      -0.658164        0.479061             0.441191        27.055937
032      0.4467      -0.737598        0.467307             0.680547        17.813934
032      0.4779      -0.833047        0.255195             0.873633         0.647361
032      0.4622      -0.799766        0.341483             0.830801         1.796478
032      0.3955      -0.540977        0.212190             0.170137         6.329886
032      0.4159      -0.616953        0.328971             0.389219        13.104268
032      0.3728      -0.485449        0.158472             0.128105         2.938538
032      0.5433      -0.919180        0.120743             0.948613         0.143140
032      0.3224      -0.389473        0.070640             0.073359         1.012541
032      0.4798      -0.835664        0.304096             0.875527         0.805142
032      0.5027      -0.872207        0.218296             0.908672         0.493840
032      0.4317      -0.675762        0.405505             0.520781        19.542578
032      0.4482      -0.749922        0.418230             0.735801         7.202410
032      0.4639      -0.801660        0.349672             0.831074         2.111618
032      0.3976      -0.552715        0.238045             0.237344        10.503820
032      0.4175      -0.614238        0.257491             0.348223        15.413177
032      0.5504      -0.927012        0.127698             0.955215         0.129271
032      0.5055      -0.879453        0.190017             0.915547         0.405521
032      0.4332      -0.667461        0.622610             0.483008        26.203829
032      0.4818      -0.840938        0.288393             0.876953         1.137814
032      0.3758      -0.490137        0.188773             0.142051         3.521583
032      0.3310      -0.401035        0.075425             0.080430         0.846618
032      0.4497      -0.760820        0.385257             0.768906         4.260195
032      0.5590      -0.934766        0.112978             0.960430         0.117980
032      0.4655      -0.805098        0.252271             0.835234         1.772780
032      0.3996      -0.552090        0.184784             0.194941         8.248509
032      0.4838      -0.850645        0.178847             0.886875         0.812821
032      0.3787      -0.506230        0.153533             0.140059         3.671224
032      0.4192      -0.620254        0.247556             0.392969        16.972518
032      0.3381      -0.419004        0.117382             0.103086         1.858604
032      0.4347      -0.683887        0.479647             0.530742        23.521570
032      0.5085      -0.884199        0.167820             0.922090         0.257153
032      0.4512      -0.755098        0.494200             0.732207        10.366824
032      0.4672      -0.809883        0.292347             0.841367         1.279585
032      0.4208      -0.604648        0.272616             0.272402        12.609947
032      0.4016      -0.559395        0.175590             0.177246         7.228092
032      0.3814      -0.515000        0.151756             0.152754         5.429464
032      0.5698      -0.937109        0.082745             0.961445         0.094957
032      0.4859      -0.848711        0.207624             0.888008         0.553338
032      0.3442      -0.428516        0.108718             0.098203         1.825463
032      0.5117      -0.886309        0.191590             0.923047         0.317569
032      0.4689      -0.815625        0.300189             0.844785         1.923351
032      0.4362      -0.685527        0.438322             0.557402        16.696121
032      0.4528      -0.761836        0.366378             0.756504         4.657255
032      0.3840      -0.513750        0.195278             0.148789         4.507515
032      0.4224      -0.634336        0.325050             0.388555        19.717317
032      0.4880      -0.848301        0.245182             0.888320         0.657072
032      0.4035      -0.565879        0.256507             0.241387        10.485887
032      0.5848      -0.945664        0.085329             0.967090         0.081291
032      0.5151      -0.894941        0.184893             0.929902         0.338418
032      0.3495      -0.435879        0.115776             0.096484         1.916897
032      0.4706      -0.813887        0.301527             0.851113         1.113717
032      0.4377      -0.698672        0.581676             0.594863        17.370602
032      0.3865      -0.524199        0.191699             0.159746         4.761223
032      1.0000      -0.998320        0.007577             0.999141         0.001998
032      0.4543      -0.778496        0.258142             0.802539         1.547467
032      0.4902      -0.854160        0.289496             0.889766         0.843619
032      0.4054      -0.564668        0.200121             0.201836         8.826282
032      0.5188      -0.894609        0.167598             0.929121         0.354675
032      0.4239      -0.636836        0.376267             0.460137        15.726466
032      0.3543      -0.453379        0.138066             0.110332         1.798771
032      0.4392      -0.709453        0.411182             0.665508         8.556108
032      0.4072      -0.575156        0.316548             0.261895        10.716729
033      0.5228      -0.900147        0.133663             0.933829         0.181439
033      0.4407      -0.710909        0.489924             0.642057        11.400491
033      0.3586      -0.454417        0.158776             0.102626         2.158591
033      0.4559      -0.772360        0.484586             0.763306         8.659156
033      0.0000       0.004591        0.000000             0.000918         0.000000
033      0.4925      -0.858512        0.277340             0.899596         0.464013
033      0.4255      -0.653297        0.320471             0.469862        22.107096
033      0.4090      -0.586814        0.302467             0.288577        14.216298
033      0.3888      -0.525675        0.191178             0.163361         5.090873
033      0.4724      -0.818641        0.265691             0.853572         0.911551
033      0.4107      -0.587530        0.227539             0.294252        12.715034
033      0.4574      -0.779688        0.355055             0.797961         3.346101
033      0.2719      -0.307769        0.058511             0.049715         0.394264
033      0.4422      -0.721708        0.443774             0.695354         8.046609
033      0.5271      -0.904959        0.127734             0.938384         0.174880
033      0.3911      -0.530064        0.208110             0.140826         5.143430
033      0.4271      -0.635556        0.316707             0.343067        19.125645
033      0.3626      -0.465969        0.151222             0.125620         2.664873
033      0.4949      -0.865087        0.213567             0.905381         0.395943
033      0.4742      -0.834105        0.205610             0.874472         0.795159
033      0.4125      -0.588007        0.276290             0.249587        12.339968
033      0.4590      -0.785638        0.340975             0.804646         2.571083
033      0.4437      -0.733958        0.301087             0.738751         2.292834
033      0.2965      -0.343783        0.091050             0.066410         0.996404
033      0.3662      -0.469936        0.107133             0.109624         2.755139
033      0.3933      -0.529936        0.214354             0.157521         4.427444
033      0.5318      -0.908209        0.134543             0.940845         0.172791
033      0.4286      -0.657759        0.366013             0.516180        14.459701
033      0.4974      -0.861359        0.201172             0.899853         0.614980
033      0.4142      -0.596951        0.356108             0.303728        16.551496
033      0.4760      -0.828632        0.255288             0.867273         0.969568
033      0.4606      -0.800973        0.345579             0.832342         1.551922
033      0.3696      -0.488301        0.133550             0.123159         2.850172
033      0.3115      -0.370119        0.083669             0.071350         0.838837
033      0.4452      -0.716731        0.487796             0.620018        23.114839
033      0.5000      -0.874160        0.232316             0.912103         0.443493
033      0.4301      -0.673792        0.525591             0.535115        19.376826
033      0.3955      -0.543214        0.168618             0.176290         5.592500
033      0.4159      -0.602938        0.322024             0.271901        12.726056
033      0.5372      -0.913425        0.138590             0.943453         0.240858
033      0.3728      -0.489311        0.129094             0.123379         3.272966
033      0.4622      -0.798788        0.350727             0.829715         1.585958
033      0.4779      -0.825528        0.211907             0.864114         1.088627
033      0.3224      -0.392727        0.095718             0.078494         1.156165
033      0.4317      -0.678898        0.523137             0.548613        16.414998
033      0.4175      -0.606336        0.336330             0.299559        16.125927
033      0.5027      -0.875556        0.198345             0.913829         0.401943
033      0.4467      -0.747750        0.434499             0.751846         3.854787
033      0.4639      -0.805748        0.251711             0.838880         1.070479
033      0.4798      -0.842553        0.277093             0.879927         0.857380
033      0.3310      -0.404848        0.148061             0.063489         0.919052
033      0.5433      -0.919743        0.152275             0.949770         0.152282
033      0.3758      -0.493076        0.160584             0.128889         2.747525
033      0.3976      -0.550174        0.230707             0.171148         7.057308
033      0.4192      -0.613425        0.368211             0.328246        16.209095
033      0.4332      -0.669219        0.419968             0.469917        22.048383
033      0.5055      -0.880643        0.190346             0.917190         0.494452
033      0.4655      -0.803214        0.322614             0.821726         3.070763
033      0.4482      -0.749146        0.407460             0.742938         4.851221
033      0.5504      -0.925491        0.091384             0.954564         0.094247
033      0.3787      -0.499559        0.126692             0.126593         3.751084
033      0.4818      -0.841488        0.239821             0.881800         0.743053
033      0.3381      -0.419155        0.133415             0.096566         1.932890
033      0.4208      -0.630597        0.393565             0.440073        15.787736
033      0.4347      -0.698494        0.509972             0.614215        18.417189
033      0.3996      -0.557539        0.177293             0.180661         9.896327
033      0.5085      -0.883012        0.168842             0.920496         0.244876
033      0.4497      -0.750762        0.439502             0.751148         4.821673
033      0.4672      -0.805271        0.290531             0.832470         1.874328
033      0.3814      -0.510762        0.166305             0.134013         3.728813
033      0.5590      -0.935519        0.135817             0.960900         0.142822
033      0.3442      -0.431001        0.115479             0.090542         1.644737
033      0.4838      -0.844536        0.254476             0.885859         0.566915
033      0.5117      -0.890376        0.225710             0.927511         0.330148
033      0.4224      -0.630303        0.341296             0.406465        18.785289
033      0.4362      -0.694949        0.448627             0.582296        17.906138
033      0.4016      -0.557319        0.210838             0.153499         6.699980
033      0.4512      -0.752801        0.406731             0.741671         4.564229
033      0.3840      -0.519376        0.194799             0.163893         5.613165
033      0.3495      -0.437245        0.119174             0.082424         1.741267
033      0.4859      -0.852691        0.225571             0.893021         0.492915
033      0.5698      -0.941230        0.088697             0.965436         0.072915
033      0.4689      -0.811754        0.242864             0.841230         1.337339
033      0.5151      -0.892691        0.175471             0.930174         0.228202
033      0.4377      -0.685638        0.512470             0.497300        32.072755
033      0.4239      -0.642149        0.376889             0.449495        17.238198
033      0.4035      -0.560900        0.252809             0.212250         8.427348
033      0.3865      -0.512837        0.179135             0.147750         5.152698
033      0.4528      -0.772782        0.342749             0.789183         2.727618
033      0.4880      -0.848044        0.233650             0.883306         0.853713
033      0.5848      -0.948264        0.100761             0.968705         0.078545
033      0.5188      -0.895225        0.172183             0.930083         0.287809
033      0.3543      -0.453370        0.125026             0.108081         1.778582
033      0.4392      -0.702020        0.442549             0.626979        12.755857
033      0.4054      -0.570983        0.237167             0.196529        11.015361
033      0.4706      -0.796676        0.632910             0.758090        26.795877
033      0.4543      -0.782681        0.391415             0.808466         1.990197
033      0.4902      -0.853407        0.230973             0.894123         0.540951
033      1.0000      -0.924683        0.018810             0.180606        19.627290
033      0.4072      -0.572489        0.281760             0.265675        11.927144
034      0.3586      -0.460675        0.109806             0.100986         2.361406
034      0.4559      -0.773581        0.324633             0.780398         2.542477
034      0.5228      -0.900519        0.159686             0.934464         0.285366
034      0.4407      -0.715017        0.462533             0.658564        10.110193
034      0.4090      -0.584429        0.313128             0.280709        12.977675
034      0.4925      -0.860329        0.235947             0.899550         0.535305
034      0.4255      -0.644360        0.394313             0.409429        25.924736
034      0.3888      -0.523651        0.171887             0.153166         4.972575
034      0.0000      -0.024221        0.000000             0.034602         0.000000
034      0.4724      -0.821471        0.253510             0.857820         0.938814
034      0.3911      -0.533062        0.148444             0.167336         6.203229
034      0.4574      -0.780000        0.336726             0.796713         2.489537
034      0.4742      -0.829429        0.269581             0.865623         0.946918
034      0.4422      -0.721142        0.560186             0.654913        18.872743
034      0.4271      -0.652353        0.553191             0.414533        25.294021
034      0.5271      -0.906920        0.142637             0.939602         0.197304
034      0.3626      -0.460381        0.129508             0.098253         2.488390
034      0.4949      -0.864585        0.206042             0.902301         0.597694
034      0.4107      -0.581972        0.284591             0.236038        10.943435
034      0.2719      -0.307889        0.064181             0.053391         0.631280
034      0.4590      -0.785484        0.406757             0.812820         2.103711
034      0.4286      -0.652630        0.505385             0.458945        18.828012
034      0.4760      -0.824014        0.261803             0.864325         0.747207
034      0.4437      -0.728235        0.446036             0.688564         7.861464
034      0.3662      -0.479619        0.132482             0.129239         3.720961
034      0.4125      -0.593979        0.236952             0.291488        15.378999
034      0.4974      -0.868875        0.227382             0.905882         0.575148
034      0.3933      -0.539671        0.202891             0.148979         6.007692
034      0.4606      -0.792924        0.400014             0.819221         2.173967
034      0.2965      -0.347958        0.071681             0.067682         0.942926
034      0.5318      -0.911696        0.084587             0.943841         0.121736
034      0.4301      -0.685865        0.467573             0.583460        16.394078
034      0.3696      -0.483685        0.195807             0.126436         3.869753
034      0.4779      -0.836834        0.259601             0.875225         0.710901
034      0.3115      -0.363858        0.080219             0.066384         0.859322
034      0.4142      -0.594343        0.238910             0.284723        13.590413
034      0.5372      -0.917820        0.100227             0.948875         0.105234
034      0.4622      -0.798339        0.268571             0.833789         1.010873
034      0.3955      -0.537474        0.188674             0.181540         6.442457
034      0.4452      -0.737007        0.395344             0.724810         5.553931
034      0.5000      -0.873339        0.198963             0.911782         0.392188
034      0.4317      -0.661886        0.507060             0.454152        24.080030
034      0.3728      -0.491661        0.150123             0.107353         2.629638
034      0.4159      -0.602370        0.274467             0.337405        14.881316
034      0.4798      -0.841211        0.217110             0.882093         0.536765
034      0.4639      -0.802682        0.281995             0.835640         1.175395
034      0.3224      -0.389048        0.095390             0.077145         1.304853
034      0.5433      -0.917128        0.165795             0.947958         0.184673
034      0.3976      -0.545865        0.182158             0.166436         5.414992
034      0.5027      -0.875208        0.150506             0.911817         0.360788
034      0.3758      -0.493426        0.166237             0.110761         3.270667
034      0.4467      -0.745882        0.386734             0.722197         7.289113
034      0.4332      -0.700623        0.440277             0.634273        12.243952
034      0.4175      -0.603131        0.362406             0.265675        15.829285
034      0.3310      -0.403426        0.111580             0.077145         1.219812
034      0.4818      -0.844343        0.203818             0.883858         0.712688
034      0.4655      -0.802249        0.295889             0.827128         1.798205
034      0.5504      -0.925104        0.115820             0.953737         0.108484
034      0.3787      -0.499827        0.172650             0.133131         4.083262
034      0.5055      -0.885260        0.169799             0.923339         0.229651
034      0.3996      -0.553564        0.278914             0.194014         8.582437
034      0.4347      -0.698824        0.422702             0.609187        16.853131
034      0.4482      -0.747474        0.270760             0.719187         9.651785
034      0.4672      -0.801834        0.282342             0.827993         1.528391
034      0.3381      -0.421713        0.105608             0.092145         1.745802
034      0.4192      -0.605813        0.263495             0.251401        14.074064
034      0.4838      -0.851401        0.185462             0.892266         0.441915
034      0.5590      -0.931263        0.130412             0.957734         0.127782
034      0.3814      -0.507024        0.198387             0.132353         4.611137
034      0.4016      -0.553599        0.210950             0.201073        10.925844
034      0.5085      -0.889983        0.232552             0.925311         0.383853
034      0.4497      -0.751834        0.394802             0.724360         8.679938
034      0.4859      -0.846851        0.192119             0.886176         0.466619
034      0.4689      -0.815329        0.275127             0.854360         1.021442
034      0.4362      -0.686920        0.517619             0.551246        28.241855
034      0.3840      -0.512457        0.185205             0.144170         3.853230
034      0.4208      -0.633114        0.436333             0.415277        21.786280
034      0.3442      -0.429706        0.133713             0.087076         1.438644
034      0.5698      -0.938183        0.097604             0.962820         0.089686
034      0.4512      -0.761990        0.422829             0.763460         4.196986
034      0.4035      -0.559965        0.209253             0.193806         8.316079
034      0.5117      -0.887630        0.184139             0.925986         0.261939
034      0.4880      -0.850450        0.163530             0.891263         0.472330
034      0.4706      -0.822907        0.297833             0.856246         1.592340
034      0.3865      -0.520104        0.227146             0.147059         4.962970
034      0.5848      -0.948651        0.104026             0.969689         0.081702
034      0.4224      -0.633633        0.380071             0.430606        18.801917
034      0.3495      -0.440606        0.125921             0.114100         2.858706
034      0.4377      -0.696125        0.604879             0.621522        15.355100
034      0.4054      -0.570035        0.247122             0.234481        10.446943
034      0.5151      -0.886522        0.180398             0.924913         0.258908
034      0.4528      -0.766419        0.362741             0.767059         5.952489
034      1.0000      -0.998547        0.005363             0.999273         0.001341
034      0.4902      -0.853478        0.204387             0.893374         0.589079
034      0.3543      -0.443478        0.143706             0.104308         2.734519
034      0.4239      -0.628235        0.534882             0.353754        25.030668
034      0.4392      -0.691713        0.517383             0.525934        29.236647
034      0.4543      -0.752388        0.501482             0.696003        21.829353
034      0.4072      -0.567042        0.243557             0.189429        10.523926
034      0.5188      -0.900709        0.183492             0.934602         0.253530
035      0.4925      -0.860457        0.213625             0.898955         0.505610
035      0.4724      -0.825943        0.310878             0.865616         0.898159
035      0.0000      -0.017143        0.000000             0.053061         0.000000
035      0.5228      -0.902759        0.132950             0.937143         0.205781
035      0.4407      -0.726302        0.396029             0.699673         8.986845
035      0.4090      -0.575298        0.270682             0.230286        11.137177
035      0.3888      -0.527429        0.183353             0.131445         3.678689
035      0.4255      -0.621616        0.282653             0.257127        13.317635
035      0.3586      -0.459069        0.148518             0.093992         1.950868
035      0.4559      -0.772327        0.382836             0.786367         2.559641
035      0.4949      -0.864392        0.220627             0.900490         0.650247
035      0.4742      -0.827167        0.148401             0.861143         1.165541
035      0.2719      -0.311086        0.045002             0.051184         0.447157
035      0.3911      -0.530057        0.192397             0.151673         4.776535
035      0.5271      -0.904686        0.129028             0.938563         0.166183
035      0.4422      -0.716212        0.756438             0.579657        36.373070
035      0.3626      -0.469959        0.173352             0.098220         2.576571
035      0.4107      -0.584033        0.231298             0.264506        13.819846
035      0.4760      -0.825355        0.299124             0.855298         2.185982
035      0.4574      -0.788131        0.330860             0.814449         1.904957
035      0.4974      -0.869029        0.231992             0.908359         0.484272
035      0.4271      -0.641224        0.446927             0.373780        22.797709
035      0.3662      -0.472408        0.144935             0.117192         2.784747
035      0.4437      -0.718857        0.543605             0.594498        29.306741
035      0.2965      -0.349029        0.069574             0.056800         0.663821
035      0.5318      -0.911004        0.129299             0.942971         0.160482
035      0.3933      -0.537045        0.171643             0.171363         7.397229
035      0.5000      -0.872996        0.157481             0.911314         0.353619
035      0.4590      -0.789600        0.290758             0.809176         3.310685
035      0.4125      -0.593078        0.314485             0.240555        13.508939
035      0.4779      -0.840180        0.331549             0.880180         0.885184
035      0.4286      -0.659624        0.496852             0.462057        21.404691
035      0.3696      -0.481976        0.103774             0.113731         2.755234
035      0.4452      -0.722563        0.469307             0.621241        18.746963
035      0.5027      -0.874302        0.193633             0.912457         0.462803
035      0.3115      -0.375151        0.079480             0.059249         0.855280
035      0.4606      -0.795053        0.400921             0.825176         2.057871
035      0.3955      -0.544604        0.212973             0.190596         8.321849
035      0.5372      -0.912849        0.116955             0.945012         0.128807
035      0.4142      -0.588392        0.350845             0.250678        14.825325
035      0.4798      -0.840441        0.243277             0.878596         0.674447
035      0.4301      -0.648784        0.487872             0.390531        23.880086
035      0.3728      -0.488751        0.148807             0.106024         2.906364
035      0.4467      -0.733910        0.365618             0.688931         9.169921
035      0.4622      -0.790857        0.326111             0.817404         1.793322
035      0.5055      -0.878596        0.217075             0.916914         0.361151
035      0.3976      -0.542694        0.225762             0.143837         6.063295
035      0.4818      -0.847478        0.222651             0.887624         0.605595
035      0.5433      -0.920261        0.093901             0.950776         0.118101
035      0.3224      -0.387167        0.068857             0.073273         0.855365
035      0.4159      -0.603869        0.295350             0.303053        18.876197
035      0.3758      -0.491363        0.183444             0.124441         3.752580
035      0.4317      -0.664506        0.362827             0.485551        18.738255
035      0.4482      -0.759151        0.438370             0.770318         3.906772
035      0.5085      -0.883445        0.152048             0.918041         0.306644
035      0.3996      -0.551037        0.200919             0.178743         7.291662
035      0.4838      -0.849927        0.176541             0.888865         0.397185
035      0.5504      -0.922188        0.192067             0.951690         0.208917
035      0.4639      -0.806318        0.374891             0.828147         2.498280
035      0.3310      -0.404931        0.128579             0.079592         1.432603
035      0.4175      -0.611396        0.254299             0.275429        18.572327
035      0.3787      -0.505682        0.139421             0.121861         4.318524
035      0.4332      -0.675820        0.351191             0.523020        20.515235
035      0.4497      -0.729290        0.616696             0.610824        26.038356
035      0.4016      -0.553257        0.249206             0.178155         8.499383
035      0.5117      -0.889257        0.171948             0.924931         0.271537
035      0.5590      -0.933094        0.115381             0.958792         0.116929
035      0.4192      -0.618710        0.396846             0.359037        18.370032
035      0.3381      -0.416865        0.112678             0.066204         1.320491
035      0.4859      -0.853257        0.231192             0.891069         0.708314
035      0.4655      -0.800849        0.346028             0.830661         1.511273
035      0.4347      -0.686710        0.429620             0.620049         8.401143
035      0.4512      -0.754498        0.477538             0.752310         5.003653
035      0.3814      -0.507396        0.172505             0.141208         5.327668
035      0.5151      -0.890988        0.163983             0.927461         0.241241
035      0.4035      -0.563135        0.283827             0.221192        10.415670
035      0.4208      -0.620947        0.249770             0.316082        16.772878
035      0.3442      -0.431298        0.100538             0.087837         1.512984
035      0.4880      -0.850727        0.309308             0.888931         0.719047
035      0.5698      -0.938547        0.122260             0.962792         0.109249
035      0.5188      -0.899396        0.172551             0.932767         0.298707
035      0.3840      -0.519249        0.198081             0.131347         5.863588
035      0.4362      -0.694090        0.473085             0.614547        15.545538
035      0.4528      -0.756914        0.461004             0.740441         9.348722
035      0.4672      -0.810906        0.295148             0.846057         1.076554
035      0.4054      -0.569486        0.222073             0.204278         8.851108
035      0.4902      -0.860914        0.241514             0.898612         0.568020
035      0.4224      -0.638204        0.317639             0.468196        11.291505
035      0.3495      -0.441649        0.140374             0.094890         1.802358
035      0.5848      -0.946220        0.094239             0.968343         0.065195
035      0.4543      -0.764555        0.411287             0.771445         3.765169
035      0.4689      -0.816327        0.257497             0.852457         0.937006
035      0.3865      -0.520800        0.167551             0.140947         4.561898
035      0.4377      -0.711184        0.399636             0.672065         5.422629
035      0.4072      -0.566694        0.279587             0.192849        12.093847
035      0.4239      -0.627118        0.420832             0.292343        20.589565
035      1.0000      -0.998890        0.006918             0.999429         0.002004
035      0.3543      -0.442759        0.109309             0.083706         1.840116
035      0.4706      -0.816702        0.317194             0.854335         1.213168
035      0.4392      -0.712963        0.457207             0.640082        12.959245
036      0.3586      -0.454213        0.137777             0.096420         2.211654
036      0.4559      -0.773765        0.388459             0.784552         4.366770
036      0.4090      -0.574985        0.291057             0.211867        11.338273
036      0.4925      -0.862469        0.263163             0.901636         0.541627
036      0.5228      -0.902253        0.163286             0.934660         0.262067
036      0.4255      -0.636790        0.536699             0.382870        32.311734
036      0.0000      -0.007716        0.000000             0.007716         0.000000
036      0.4407      -0.694043        0.485217             0.480370        33.431692
036      0.3888      -0.527793        0.257252             0.165664         7.609107
036      0.4724      -0.823025        0.258157             0.859460         0.946406
036      0.3626      -0.469228        0.193393             0.108781         3.192689
036      0.4107      -0.582145        0.244066             0.225648        13.341620
036      0.5271      -0.905093        0.183706             0.936960         0.255399
036      0.4949      -0.862716        0.238369             0.902654         0.485088
036      0.4574      -0.778534        0.304445             0.793735         2.635755
036      0.4271      -0.656420        0.491666             0.446312        26.791169
036      0.2719      -0.309722        0.050474             0.051991         0.618657
036      0.4422      -0.735463        0.374890             0.727870         3.848148
036      0.3911      -0.529460        0.168916             0.148457         5.952183
036      0.4742      -0.830139        0.219529             0.866914         1.066526
036      0.4125      -0.585031        0.275279             0.178441        10.085388
036      0.3662      -0.465031        0.148000             0.104784         2.590819
036      0.4590      -0.788056        0.371786             0.812423         2.319400
036      0.4974      -0.869028        0.192490             0.908441         0.344650
036      0.4286      -0.674244        0.394728             0.574074         8.531420
036      0.5318      -0.910849        0.152011             0.942485         0.207323
036      0.4437      -0.739491        0.450006             0.733889         7.794605
036      0.3933      -0.540262        0.153333             0.152083         5.568004
036      0.2965      -0.340880        0.061381             0.055756         0.698684
036      0.4760      -0.834938        0.246532             0.869769         1.060941
036      0.4142      -0.596389        0.315243             0.240895        14.691273
036      0.4606      -0.782639        0.422874             0.784336         6.607790
036      0.3696      -0.477577        0.179666             0.095432         2.862569
036      0.5000      -0.870062        0.178790             0.908194         0.438201
036      0.3955      -0.550463        0.248735             0.193565         9.686487
036      0.4301      -0.652299        0.253230             0.408009        23.101304
036      0.4452      -0.743272        0.341862             0.731142         4.664169
036      0.4622      -0.794907        0.306913             0.825324         1.246981
036      0.5372      -0.914043        0.148113             0.945571         0.164825
036      0.4159      -0.595201        0.199275             0.236235        12.964879
036      0.3728      -0.490031        0.157776             0.126698         3.548032
036      0.4779      -0.836620        0.232283             0.878071         0.684650
036      0.3115      -0.372130        0.074036             0.065756         1.022783
036      0.4317      -0.661188        0.357041             0.413472        22.458435
036      0.5027      -0.875340        0.195615             0.913642         0.463813
036      0.3976      -0.550926        0.240333             0.178688         7.647530
036      0.4639      -0.798117        0.278028             0.831636         1.355213
036      0.4467      -0.759460        0.396567             0.772238         3.193047
036      0.4798      -0.839306        0.217214             0.880586         0.690938
036      0.3758      -0.488920        0.132332             0.123241         3.503010
036      0.4175      -0.603133        0.360846             0.251836        18.027566
036      0.5433      -0.918519        0.134551             0.948302         0.167969
036      0.3224      -0.388333        0.131183             0.064969         1.070631
036      0.3996      -0.559151        0.233096             0.184645         9.948444
036      0.4655      -0.809290        0.280635             0.842361         1.156812
036      0.4482      -0.755787        0.389816             0.750478         5.491590
036      0.5055      -0.878318        0.159830             0.916744         0.288552
036      0.4332      -0.668380        0.556748             0.466497        30.235143
036      0.4818      -0.837269        0.218300             0.873642         0.964509
036      0.3787      -0.501775        0.156654             0.127485         4.406249
036      0.5504      -0.926497        0.140866             0.954769         0.144401
036      0.4192      -0.614228        0.346049             0.298349        23.413944
036      0.3310      -0.399938        0.098279             0.067593         1.343381
036      0.4497      -0.758951        0.283576             0.761435         3.882927
036      0.4016      -0.556111        0.167336             0.181898        10.120126
036      0.5085      -0.883549        0.152031             0.921404         0.260618
036      0.4672      -0.810370        0.357093             0.842793         1.719560
036      0.4347      -0.680895        0.485641             0.481065        37.868146
036      0.3814      -0.508472        0.156410             0.135741         4.710435
036      0.4838      -0.847469        0.271557             0.883673         0.833395
036      0.5590      -0.929583        0.114548             0.956821         0.103966
036      0.4208      -0.609660        0.295563             0.230633        15.292517
036      0.3381      -0.418457        0.094380             0.079769         1.348013
036      0.5117      -0.886759        0.150196             0.923549         0.264301
036      0.4689      -0.811574        0.329782             0.847793         1.049835
036      0.4035      -0.562284        0.287720             0.200370         8.272029
036      0.4512      -0.758472        0.382488             0.766451         2.636964
036      0.3840      -0.508256        0.201920             0.112531         3.330626
036      0.4362      -0.693549        0.591703             0.560725        24.740856
036      0.4859      -0.845602        0.224401             0.883627         0.841711
036      0.5698      -0.938410        0.099538             0.962824         0.096150
036      0.4224      -0.608534        0.255056             0.233981        15.153033
036      0.3442      -0.429367        0.120792             0.079799         1.571171
036      0.5151      -0.893179        0.156269             0.928333         0.297341
036      0.4706      -0.819645        0.347335             0.852238         1.492817
036      0.4054      -0.563148        0.234229             0.173673         9.471931
036      0.4528      -0.765957        0.444445             0.766049         5.151845
036      0.4377      -0.708086        0.480519             0.629707        13.935445
036      0.3865      -0.519892        0.220397             0.165216         5.977800
036      0.5848      -0.945741        0.067705             0.968086         0.057976
036      0.3495      -0.441265        0.116263             0.090617         2.194785
036      0.4239      -0.632701        0.464922             0.392191        19.542494
036      0.4880      -0.855370        0.185883             0.896713         0.381167
036      0.5188      -0.902176        0.181778             0.936466         0.250696
036      0.4392      -0.715509        0.470521             0.664985         9.568711
036      0.4072      -0.573025        0.251574             0.166698        11.254977
036      0.4543      -0.778534        0.330705             0.793549         2.813222
036      0.3543      -0.445139        0.145904             0.087562         1.805553
036      1.0000      -0.990694        0.696562             0.959120        19.740148
036      0.4902      -0.855324        0.233808             0.891852         0.716369
037      0.3586      -0.456888        0.140884             0.094025         2.877071
037      0.4090      -0.586399        0.294511             0.255457        14.205446
037      0.4559      -0.769408        0.305576             0.790373         2.091877
037      0.4724      -0.822542        0.256991             0.860044         0.975541
037      0.3888      -0.527772        0.212187             0.145581         5.970601
037      0.4407      -0.710153        0.510990             0.637531        17.636131
037      0.4925      -0.857706        0.169111             0.896757         0.465137
037      0.5228      -0.904280        0.122630             0.938188         0.187042
037      0.0000       0.003652        0.000000             0.018262         0.000000
037      0.4255      -0.633850        0.455916             0.389218        24.317800
037      0.4742      -0.825961        0.377185             0.854186         3.012180
037      0.4574      -0.784339        0.413254             0.797385         4.323967
037      0.3626      -0.465084        0.136409             0.099386         2.485976
037      0.3911      -0.533104        0.170492             0.162191         6.332874
037      0.4107      -0.582688        0.192616             0.174186         8.671817
037      0.4422      -0.726530        0.523178             0.633923        27.854369
037      0.5271      -0.907801        0.131315             0.940701         0.177059
037      0.2719      -0.309613        0.061367             0.048006         0.539280
037      0.4949      -0.864543        0.178152             0.902703         0.456339
037      0.4271      -0.628722        0.369511             0.302980        21.446322
037      0.4437      -0.731702        0.437859             0.692476        13.801291
037      0.4590      -0.786282        0.361401             0.809248         2.645583
037      0.4760      -0.833528        0.220043             0.871424         0.878673
037      0.3933      -0.535530        0.221691             0.150650         5.527250
037      0.3662      -0.480643        0.121211             0.120555         4.215934
037      0.4125      -0.596903        0.364135             0.265420        18.048252
037      0.4286      -0.643769        0.419436             0.345084        23.725373
037      0.5318      -0.912783        0.144684             0.944470         0.205831
037      0.2965      -0.350007        0.060842             0.057268         0.652253
037      0.4974      -0.871483        0.188268             0.908897         0.359285
037      0.4452      -0.751103        0.456798             0.745405         7.498779
037      0.3696      -0.478627        0.120910             0.118335         3.334843
037      0.4779      -0.835237        0.228456             0.873470         0.791088
037      0.4142      -0.590972        0.247544             0.234069        12.821170
037      0.4606      -0.794112        0.297335             0.828692         1.252761
037      0.4301      -0.663959        0.398928             0.481315        22.859562
037      0.3955      -0.540672        0.169935             0.149248         6.245779
037      0.3115      -0.370183        0.090853             0.068196         1.160762
037      0.5372      -0.917400        0.131288             0.947918         0.147110
037      0.4467      -0.718598        0.709967             0.494244        50.213908
037      0.5000      -0.874463        0.216875             0.911819         0.540054
037      0.3728      -0.488503        0.182929             0.111059         3.242308
037      0.4622      -0.791001        0.309619             0.816786         1.995288
037      0.5433      -0.920058        0.168268             0.950373         0.190984
037      0.4798      -0.838159        0.255544             0.874025         0.981332
037      0.5027      -0.875018        0.191818             0.912681         0.372614
037      0.3224      -0.392155        0.108511             0.068824         1.408350
037      0.4159      -0.594522        0.233114             0.229890        14.970306
037      0.3976      -0.553587        0.231075             0.184456         6.669383
037      0.4317      -0.663550        0.503544             0.448576        27.213496
037      0.4482      -0.747991        0.392616             0.726545         9.208966
037      0.5055      -0.877794        0.215584             0.915632         0.347019
037      0.3758      -0.490358        0.172511             0.110256         2.936064
037      0.3310      -0.405055        0.133816             0.072111         1.186470
037      0.4639      -0.803550        0.299158             0.835398         1.837596
037      0.4175      -0.608634        0.257431             0.246822        14.632508
037      0.4332      -0.688035        0.520265             0.586691        14.282809
037      0.4818      -0.842177        0.265398             0.879664         0.938655
037      0.5504      -0.923711        0.106728             0.952126         0.158052
037      0.3996      -0.552564        0.235933             0.162966         8.724512
037      0.4497      -0.761812        0.404878             0.763769         3.973909
037      0.3787      -0.496640        0.160981             0.103141         3.015380
037      0.4192      -0.613251        0.267259             0.292184        24.183362
037      0.4347      -0.689715        0.355476             0.581315        14.199637
037      0.3381      -0.415398        0.122555             0.069803         1.518628
037      0.5085      -0.883988        0.198950             0.921315         0.419464
037      0.4655      -0.801081        0.304089             0.831863         1.725206
037      0.4838      -0.846749        0.223555             0.886048         0.670019
037      0.5590      -0.931293        0.145673             0.957239         0.178727
037      0.4512      -0.761008        0.295300             0.775632         2.496404
037      0.4016      -0.559547        0.227894             0.216713        10.913905
037      0.4362      -0.688356        0.508352             0.545756        19.667096
037      0.3814      -0.505844        0.176138             0.133440         5.659848
037      0.4859      -0.847670        0.222643             0.883068         0.674301
037      0.5117      -0.885785        0.138487             0.921753         0.299591
037      0.3442      -0.430665        0.100586             0.091483         1.362976
037      0.4208      -0.627568        0.374438             0.310577        27.615978
037      0.4672      -0.810446        0.335193             0.835135         2.066300
037      0.5698      -0.939956        0.115130             0.963944         0.109785
037      0.4528      -0.773689        0.393457             0.786866         4.055026
037      0.4377      -0.688488        0.576267             0.484280        40.712557
037      0.3840      -0.509963        0.128819             0.117078         3.750758
037      0.4035      -0.561023        0.219440             0.177692         9.187779
037      0.4689      -0.820847        0.301570             0.856538         1.100781
037      0.3495      -0.439065        0.108607             0.090460         1.925576
037      0.4224      -0.642425        0.433356             0.465566        22.553620
037      0.4880      -0.852169        0.210831             0.891220         0.647906
037      0.5151      -0.893280        0.215271             0.928196         0.329622
037      0.4543      -0.782498        0.346437             0.805362         2.322810
037      0.5848      -0.945814        0.104885             0.968415         0.079115
037      0.4706      -0.818130        0.255860             0.856917         1.193018
037      0.4054      -0.569890        0.269073             0.219240        13.844404
037      0.3865      -0.517589        0.183893             0.154375         7.086401
037      0.4392      -0.696859        0.479054             0.507451        35.855504
037      0.4239      -0.627480        0.415231             0.294668        21.178701
037      0.4902      -0.851454        0.293003             0.888488         1.106281
037      0.5188      -0.895603        0.187106             0.930489         0.283419
037      0.3543      -0.444339        0.146682             0.095310         2.204250
037      1.0000      -0.998685        0.004575             0.999313         0.001325
037      0.4072      -0.568298        0.210606             0.203156         9.529582
038      0.3888      -0.525194        0.207974             0.135512         4.862212
038      0.3586      -0.462562        0.141687             0.094086         3.203881
038      0.0000       0.009695        0.000000             0.027701         0.000000
038      0.4925      -0.859834        0.224404             0.900319         0.467366
038      0.4407      -0.731856        0.452444             0.705942         9.487700
038      0.4724      -0.826814        0.245535             0.861814         0.943267
038      0.4255      -0.636039        0.336048             0.344598        23.640188
038      0.4090      -0.581676        0.241825             0.229100        13.747302
038      0.4559      -0.778629        0.360228             0.795457         2.754828
038      0.5228      -0.899044        0.156165             0.933629         0.198507
038      0.4949      -0.865000        0.220853             0.901842         0.689064
038      0.4574      -0.777355        0.277397             0.789183         2.568655
038      0.4107      -0.587188        0.334761             0.240720        13.450599
038      0.3626      -0.466343        0.146224             0.089515         2.237959
038      0.3911      -0.530983        0.210689             0.163144         8.938468
038      0.5271      -0.905512        0.158769             0.938837         0.211565
038      0.4271      -0.638906        0.395087             0.395042        24.482287
038      0.4422      -0.730623        0.393006             0.718449         4.088698
038      0.4742      -0.829986        0.237271             0.869889         0.643629
038      0.2719      -0.309972        0.057306             0.049280         0.533131
038      0.4974      -0.869404        0.236648             0.909626         0.459529
038      0.4590      -0.793393        0.265896             0.825582         1.582198
038      0.4760      -0.827548        0.298598             0.864931         1.035570
038      0.4437      -0.725346        0.602900             0.637632        33.001598
038      0.4286      -0.655194        0.548799             0.412341        27.755452
038      0.3662      -0.472895        0.109922             0.105734         2.839990
038      0.4125      -0.597853        0.343229             0.255263        19.775113
038      0.5318      -0.911981        0.177612             0.943338         0.191557
038      0.3933      -0.537479        0.152646             0.162964         6.792742
038      0.2965      -0.346662        0.091590             0.054861         0.694568
038      0.5000      -0.871648        0.163222             0.911704         0.294183
038      0.4606      -0.783186        0.424019             0.796510         4.680438
038      0.4779      -0.832216        0.267323             0.869100         0.815992
038      0.4301      -0.649792        0.356717             0.384557        26.024038
038      0.4452      -0.743324        0.412079             0.731427         5.492276
038      0.5372      -0.915471        0.193637             0.946634         0.220670
038      0.4142      -0.597008        0.332647             0.234141        15.494786
038      0.3115      -0.367452        0.110192             0.063726         1.052237
038      0.3696      -0.479820        0.170762             0.093172         3.580695
038      0.3955      -0.543961        0.221982             0.144654         4.990218
038      0.4622      -0.802410        0.263497             0.831025         1.357488
038      0.5027      -0.875346        0.186290             0.914488         0.351679
038      0.4798      -0.839806        0.254919             0.876939         1.089873
038      0.4467      -0.743657        0.418418             0.739917         5.768120
038      0.3976      -0.549335        0.229851             0.166122         8.076306
038      0.5433      -0.919640        0.148196             0.949571         0.177283
038      0.4317      -0.681039        0.428077             0.529307        24.297562
038      0.3224      -0.389778        0.086652             0.064003         1.231577
038      0.4159      -0.599889        0.306106             0.246316        17.519108
038      0.3728      -0.488435        0.153398             0.099335         2.940449
038      0.4639      -0.804169        0.261964             0.838753         1.205792
038      0.5055      -0.881828        0.157386             0.919889         0.258620
038      0.4818      -0.839183        0.268272             0.877202         0.893800
038      0.4482      -0.754640        0.348514             0.756039         3.531148
038      0.3996      -0.556814        0.315420             0.187299         9.595539
038      0.4175      -0.608934        0.235344             0.294515        18.613638
038      0.5504      -0.926066        0.151504             0.953975         0.146085
038      0.4332      -0.682839        0.413680             0.570665        17.222883
038      0.3310      -0.407687        0.091993             0.061537         1.387952
038      0.4655      -0.806870        0.205489             0.840817         0.978927
038      0.3758      -0.495512        0.208307             0.099418         4.252582
038      0.5085      -0.881981        0.189010             0.920859         0.282336
038      0.4838      -0.844765        0.219033             0.884681         0.607078
038      0.5590      -0.930789        0.127616             0.957285         0.133874
038      0.4016      -0.557964        0.177967             0.169681         7.168995
038      0.4497      -0.750249        0.395110             0.740706         5.620408
038      0.3381      -0.415180        0.113474             0.070734         1.573309
038      0.4192      -0.610111        0.300538             0.242396        16.161996
038      0.4347      -0.677119        0.495564             0.490831        33.342342
038      0.4672      -0.812327        0.266302             0.845956         1.208667
038      0.3787      -0.501496        0.199458             0.107465         2.932271
038      0.5117      -0.888296        0.182935             0.925540         0.278441
038      0.4859      -0.848934        0.216963             0.889114         0.538888
038      0.3442      -0.432008        0.116885             0.079072         1.762141
038      0.5698      -0.936496        0.105441             0.961648         0.087909
038      0.4512      -0.771011        0.299538             0.794668         1.874820
038      0.4035      -0.558227        0.273384             0.171884         9.237317
038      0.4689      -0.813490        0.357373             0.845485         1.365499
038      0.4208      -0.611565        0.343726             0.251163        18.901488
038      0.4362      -0.686856        0.536849             0.475900        32.704016
038      0.3814      -0.510956        0.182478             0.126579         4.549958
038      0.5151      -0.891316        0.165510             0.927438         0.265585
038      0.4880      -0.853255        0.205754             0.890983         0.744031
038      0.5848      -0.948006        0.080169             0.969515         0.068483
038      0.4706      -0.815014        0.340760             0.844266         1.881164
038      0.3495      -0.443532        0.110493             0.083255         1.724238
038      0.4054      -0.571066        0.331090             0.184903        11.449112
038      0.4528      -0.764321        0.506000             0.757202         6.430840
038      0.4224      -0.629211        0.451810             0.349211        25.928658
038      0.4377      -0.693130        0.582813             0.529931        45.049553
038      0.3840      -0.516801        0.177027             0.138269         4.956075
038      1.0000      -0.998463        0.007773             0.999224         0.001977
038      0.4902      -0.858587        0.246173             0.893546         0.863995
038      0.5188      -0.894737        0.208906             0.930332         0.257502
038      0.4543      -0.772618        0.504142             0.783684         4.955152
038      0.4072      -0.582978        0.226756             0.235596        15.536736
038      0.4239      -0.636385        0.398170             0.424321        20.980698
038      0.3543      -0.445055        0.126712             0.105582         3.097160
038      0.4392      -0.703463        0.399014             0.640000         8.772994
038      0.3865      -0.513726        0.169902             0.139294         4.670210
039      0.3586      -0.463011        0.094750             0.100171         2.484111
039      0.5228      -0.900710        0.145814             0.935976         0.185070
039      0.4255      -0.642459        0.458071             0.396410        26.941198
039      0.4559      -0.774596        0.336396             0.787232         3.476374
039      0.0000      -0.007232        0.000000             0.008547         0.000000
039      0.4407      -0.721723        0.457073             0.677830        12.007001
039      0.4090      -0.575187        0.203809             0.165707         6.850267
039      0.4724      -0.822341        0.211361             0.862801         0.671883
039      0.3888      -0.527482        0.210424             0.137396         5.885770
039      0.4925      -0.861657        0.189178             0.900526         0.425806
039      0.2719      -0.308494        0.049030             0.049112         0.490644
039      0.5271      -0.907442        0.137778             0.941381         0.159479
039      0.4742      -0.825010        0.345632             0.862485         1.144863
039      0.4574      -0.785720        0.309060             0.800894         2.630093
039      0.3626      -0.467745        0.138242             0.096068         2.624001
039      0.4271      -0.643037        0.403886             0.394346        25.487064
039      0.3911      -0.520013        0.199322             0.121091         3.635044
039      0.4107      -0.583182        0.301035             0.225010        14.502752
039      0.4422      -0.717528        0.411576             0.673241         9.288087
039      0.4949      -0.866338        0.250025             0.903590         0.620004
039      0.5318      -0.911164        0.154493             0.943274         0.158942
039      0.2965      -0.348297        0.060709             0.055030         1.034672
039      0.3662      -0.478856        0.147705             0.096068         3.381440
039      0.4760      -0.831177        0.257013             0.866325         1.032960
039      0.4590      -0.786627        0.297263             0.809165         1.975300
039      0.4437      -0.744181        0.337416             0.739711         3.387292
039      0.4286      -0.663826        0.431555             0.494451        21.222919
039      0.3933      -0.532400        0.229586             0.144431         6.858376
039      0.4125      -0.587890        0.292270             0.174227        10.454144
039      0.4974      -0.870178        0.187413             0.909744         0.344204
039      0.3696      -0.477738        0.115571             0.095174         3.474668
039      0.3115      -0.372452        0.093326             0.058067         0.995058
039      0.5372      -0.914490        0.148862             0.945667         0.179886
039      0.4452      -0.741854        0.392439             0.734819         5.314349
039      0.3955      -0.539882        0.171347             0.131164         6.140771
039      0.4779      -0.831650        0.215404             0.871966         0.651952
039      0.4606      -0.785996        0.296308             0.808139         1.949953
039      0.4301      -0.657357        0.396839             0.460329        18.289405
039      0.4142      -0.604089        0.441065             0.316174        18.982080
039      0.5000      -0.870677        0.212535             0.908376         0.419315
039      0.3224      -0.391190        0.090117             0.063498         1.191787
039      0.4317      -0.658593        0.430593             0.417133        28.939797
039      0.4467      -0.733504        0.440808             0.682880         8.918196
039      0.3728      -0.488679        0.130593             0.103195         3.323200
039      0.4798      -0.835253        0.186998             0.875201         0.628759
039      0.5433      -0.922078        0.148058             0.951466         0.159476
039      0.3976      -0.542078        0.219572             0.156292         6.028407
039      0.4622      -0.798659        0.268376             0.831519         1.789912
039      0.5027      -0.877581        0.209193             0.915871         0.376882
039      0.4159      -0.595424        0.344293             0.241433        19.153237
039      0.3758      -0.490980        0.211771             0.102880         3.479273
039      0.3310      -0.403853        0.129305             0.062774         1.454525
039      0.4482      -0.742932        0.481641             0.728113         6.839540
039      0.4332      -0.673005        0.580161             0.507561        24.780397
039      0.5055      -0.875832        0.158982             0.914149         0.263752
039      0.3996      -0.562012        0.211678             0.187377         8.931168
039      0.4818      -0.837515        0.249035             0.875792         0.820964
039      0.5504      -0.928468        0.140313             0.956108         0.119475
039      0.3381      -0.419947        0.092405             0.071663         1.213721
039      0.4639      -0.804576        0.263299             0.834780         1.070060
039      0.4175      -0.613609        0.303765             0.323997        17.153752
039      0.3787      -0.505010        0.154562             0.103182         3.533236
039      0.4497      -0.756831        0.339589             0.769599         3.440451
039      0.4347      -0.689165        0.487317             0.576686        19.916275
039      0.4838      -0.843327        0.257273             0.881604         0.680787
039      0.4655      -0.815503        0.210518             0.855911         0.918659
039      0.4016      -0.558080        0.227009             0.167403         8.656646
039      0.5590      -0.931887        0.120284             0.958725         0.109580
039      0.5085      -0.884826        0.254607             0.921749         0.515726
039      0.3442      -0.429389        0.093279             0.070703         1.298513
039      0.4192      -0.612755        0.345212             0.256463        22.775491
039      0.4512      -0.761446        0.419497             0.761591         4.241041
039      0.3814      -0.507048        0.183394             0.116792         4.999103
039      0.4672      -0.807456        0.301451             0.841788         1.104596
039      0.5117      -0.889231        0.207297             0.925812         0.302925
039      0.4859      -0.853491        0.186976             0.890322         1.014138
039      0.4362      -0.695358        0.419897             0.564300        17.185086
039      0.5698      -0.940684        0.112551             0.964247         0.087395
039      0.4035      -0.563537        0.226621             0.173833         9.075101
039      0.3495      -0.441683        0.118673             0.072689         1.599414
039      0.4208      -0.621696        0.379518             0.361815        20.602862
039      0.4528      -0.766877        0.349228             0.780855         3.210030
039      0.3840      -0.513702        0.197538             0.124063         4.641676
039      0.4689      -0.818107        0.336546             0.850085         2.027225
039      0.5848      -0.949849        0.084825             0.970546         0.067704
039      0.5151      -0.895306        0.158588             0.929993         0.271714
039      0.4880      -0.855358        0.224816             0.894714         0.469667
039      0.4377      -0.699027        0.441153             0.595069        16.832321
039      0.3543      -0.447732        0.144332             0.080671         1.911288
039      0.4054      -0.568849        0.221789             0.186864        11.026272
039      0.4224      -0.626404        0.353257             0.349836        23.174144
039      0.3865      -0.520723        0.154647             0.112597         4.273989
039      0.4543      -0.773557        0.379824             0.783169         5.982261
039      0.4902      -0.857318        0.277928             0.896029         0.708187
039      1.0000      -0.998369        0.007869             0.999172         0.002107
039      0.5188      -0.900986        0.159343             0.933794         0.245840
039      0.4706      -0.816594        0.274971             0.849612         1.336827
039      0.4392      -0.709257        0.499814             0.616870        18.250940
039      0.4072      -0.573307        0.321161             0.210204        12.280236
039      0.4239      -0.642012        0.385804             0.419382        23.682672
040      0.4090      -0.584512        0.327811             0.220625        16.587596
040      0.4559      -0.774513        0.354890             0.784975         4.309976
040      0.5228      -0.900950        0.121440             0.934950         0.164770
040      0.4925      -0.859488        0.258235             0.900263         0.579554
040      0.3586      -0.456150        0.138689             0.089538         2.166584
040      0.4255      -0.630988        0.263392             0.262937        19.721358
040      0.3888      -0.521037        0.195786             0.128662         6.155833
040      0.4724      -0.824700        0.279820             0.860263         1.262216
040      0.4407      -0.711337        0.522227             0.655375        11.423147
040      0.0000      -0.021250        0.000000             0.030000         0.000000
040      0.3911      -0.526487        0.164024             0.121362         5.356510
040      0.4742      -0.826237        0.244585             0.861850         0.953870
040      0.4107      -0.585987        0.283196             0.203763        13.709170
040      0.4949      -0.862475        0.262268             0.902475         0.566823
040      0.5271      -0.902075        0.184619             0.936425         0.218204
040      0.3626      -0.464150        0.111738             0.100575         2.858160
040      0.4271      -0.642513        0.343350             0.362013        23.504890
040      0.4422      -0.729775        0.400043             0.712713         5.763847
040      0.4574      -0.778487        0.276906             0.806550         1.959335
040      0.2719      -0.309450        0.058090             0.045263         0.563509
040      0.4974      -0.865450        0.214990             0.904338         0.402820
040      0.3933      -0.532538        0.206932             0.119612         5.859765
040      0.4760      -0.831588        0.252814             0.873813         0.680264
040      0.3662      -0.477200        0.154178             0.098675         2.306864
040      0.4286      -0.641825        0.414276             0.345188        29.495299
040      0.4125      -0.588425        0.231114             0.252425        14.807759
040      0.5318      -0.906412        0.148113             0.939237         0.225630
040      0.4437      -0.739700        0.470691             0.728800         5.753259
040      0.4590      -0.784312        0.381401             0.803612         2.920624
040      0.2965      -0.347375        0.050369             0.053525         0.675679
040      0.4779      -0.837288        0.284042             0.876675         0.798022
040      0.3955      -0.539963        0.222764             0.142588         8.434375
040      0.3696      -0.482362        0.160059             0.092025         2.881477
040      0.4301      -0.674550        0.359055             0.516525        23.338409
040      0.5000      -0.877763        0.183203             0.915750         0.350006
040      0.4142      -0.589637        0.238849             0.182350        10.841071
040      0.5372      -0.915450        0.119622             0.945938         0.171017
040      0.4452      -0.739587        0.451739             0.720688         8.531472
040      0.3115      -0.370563        0.105025             0.051900         0.742495
040      0.4606      -0.798475        0.337558             0.829813         2.125459
040      0.3976      -0.542388        0.205647             0.158675         7.897567
040      0.4317      -0.660812        0.549343             0.417338        38.943902
040      0.3728      -0.487250        0.145846             0.104188         3.434271
040      0.4798      -0.835700        0.201357             0.866850         1.313378
040      0.4159      -0.598938        0.236449             0.238575        15.763702
040      0.5027      -0.877300        0.215636             0.915987         0.361405
040      0.4467      -0.733150        0.476236             0.673412        15.471494
040      0.3224      -0.394925        0.097268             0.067850         1.238598
040      0.3996      -0.550913        0.217700             0.152275         8.100197
040      0.5433      -0.922713        0.109494             0.952012         0.125365
040      0.4622      -0.802175        0.304472             0.831875         1.779338
040      0.3758      -0.492800        0.176232             0.096575         3.780668
040      0.4332      -0.685137        0.665816             0.577538        20.724391
040      0.5055      -0.876475        0.189893             0.913863         0.435319
040      0.4482      -0.750400        0.388388             0.742537         5.618904
040      0.4175      -0.599175        0.367458             0.213912        16.817916
040      0.4818      -0.843712        0.195991             0.882613         0.578071
040      0.3310      -0.407162        0.086998             0.068325         1.467058
040      0.4016      -0.553525        0.239057             0.155563         7.998769
040      0.5504      -0.924650        0.113236             0.953025         0.103691
040      0.3787      -0.500713        0.142860             0.108787         4.450584
040      0.4347      -0.660062        0.385265             0.338187        20.381975
040      0.5085      -0.885350        0.173530             0.922775         0.295428
040      0.4497      -0.760837        0.404033             0.772050         4.086123
040      0.4192      -0.613938        0.274491             0.302700        20.401766
040      0.4639      -0.800763        0.330625             0.826088         2.413776
040      0.4838      -0.843437        0.292022             0.881450         1.088189
040      0.3381      -0.418137        0.107677             0.068413         1.160313
040      0.5117      -0.890287        0.175435             0.926988         0.290473
040      0.5590      -0.931062        0.104315             0.957887         0.107919
040      0.4035      -0.562625        0.202007             0.209825        15.821881
040      0.4362      -0.678013        0.550502             0.469888        31.756999
040      0.3814      -0.504625        0.191270             0.110213         5.605130
040      0.4655      -0.805950        0.340040             0.837850         1.886198
040      0.4859      -0.851438        0.231271             0.892825         0.571175
040      0.4512      -0.765575        0.300117             0.780988         2.156430
040      0.4208      -0.617687        0.269527             0.293762        20.098771
040      0.5698      -0.936775        0.160381             0.961300         0.177888
040      0.3840      -0.505837        0.202537             0.103100         3.944187
040      0.4672      -0.804900        0.325175             0.832150         2.481043
040      0.3442      -0.430650        0.112551             0.073163         1.820921
040      0.5151      -0.890950        0.211729             0.928362         0.280324
040      0.4054      -0.556925        0.195017             0.158612         7.507022
040      0.4880      -0.850937        0.196700             0.890112         0.534688
040      0.4377      -0.695825        0.516902             0.588387        16.000383
040      0.4689      -0.819838        0.204387             0.851775         1.240956
040      0.5188      -0.897637        0.172564             0.932725         0.303162
040      0.5848      -0.946438        0.119200             0.968275         0.088457
040      0.4902      -0.854887        0.261385             0.890875         0.728589
040      0.3495      -0.438213        0.100438             0.082087         2.111731
040      0.4224      -0.635438        0.505453             0.401662        27.229485
040      0.4528      -0.764187        0.430022             0.762088         7.234130
040      0.3865      -0.525662        0.198575             0.134200         4.786014
040      0.4072      -0.575625        0.253244             0.169150         8.489853
040      0.4392      -0.711288        0.613182             0.614538        34.481011
040      0.4706      -0.817975        0.278871             0.854525         1.295425
040      1.0000      -0.998425        0.019526             0.999200         0.005127
040      0.3543      -0.453800        0.136965             0.074775         2.122833
040      0.4543      -0.768562        0.360393             0.777912         3.350451
040      0.4239      -0.637175        0.529931             0.386275        28.009531
041      0.4724      -0.816454        0.354747             0.850054         1.511029
041      0.5228      -0.900559        0.176214             0.935443         0.337126
041      0.4255      -0.627139        0.311050             0.301797        20.816521
041      0.3586      -0.461368        0.135001             0.078608         2.391281
041      0.0000       0.001785        0.000000             0.002974         0.000000
041      0.4742      -0.825497        0.237140             0.866127         0.745175
041      0.3888      -0.522867        0.217318             0.127650         6.564242
041      0.5271      -0.905187        0.176557             0.939012         0.205272
041      0.4090      -0.578382        0.280188             0.161118        10.831636
041      0.4925      -0.859120        0.202317             0.898489         0.455040
041      0.4271      -0.644664        0.491553             0.375729        32.684402
041      0.4559      -0.775098        0.369932             0.794920         2.885961
041      0.4407      -0.719060        0.331685             0.695419         5.839747
041      0.2719      -0.308245        0.062641             0.049185         0.652120
041      0.4760      -0.829316        0.293589             0.864212         1.218859
041      0.3626      -0.462832        0.126935             0.091886         2.599657
041      0.4574      -0.786710        0.271576             0.805711         2.866427
041      0.4107      -0.585187        0.263841             0.222891        14.921569
041      0.4949      -0.865687        0.132132             0.904200         0.293831
041      0.2965      -0.348245        0.061856             0.056193         0.693362
041      0.4779      -0.838846        0.242395             0.880143         0.691049
041      0.5318      -0.907210        0.161941             0.938834         0.229132
041      0.4590      -0.781963        0.381853             0.797097         3.026526
041      0.3911      -0.522677        0.213174             0.120571         4.743145
041      0.3662      -0.472064        0.165291             0.089720         3.195308
041      0.4286      -0.649946        0.553528             0.397501        30.424397
041      0.4974      -0.868662        0.207869             0.907971         0.377167
041      0.4798      -0.838144        0.269851             0.879167         0.850663
041      0.4422      -0.735967        0.441555             0.723546         5.968601
041      0.5372      -0.916847        0.156257             0.948269         0.165413
041      0.4606      -0.776086        0.679350             0.738322        25.463258
041      0.4125      -0.590125        0.259432             0.218584        14.904173
041      0.3115      -0.369566        0.086841             0.057870         1.003196
041      0.5433      -0.919262        0.164932             0.949494         0.165407
041      0.4301      -0.648554        0.519657             0.361570        29.627245
041      0.3933      -0.533659        0.201866             0.120595         4.916271
041      0.5000      -0.875265        0.198450             0.913992         0.352448
041      0.4818      -0.843474        0.245048             0.884378         0.714382
041      0.5504      -0.928090        0.145894             0.955419         0.154662
041      0.4317      -0.682177        0.396444             0.593635        12.706276
041      0.5027      -0.877847        0.220932             0.913920         0.548642
041      0.4622      -0.794075        0.445817             0.817513         2.911899
041      0.3696      -0.480809        0.155597             0.086936         3.277605
041      0.4437      -0.727388        0.525461             0.688864         9.818668
041      0.3955      -0.543700        0.206090             0.143510         8.210074
041      0.4142      -0.598084        0.323714             0.287198        17.838849
041      0.4838      -0.844271        0.262417             0.885354         0.670518
041      0.3224      -0.393754        0.081596             0.061214         1.113331
041      0.5590      -0.931386        0.114394             0.957156         0.132835
041      0.4332      -0.656550        0.499396             0.366924        34.034136
041      0.5055      -0.879774        0.160964             0.917561         0.290799
041      0.4452      -0.724747        0.527448             0.664307        13.490664
041      0.3728      -0.489042        0.154838             0.090196         2.961973
041      0.4639      -0.802582        0.311150             0.825140         2.654007
041      0.3976      -0.551993        0.205177             0.156276         9.627760
041      0.4859      -0.850161        0.266753             0.889720         0.679990
041      0.4159      -0.599393        0.358681             0.265723        19.038618
041      0.5085      -0.883189        0.162313             0.920274         0.304537
041      0.5698      -0.938334        0.097517             0.963367         0.081394
041      0.3310      -0.400678        0.103933             0.063581         1.415421
041      0.4467      -0.734444        0.421200             0.676383        16.884172
041      0.4347      -0.685866        0.433572             0.523795        27.537629
041      0.3996      -0.553896        0.285674             0.167912         9.149570
041      0.4655      -0.799941        0.494235             0.810339         9.261188
041      0.3758      -0.499477        0.158401             0.098441         3.076988
041      0.4880      -0.853659        0.231045             0.890672         0.822628
041      0.4175      -0.609816        0.429472             0.263795        21.179180
041      0.5117      -0.888840        0.178467             0.924664         0.359396
041      0.5848      -0.944890        0.076651             0.967983         0.056652
041      0.4016      -0.559833        0.255997             0.189958        11.173224
041      0.4362      -0.692124        0.515138             0.583998        14.527705
041      0.3787      -0.504759        0.204846             0.101689         3.252297
041      0.4672      -0.809221        0.304278             0.839738         1.987481
041      0.3381      -0.417692        0.104224             0.065770         1.384197
041      0.4902      -0.856014        0.276759             0.894242         0.807671
041      0.4482      -0.736669        0.464937             0.685961        11.796429
041      0.5151      -0.890874        0.196117             0.924533         0.458200
041      0.4192      -0.618620        0.393246             0.322760        24.988480
041      1.0000      -0.936181        0.027474             0.210767        37.116982
041      0.4689      -0.810767        0.335409             0.840964         2.160802
041      0.3814      -0.506889        0.215171             0.109482         3.901606
041      0.4035      -0.562332        0.263428             0.155265         9.417100
041      0.3442      -0.428328        0.113095             0.071481         1.826572
041      0.4377      -0.696407        0.533914             0.534265        30.671104
041      0.5188      -0.894277        0.156229             0.929875         0.283104
041      0.4497      -0.751886        0.560478             0.742665         9.205946
041      0.4208      -0.617240        0.408621             0.311826        25.580210
041      0.4706      -0.818917        0.295748             0.853076         1.586763
041      0.3840      -0.514932        0.144845             0.124307         4.799020
041      0.4054      -0.569221        0.227577             0.174408         7.902495
041      0.3495      -0.439453        0.113609             0.082867         2.043417
041      0.4392      -0.707115        0.429720             0.625521        12.653621
041      0.4512      -0.765437        0.433894             0.778822         3.334689
041      0.4224      -0.623557        0.279815             0.306996        21.196287
041      0.4072      -0.581249        0.261887             0.195122        12.171613
041      0.3865      -0.519429        0.192419             0.110541         4.096573
041      0.3543      -0.446615        0.111643             0.078239         2.036914
041      0.4528      -0.761606        0.436404             0.768864         4.420906
041      0.4239      -0.629839        0.454394             0.327698        26.109872
041      0.4543      -0.778168        0.287644             0.800512         1.932554
042      0.5228      -0.897438        0.184149             0.931327         0.269553
042      0.3888      -0.522506        0.227711             0.116122         4.919109
042      0.4724      -0.819093        0.280130             0.854150         1.286506
042      0.4255      -0.633753        0.375439             0.343549        26.855725
042      0.4090      -0.583050        0.289231             0.235567        17.701077
042      0.4559      -0.772823        0.337734             0.785975         2.746228
042      0.3586      -0.454342        0.127134             0.076939         2.060134
042      0.0000      -0.040816        0.000000             0.029478         0.000000
042      0.4925      -0.862789        0.200631             0.901916         0.463900
042      0.4407      -0.686950        0.425934             0.483719        34.400410
042      0.4742      -0.828753        0.220223             0.861179         1.038095
042      0.4271      -0.631168        0.275620             0.230363        19.195489
042      0.5271      -0.904093        0.129847             0.937823         0.157781
042      0.2719      -0.311995        0.071836             0.042902         0.471153
042      0.4949      -0.864456        0.196026             0.901757         0.414311
042      0.3911      -0.526145        0.233175             0.131474         6.150263
042      0.3626      -0.465998        0.128358             0.080340         2.374144
042      0.4422      -0.729796        0.366421             0.716508         4.652577
042      0.4574      -0.782562        0.305944             0.811406         2.535625
042      0.4107      -0.586587        0.262025             0.193707        11.138896
042      0.4760      -0.829535        0.201247             0.867914         0.713385
042      0.5318      -0.910952        0.149254             0.943016         0.182159
042      0.4286      -0.656293        0.375701             0.412154        27.958674
042      0.4974      -0.871667        0.223937             0.909592         0.470481
042      0.2965      -0.348594        0.073260             0.059002         0.803361
042      0.4590      -0.781349        0.387520             0.788073         4.666451
042      0.4437      -0.734558        0.371942             0.704218         5.683884
042      0.3933      -0.536338        0.192328             0.135363         6.062377
042      0.3662      -0.469172        0.194970             0.089943         2.490271
042      0.4779      -0.834263        0.231545             0.870703         0.983991
042      0.4125      -0.590408        0.247990             0.179739        12.262485
042      0.5372      -0.913050        0.142306             0.944671         0.165739
042      0.3115      -0.368923        0.071189             0.056032         1.021813
042      0.4606      -0.793197        0.351284             0.814739         2.694052
042      0.5000      -0.877687        0.207578             0.916156         0.334790
042      0.3696      -0.482041        0.173081             0.107846         3.225342
042      0.4301      -0.666032        0.552819             0.501848        31.205533
042      0.4452      -0.733503        0.502539             0.710624         9.070950
042      0.3955      -0.539796        0.213554             0.125782         6.940387
042      0.4798      -0.839524        0.278294             0.876542         0.864084
042      0.5433      -0.921814        0.196706             0.951644         0.208669
042      0.4142      -0.585590        0.227906             0.161905         7.726719
042      0.3728      -0.484478        0.126579             0.090658         3.183568
042      0.4622      -0.794535        0.318445             0.819546         2.067231
042      0.5027      -0.876803        0.165729             0.915295         0.367919
042      0.4317      -0.664909        0.386520             0.438016        27.250704
042      0.4467      -0.743413        0.418242             0.704943         9.323115
042      0.3224      -0.388957        0.107513             0.058152         1.268183
042      0.4818      -0.838900        0.259110             0.874512         0.905191
042      0.3976      -0.544218        0.199705             0.104252         3.915624
042      0.5504      -0.926803        0.116450             0.954569         0.130310
042      0.4159      -0.604184        0.285512             0.237619        13.017139
042      0.3758      -0.494478        0.176120             0.091576         3.714644
042      0.5055      -0.880714        0.183605             0.918526         0.316177
042      0.4332      -0.676100        0.553363             0.525147        24.832560
042      0.4482      -0.756712        0.421740             0.766633         3.590873
042      0.4639      -0.804422        0.269565             0.833435         1.675855
042      0.3310      -0.403050        0.090977             0.063197         1.410134
042      0.4838      -0.846383        0.198919             0.886519         0.565711
042      0.3996      -0.553209        0.224059             0.157664         8.646962
042      0.3787      -0.502902        0.157879             0.107574         4.151043
042      0.4175      -0.606349        0.285802             0.262971        16.681627
042      0.5085      -0.886281        0.180456             0.924104         0.333126
042      0.4655      -0.811599        0.247078             0.846361         1.047308
042      0.5590      -0.931542        0.119628             0.958254         0.120513
042      0.4497      -0.759104        0.308774             0.766542         3.489667
042      0.4347      -0.680975        0.618066             0.476587        38.798226
042      0.3381      -0.419422        0.139538             0.074410         1.797371
042      0.4859      -0.847937        0.229073             0.889410         0.750532
042      0.4672      -0.809138        0.296429             0.841587         1.507059
042      0.4016      -0.558209        0.228590             0.158073         7.396041
042      0.4362      -0.693311        0.477257             0.573673        25.258800
042      0.3814      -0.506247        0.225292             0.107336         3.861935
042      0.5698      -0.938617        0.107640             0.963231         0.100822
042      0.5117      -0.889853        0.138666             0.925556         0.225940
042      0.4512      -0.770068        0.387237             0.788730         2.545850
042      0.4192      -0.617710        0.274960             0.304025        19.914780
042      0.3442      -0.427234        0.112408             0.069116         1.569287
042      0.4689      -0.815238        0.281169             0.850544         1.172864
042      0.4377      -0.698435        0.685336             0.554615        35.635096
042      0.4880      -0.853753        0.228700             0.891531         0.809210
042      0.4035      -0.557358        0.252809             0.182290        10.298530
042      0.3840      -0.513265        0.159110             0.099921         3.766768
042      0.4208      -0.616519        0.385498             0.253764        21.992428
042      0.5151      -0.890408        0.144710             0.926984         0.205657
042      0.5848      -0.946451        0.121662             0.968855         0.102086
042      0.4528      -0.768163        0.310306             0.782370         3.019984
042      0.3495      -0.440578        0.114716             0.071565         1.937389
042      0.3865      -0.518537        0.169180             0.119955         4.671769
042      0.4706      -0.821077        0.253501             0.858549         0.881447
042      0.4902      -0.857585        0.188352             0.897426         0.520849
042      0.4392      -0.709082        0.430955             0.619977        17.412574
042      0.4054      -0.567449        0.240407             0.178322        10.742428
042      0.4224      -0.628549        0.338881             0.312143        27.516659
042      0.4543      -0.772166        0.341533             0.789240         2.311338
042      0.5188      -0.895635        0.195401             0.930918         0.291064
042      1.0000      -0.998707        0.006781             0.999342         0.001795
042      0.3543      -0.445227        0.150014             0.073254         2.276071
042      0.4239      -0.623141        0.290894             0.269580        24.603484
042      0.4072      -0.574932        0.296930             0.193209        13.280755
043      0.0000       0.002704        0.000000             0.048134         0.000000
043      0.4724      -0.824413        0.250621             0.863126         0.830521
043      0.5228      -0.902012        0.136508             0.936009         0.224068
043      0.4925      -0.863342        0.204048             0.901211         0.477135
043      0.3586      -0.458129        0.118912             0.089573         3.719232
043      0.4559      -0.778356        0.383307             0.800844         2.864163
043      0.4407      -0.715565        0.390457             0.655122         9.930413
043      0.3888      -0.524251        0.196492             0.111087         4.981185
043      0.4255      -0.638280        0.285646             0.399459        30.319408
043      0.4090      -0.575295        0.319578             0.186587        16.002024
043      0.2719      -0.314159        0.043312             0.051293         0.611419
043      0.4742      -0.829519        0.231187             0.869605         0.872912
043      0.4574      -0.783818        0.344080             0.801644         4.278034
043      0.5271      -0.907107        0.167625             0.940054         0.219229
043      0.3626      -0.463580        0.134369             0.075089         3.003650
043      0.4949      -0.863451        0.197534             0.902466         0.507839
043      0.4271      -0.639091        0.380023             0.341752        27.255539
043      0.4107      -0.579621        0.257809             0.188967        11.501266
043      0.4422      -0.740184        0.376631             0.743656         3.280903
043      0.3911      -0.522185        0.156918             0.113586         5.848088
043      0.4760      -0.827680        0.234988             0.863429         0.948900
043      0.2965      -0.347085        0.053833             0.048491         0.844320
043      0.4590      -0.785246        0.354016             0.799913         3.742585
043      0.4437      -0.716355        0.514524             0.577826        42.582349
043      0.5318      -0.908545        0.133491             0.940562         0.180636
043      0.4286      -0.642542        0.452421             0.328675        31.893678
043      0.3662      -0.475554        0.146905             0.090871         2.930359
043      0.3933      -0.533867        0.192666             0.114646         4.793872
043      0.4974      -0.875619        0.217154             0.911541         0.505935
043      0.4125      -0.593791        0.276140             0.230849        12.738426
043      0.4779      -0.831433        0.342246             0.867615         1.141683
043      0.3115      -0.370146        0.066787             0.048069         0.807549
043      0.4606      -0.795500        0.326520             0.819113         2.184026
043      0.4452      -0.742185        0.337890             0.710903        15.387292
043      0.5372      -0.914310        0.132534             0.945073         0.171352
043      0.4301      -0.656268        0.492686             0.411368        29.400094
043      0.5000      -0.873023        0.169059             0.911736         0.311022
043      0.3955      -0.538507        0.199942             0.128513         5.829085
043      0.4798      -0.841601        0.200904             0.883710         0.511610
043      0.4142      -0.596885        0.340382             0.218713        16.314577
043      0.3696      -0.476236        0.124057             0.087290         3.169537
043      0.3224      -0.387063        0.086942             0.053748         0.873674
043      0.4622      -0.791801        0.395877             0.803645         5.648156
043      0.5027      -0.878442        0.219319             0.915316         0.363923
043      0.4467      -0.748015        0.357283             0.756431         3.911646
043      0.5433      -0.919546        0.140075             0.948567         0.177042
043      0.4317      -0.658291        0.379018             0.394689        30.789930
043      0.4159      -0.605062        0.306901             0.264565        24.392518
043      0.4818      -0.842747        0.257187             0.882715         0.615339
043      0.3976      -0.542715        0.220623             0.134516         6.204801
043      0.3728      -0.484586        0.159415             0.085354         3.053791
043      0.3310      -0.409800        0.107060             0.061979         1.579211
043      0.4639      -0.807820        0.324721             0.844435         1.080708
043      0.5504      -0.927420        0.121890             0.955489         0.123745
043      0.4482      -0.753867        0.349319             0.763483         3.205574
043      0.4332      -0.697198        0.514720             0.637653        11.358650
043      0.5055      -0.884197        0.154654             0.920649         0.336407
043      0.3996      -0.557858        0.197889             0.168891         9.842539
043      0.4838      -0.849367        0.194124             0.888296         0.595456
043      0.4175      -0.611206        0.296855             0.324056        21.076529
043      0.3758      -0.496117        0.199243             0.095868         3.399312
043      0.4497      -0.764446        0.329018             0.780519         2.607389
043      0.4655      -0.805419        0.308120             0.838010         1.496737
043      0.5590      -0.932234        0.154843             0.958075         0.155178
043      0.4347      -0.701006        0.516467             0.620411        13.795042
043      0.3381      -0.421092        0.101537             0.060941         1.301177
043      0.4859      -0.851109        0.253366             0.892320         0.565791
043      0.4016      -0.560811        0.259147             0.155598         8.542958
043      0.5085      -0.883277        0.200163             0.920627         0.519391
043      0.4192      -0.614440        0.400822             0.328459        23.800664
043      0.3787      -0.499794        0.169913             0.109227         4.326014
043      0.5698      -0.941439        0.105544             0.965257         0.086799
043      0.4512      -0.772450        0.270916             0.796366         1.603772
043      0.3442      -0.431368        0.123072             0.073261         1.647428
043      0.4672      -0.814072        0.257501             0.847474         1.443279
043      0.4362      -0.676647        0.445358             0.398648        45.691143
043      0.4880      -0.856106        0.215917             0.893002         0.593525
043      0.5117      -0.892666        0.176324             0.927994         0.263637
043      0.4035      -0.561677        0.209376             0.167842        11.217915
043      0.4208      -0.615890        0.347249             0.237664        23.124851
043      0.3814      -0.506533        0.137246             0.115554         4.689200
043      0.5848      -0.945571        0.106772             0.967604         0.081800
043      0.3495      -0.436279        0.108704             0.064218         1.482560
043      0.4689      -0.814051        0.246905             0.851520         1.113403
043      0.4528      -0.769454        0.325351             0.789389         2.075224
043      0.4902      -0.859784        0.239845             0.898767         0.605460
043      0.4377      -0.691758        0.603123             0.503342        40.723604
043      0.5151      -0.890654        0.166689             0.927377         0.235039
043      0.4054      -0.566836        0.249332             0.152818         8.981651
043      0.3840      -0.514538        0.137330             0.118713         4.773885
043      0.4224      -0.624500        0.413153             0.245441        26.430442
043      0.4706      -0.821168        0.251715             0.860790         0.796898
043      1.0000      -0.998518        0.005885             0.999221         0.001752
043      0.4543      -0.771931        0.430665             0.786403         4.106639
043      0.3543      -0.449648        0.163325             0.072655         1.737837
043      0.4392      -0.690611        0.414662             0.514332        23.229756
043      0.5188      -0.897902        0.166416             0.932958         0.221198
043      0.3865      -0.516376        0.226770             0.104662         4.719246
043      0.4072      -0.572158        0.265065             0.163656        11.047772
043      0.4239      -0.626728        0.335437             0.292537        24.922846
044      0.4902      -0.855568        0.272745             0.896994         0.594360
044      0.4760      -0.826911        0.222770             0.864628         0.970442
044      0.3787      -0.498399        0.158153             0.091395         4.260971
044      0.5372      -0.912614        0.164972             0.944205         0.192843
044      0.4208      -0.607593        0.181957             0.176477        13.593655
044      0.4639      -0.792645        0.303654             0.816808         3.250658
044      0.4317      -0.670527        0.398914             0.534308        17.567211
044      0.3955      -0.542397        0.184060             0.132924         5.724147
044      0.5085      -0.875486        0.228045             0.911539         0.529012
044      0.0000       0.002066        0.000000             0.015496         0.000000
044      0.3495      -0.437717        0.117197             0.077159         1.929851
044      0.4422      -0.722304        0.424275             0.689153         7.850113
044      0.4528      -0.764690        0.345295             0.784587         2.627349
044      0.4090      -0.575124        0.241073             0.160568        11.346295
044      0.4925      -0.855403        0.257315             0.891983         0.715348
044      0.5433      -0.918316        0.192330             0.946901         0.299468
044      0.4779      -0.826343        0.314996             0.865455         1.232208
044      0.5117      -0.884711        0.189704             0.921498         0.314976
044      0.4655      -0.797138        0.296008             0.825093         1.770098
044      0.4224      -0.611736        0.290001             0.211085        17.046133
044      0.3814      -0.501054        0.159243             0.102965         3.484825
044      0.4332      -0.669163        0.425115             0.514721        22.063853
044      0.3976      -0.545413        0.259627             0.133254         7.053167
044      0.4437      -0.711767        0.418921             0.624380        13.273303
044      0.2719      -0.313048        0.047790             0.039783         0.454851
044      0.4543      -0.766043        0.369901             0.771632         3.445608
044      0.3543      -0.445692        0.122244             0.080981         2.747882
044      0.4107      -0.581787        0.298670             0.163306        11.631726
044      0.4949      -0.859060        0.203667             0.899194         0.436661
044      0.5504      -0.924463        0.107103             0.953275         0.132783
044      0.4798      -0.834804        0.293975             0.872355         0.890306
044      0.4672      -0.808915        0.294328             0.843223         1.188638
044      0.5151      -0.893481        0.167703             0.929184         0.227387
044      0.3840      -0.509587        0.145606             0.109081         3.990906
044      0.4239      -0.623512        0.341108             0.344112        22.843790
044      0.4347      -0.670558        0.663110             0.462500        39.244347
044      0.3996      -0.549349        0.206683             0.154483        10.240624
044      0.4452      -0.726364        0.432744             0.693254         9.409930
044      0.4559      -0.772262        0.342708             0.779959         4.552763
044      0.2965      -0.344897        0.090464             0.046539         0.595186
044      0.3586      -0.455238        0.111245             0.086426         3.295554
044      0.4125      -0.582252        0.229297             0.192438        14.055771
044      0.4974      -0.864101        0.177180             0.903802         0.369112
044      0.5590      -0.924866        0.131889             0.952851         0.142684
044      0.4818      -0.839184        0.269079             0.877810         0.802896
044      0.4689      -0.803864        0.286529             0.834194         1.626764
044      0.5188      -0.892118        0.138586             0.928275         0.213408
044      0.4255      -0.622335        0.288794             0.261333        25.707585
044      0.3865      -0.520103        0.176112             0.106539         4.233836
044      0.4362      -0.689783        0.478183             0.597655        14.020877
044      0.4467      -0.730165        0.492528             0.690393        13.810221
044      0.4574      -0.773915        0.418254             0.784804         4.318203
044      0.4016      -0.557500        0.234840             0.153781         8.331434
044      0.4142      -0.587603        0.331116             0.218977        15.514889
044      0.3626      -0.464721        0.161154             0.082996         2.564924
044      0.3115      -0.369514        0.094248             0.055196         0.924245
044      0.5000      -0.870527        0.190302             0.909566         0.392236
044      0.5698      -0.934938        0.121457             0.960217         0.106451
044      0.4838      -0.838781        0.195416             0.876198         0.582366
044      0.4706      -0.815062        0.286257             0.847800         2.026783
044      0.5228      -0.897531        0.180727             0.932004         0.305197
044      0.4271      -0.638709        0.435438             0.384452        28.335652
044      0.4377      -0.669163        0.485614             0.395785        40.833444
044      0.3888      -0.519721        0.144092             0.116901         5.879746
044      0.4482      -0.738936        0.389563             0.723750         5.381749
044      0.4590      -0.784576        0.313933             0.807727         2.077126
044      0.4035      -0.558223        0.178479             0.121798         7.606063
044      0.4159      -0.593171        0.381801             0.182769        12.383043
044      0.3662      -0.471033        0.137194             0.083574         3.349884
044      0.3224      -0.388936        0.085652             0.054969         1.091621
044      0.5027      -0.870971        0.148910             0.910444         0.238997
044      0.5848      -0.946860        0.128577             0.968254         0.106281
044      0.4859      -0.845010        0.246780             0.883202         0.659970
044      0.5271      -0.899866        0.155024             0.934163         0.227300
044      0.4724      -0.813554        0.261559             0.843037         1.383999
044      0.4392      -0.692180        0.590075             0.534205        42.895025
044      0.4286      -0.642893        0.416167             0.323388        39.919740
044      0.3911      -0.527531        0.189953             0.101994         4.389363
044      0.4606      -0.786012        0.323883             0.808244         2.029818
044      0.4497      -0.743481        0.399989             0.706983         9.991059
044      0.4054      -0.562376        0.195019             0.145713         9.148716
044      0.4175      -0.596188        0.209803             0.177128        13.108791
044      0.3696      -0.474742        0.161740             0.096312         3.752198
044      0.3310      -0.403698        0.109012             0.061477         1.291497
044      0.5055      -0.875981        0.193290             0.914711         0.306430
044      1.0000      -0.998605        0.006068             0.999298         0.001539
044      0.4880      -0.851343        0.212776             0.890269         0.646824
044      0.5318      -0.906674        0.132048             0.940021         0.178944
044      0.4742      -0.820857        0.248684             0.857562         1.095715
044      0.4301      -0.647562        0.493476             0.365062        41.931365
044      0.4407      -0.720868        0.552055             0.692727         8.519711
044      0.3933      -0.530310        0.168401             0.126240         5.348646
044      0.4622      -0.793647        0.256202             0.828130         1.328767
044      0.4512      -0.756240        0.366542             0.750279         5.910706
044      0.4072      -0.569349        0.212401             0.144411        10.252440
044      0.4192      -0.606787        0.303942             0.269329        28.209718
044      0.3728      -0.487066        0.139498             0.106064         3.767652
044      0.3381      -0.416384        0.100179             0.064618         1.571119
044      0.3758      -0.492345        0.143058             0.090899         3.155971
044      0.3442      -0.429731        0.105494             0.066281         1.432594
045      0.4902      -0.851516        0.205616             0.887951         0.671611
045      0.4639      -0.795190        0.269329             0.818854         2.439114
045      0.3955      -0.541205        0.198525             0.146716         8.605744
045      0.4528      -0.762775        0.312098             0.772681         2.853432
045      0.3787      -0.496988        0.160194             0.086923         2.899103
045      0.4760      -0.823348        0.250131             0.860454         1.013069
045      0.4422      -0.712563        0.508994             0.637600        19.403384
045      0.0000       0.013333        0.000000             0.015309         0.000000
045      0.5085      -0.881195        0.186989             0.918558         0.289817
045      0.4090      -0.574598        0.201215             0.161086         9.043712
045      0.4208      -0.617699        0.327636             0.272701        22.086600
045      0.5372      -0.911891        0.156676             0.944069         0.182378
045      0.4317      -0.661788        0.578716             0.475723        33.417978
045      0.3495      -0.435467        0.102173             0.072158         1.931923
045      0.4925      -0.856059        0.264285             0.894657         0.628736
045      0.4543      -0.763565        0.468230             0.766825         4.852530
045      0.4655      -0.792731        0.295739             0.823121         1.171247
045      0.4779      -0.825205        0.306032             0.857995         1.375574
045      0.3976      -0.540672        0.205492             0.137284         7.402559
045      0.4437      -0.716306        0.576077             0.655733        20.682652
045      0.5117      -0.884573        0.152929             0.921630         0.303376
045      0.3814      -0.502341        0.163624             0.098815         4.740925
045      0.5433      -0.916286        0.140225             0.946538         0.183666
045      0.4224      -0.612198        0.260374             0.251240        21.594297
045      0.2719      -0.309146        0.041762             0.042963         0.421616
045      0.4332      -0.667447        0.495432             0.517877        21.026562
045      0.4107      -0.577649        0.281286             0.232622        18.768619
045      0.3543      -0.446440        0.109489             0.070005         1.996141
045      0.4949      -0.861649        0.192188             0.901067         0.449975
045      0.4672      -0.797906        0.273103             0.826785         1.608715
045      0.4559      -0.762459        0.400846             0.754301         4.979260
045      0.4798      -0.827002        0.259985             0.863901         1.019819
045      0.5151      -0.889383        0.143655             0.924662         0.262529
045      0.4452      -0.725126        0.445173             0.683081         9.922543
045      0.5504      -0.923802        0.165041             0.952553         0.195761
045      0.3996      -0.550677        0.181625             0.131091         8.424005
045      0.3840      -0.507901        0.183007             0.112020         4.061217
045      0.4239      -0.611210        0.211081             0.195595        17.449188
045      0.4347      -0.662775        0.423956             0.414914        41.420765
045      0.4125      -0.585699        0.296292             0.151101        15.519444
045      0.2965      -0.350202        0.074360             0.047664         0.899958
045      0.3586      -0.450054        0.114302             0.083220         1.757041
045      0.4974      -0.860968        0.211760             0.901215         0.428545
045      0.4574      -0.772375        0.460950             0.780810         4.349442
045      0.4689      -0.809165        0.325503             0.840928         2.488007
045      0.4818      -0.835951        0.178181             0.876820         0.403607
045      0.5188      -0.893136        0.166657             0.927585         0.317843
045      0.5590      -0.930390        0.104629             0.957244         0.103328
045      0.4467      -0.742726        0.342064             0.732800         5.574223
045      0.4016      -0.549402        0.185580             0.123872         7.818651
045      0.4255      -0.617501        0.330666             0.229215        20.804258
045      0.3865      -0.515595        0.147244             0.116040         5.224642
045      0.4362      -0.691595        0.527627             0.587091        25.391898
045      0.4142      -0.585185        0.213110             0.156030        10.751004
045      0.3115      -0.370143        0.069023             0.054528         1.119177
045      0.3626      -0.458736        0.129703             0.076573         2.448826
045      0.5000      -0.868800        0.198684             0.909126         0.438744
045      0.4706      -0.813126        0.294988             0.844069         1.447146
045      0.4590      -0.784642        0.335581             0.807467         2.561706
045      0.5228      -0.900978        0.167778             0.935259         0.237630
045      0.4838      -0.845768        0.209702             0.883625         0.730226
045      0.5698      -0.940069        0.113163             0.963763         0.102368
045      0.4482      -0.746825        0.357443             0.735802         7.275000
045      0.4271      -0.637570        0.369728             0.328820        24.663612
045      0.4035      -0.558746        0.180953             0.115546         5.165530
045      0.4377      -0.688158        0.526570             0.513235        34.519717
045      0.3888      -0.519842        0.183678             0.108464         4.735678
045      0.4159      -0.601689        0.345211             0.236385        19.220238
045      0.3224      -0.392089        0.095077             0.055062         0.970389
045      0.3662      -0.472701        0.175135             0.092000         3.288895
045      0.5027      -0.873837        0.158500             0.911812         0.359935
045      0.4724      -0.815980        0.288242             0.845343         1.634592
045      0.4606      -0.784563        0.359874             0.804000         2.089499
045      0.5271      -0.904168        0.116873             0.937788         0.160051
045      0.4859      -0.844454        0.216131             0.882252         0.696863
045      0.5848      -0.946054        0.102473             0.968089         0.088864
045      0.4497      -0.745244        0.375154             0.722588         7.458754
045      0.4286      -0.633906        0.312284             0.249748        21.957864
045      0.4392      -0.680247        0.443848             0.418331        47.536901
045      0.4054      -0.562143        0.211294             0.161096        10.057668
045      0.3911      -0.528840        0.189981             0.108612         5.971865
045      0.4175      -0.595111        0.300745             0.167388        14.615976
045      0.3696      -0.480563        0.163856             0.084227         2.672262
045      0.3310      -0.404158        0.115852             0.062627         1.663951
045      0.5055      -0.877225        0.182829             0.915595         0.378822
045      0.4742      -0.817185        0.283322             0.851289         1.427068
045      0.5318      -0.907210        0.109743             0.938874         0.194299
045      0.4622      -0.790252        0.230426             0.818084         1.670898
045      1.0000      -0.942272        0.015418             0.310301        62.635915
045      0.4880      -0.850696        0.234708             0.889333         0.672084
045      0.4512      -0.750499        0.513439             0.746015         5.460126
045      0.4407      -0.689936        0.500937             0.452395        42.595892
045      0.4301      -0.645007        0.468365             0.345768        37.667042
045      0.4072      -0.569146        0.251957             0.165640        11.873878
045      0.3933      -0.532948        0.250252             0.117432         6.127805
045      0.4192      -0.599723        0.326097             0.207881        18.909986
045      0.3728      -0.486528        0.148130             0.083249         3.214414
045      0.3381      -0.416770        0.125035             0.062933         1.140285
045      0.3758      -0.491674        0.145479             0.091072         2.683447
045      0.3442      -0.429343        0.126017             0.066716         1.866898
046      0.4639      -0.791002        0.325769             0.808601         3.120215
046      0.4760      -0.825633        0.248196             0.862287         1.025733
046      0.4422      -0.712420        0.573947             0.633715        18.813332
046      0.4528      -0.761437        0.306406             0.767514         3.188469
046      0.4902      -0.855047        0.209121             0.892968         0.612899
046      0.3787      -0.496664        0.164323             0.100047         3.956238
046      0.4317      -0.664509        0.485196             0.461645        38.542441
046      0.5372      -0.910038        0.148109             0.942353         0.188768
046      0.3955      -0.539773        0.275388             0.136522         6.951982
046      0.5085      -0.880633        0.203410             0.917892         0.345057
046      0.0000      -0.013233        0.000000             0.029301         0.000000
046      0.4208      -0.616030        0.339844             0.299612        24.204687
046      0.4090      -0.575009        0.286331             0.197060        13.030613
046      0.3495      -0.433856        0.086176             0.060832         1.478234
046      0.4655      -0.799499        0.242046             0.831304         1.295136
046      0.4779      -0.828138        0.285606             0.864026         1.020421
046      0.4925      -0.857079        0.222020             0.893204         0.684933
046      0.4437      -0.722240        0.447156             0.678147         9.215446
046      0.4543      -0.764905        0.311056             0.774546         3.373826
046      0.5433      -0.918318        0.107131             0.947665         0.120122
046      0.4332      -0.658800        0.481278             0.372826        47.406095
046      0.3814      -0.499575        0.175675             0.092892         4.187844
046      0.5117      -0.885718        0.195279             0.922382         0.274029
046      0.3976      -0.546578        0.270077             0.138507         7.819537
046      0.2719      -0.311749        0.053058             0.041777         0.617927
046      0.4224      -0.610992        0.342851             0.254008        24.539649
046      0.4107      -0.577958        0.247571             0.225019        13.494664
046      0.3543      -0.450416        0.159760             0.080813         2.413756
046      0.4672      -0.803526        0.414276             0.836068         2.179101
046      0.4949      -0.862684        0.172253             0.901957         0.372029
046      0.5504      -0.923733        0.152070             0.952098         0.175319
046      0.4798      -0.833696        0.292849             0.868497         1.322512
046      0.4452      -0.728318        0.382021             0.682250         6.687742
046      0.4559      -0.770076        0.410297             0.784679         2.832804
046      0.4347      -0.664735        0.511783             0.371541        49.427714
046      0.5151      -0.888110        0.181801             0.924518         0.276300
046      0.3840      -0.506550        0.154539             0.105198         4.535342
046      0.3996      -0.548686        0.202660             0.140274        10.402662
046      0.4239      -0.627193        0.357460             0.314178        34.043132
046      0.2965      -0.344074        0.084839             0.043242         0.622446
046      0.4125      -0.583573        0.324158             0.154140        10.658219
046      0.3586      -0.455955        0.134266             0.074830         2.436413
046      0.5590      -0.930964        0.113213             0.957665         0.123860
046      0.4689      -0.807807        0.283097             0.839225         1.438977
046      0.4974      -0.863847        0.200060             0.901474         0.458631
046      0.4818      -0.836087        0.207409             0.873601         0.647713
046      0.4467      -0.740936        0.380140             0.718006         6.193245
046      0.4574      -0.777968        0.320721             0.795369         2.633606
046      0.5188      -0.893318        0.166188             0.928762         0.287309
046      0.4362      -0.680302        0.504395             0.499291        42.637225
046      0.3865      -0.517353        0.202603             0.112656         7.075080
046      0.4016      -0.550888        0.193584             0.132297         9.352835
046      0.4255      -0.630851        0.370685             0.276692        30.859122
046      0.3115      -0.368941        0.082156             0.053251         0.980248
046      0.4142      -0.593497        0.226623             0.251834        16.485824
046      0.3626      -0.460482        0.114778             0.082316         2.481642
046      0.5698      -0.934197        0.136358             0.958904         0.163704
046      0.5000      -0.865236        0.199126             0.903752         0.409079
046      0.4706      -0.812854        0.348224             0.847533         1.614843
046      0.4838      -0.838327        0.246733             0.878819         0.628765
046      0.4482      -0.745983        0.358642             0.757873         3.189164
046      0.5228      -0.896692        0.177217             0.932070         0.238955
046      0.4590      -0.777155        0.367184             0.783979         6.748354
046      0.4377      -0.702628        0.446649             0.641739         9.238909
046      0.3888      -0.516862        0.142128             0.101181         4.865915
046      0.4035      -0.554745        0.187114             0.137344         8.384430
046      0.4271      -0.636805        0.386576             0.363185        34.318136
046      0.4159      -0.586909        0.276491             0.154008        10.555060
046      0.3224      -0.387240        0.115150             0.051645         0.943519
046      0.3662      -0.470520        0.143834             0.080529         2.524608
046      0.5848      -0.945718        0.111905             0.967741         0.091697
046      0.5027      -0.872401        0.179460             0.906824         0.750929
046      0.4859      -0.843724        0.250073             0.876361         1.396330
046      0.5271      -0.902032        0.118732             0.935123         0.212708
046      0.4724      -0.819149        0.237381             0.857732         0.802847
046      0.4606      -0.786389        0.352462             0.804093         3.846914
046      0.4497      -0.751181        0.378241             0.757146         4.183622
046      0.4392      -0.710992        0.482838             0.659650        14.216088
046      0.3911      -0.523951        0.198980             0.122505         4.549692
046      0.4054      -0.560813        0.186295             0.131673         8.336806
046      0.4286      -0.636304        0.384143             0.311285        22.719839
046      0.4175      -0.600435        0.406692             0.221597        23.248257
046      0.3310      -0.403072        0.111062             0.057987         1.219488
046      0.3696      -0.482448        0.147960             0.077599         2.945229
046      1.0000      -0.998507        0.006881             0.999234         0.001936
046      0.5055      -0.874499        0.208324             0.912684         0.389179
046      0.4880      -0.850473        0.222176             0.889546         0.667533
046      0.4742      -0.818696        0.230923             0.857108         0.903381
046      0.5318      -0.912401        0.177815             0.944622         0.201465
046      0.4512      -0.759386        0.305342             0.763960         3.095356
046      0.4622      -0.784820        0.374389             0.802628         2.993162
046      0.4407      -0.693119        0.557068             0.516919        35.901437
046      0.4301      -0.654934        0.476771             0.435388        26.898816
046      0.4072      -0.564130        0.255205             0.148696        10.830326
046      0.4192      -0.603894        0.293089             0.227817        19.140505
046      0.3933      -0.533403        0.203768             0.118043         6.553266
046      0.3728      -0.483705        0.160765             0.081569         3.205378
046      0.3381      -0.416522        0.119083             0.061749         1.475566
046      0.3758      -0.493535        0.199867             0.091229         3.596795
046      0.3442      -0.429858        0.111975             0.059008         1.355464
047      0.4760      -0.826636        0.250993             0.865523         0.815622
047      0.5372      -0.915473        0.149972             0.946990         0.166768
047      0.3787      -0.496931        0.171407             0.083078         3.669409
047      0.4422      -0.710267        0.464652             0.642091        15.323767
047      0.3955      -0.535618        0.231886             0.117048         5.717425
047      0.4902      -0.852784        0.250742             0.892766         0.607992
047      0.5085      -0.878461        0.195876             0.915509         0.420163
047      0.4528      -0.754196        0.362238             0.741313         6.360785
047      0.4317      -0.654187        0.564170             0.366818        44.437931
047      0.4208      -0.611317        0.273589             0.241240        20.174809
047      0.4639      -0.793354        0.295060             0.819330         2.043768
047      0.4090      -0.574314        0.295861             0.205550        21.541029
047      0.0000      -0.005885        0.000000             0.011317         0.000000
047      0.3495      -0.434703        0.154055             0.064853         2.090121
047      0.4779      -0.824998        0.242872             0.861023         0.832717
047      0.5433      -0.918189        0.134217             0.948031         0.168374
047      0.4437      -0.706664        0.637027             0.564292        40.339308
047      0.5117      -0.884636        0.167660             0.921539         0.284730
047      0.4925      -0.857565        0.234082             0.896867         0.543084
047      0.3976      -0.542282        0.180743             0.127225         5.691417
047      0.3814      -0.503232        0.189583             0.089914         4.008459
047      0.4543      -0.767288        0.332492             0.784047         2.934038
047      0.4332      -0.663124        0.382038             0.377890        43.744334
047      0.4655      -0.797555        0.378001             0.825632         2.152890
047      0.4224      -0.617447        0.301727             0.241766        24.410630
047      0.4107      -0.578588        0.220700             0.130122         9.362224
047      0.2719      -0.309869        0.050325             0.035038         0.526143
047      0.3543      -0.448900        0.095728             0.077112         2.198348
047      0.4798      -0.833517        0.265848             0.873816         0.827902
047      0.5504      -0.923377        0.123426             0.952114         0.127347
047      0.4452      -0.732377        0.518258             0.675962        25.562953
047      0.5151      -0.892005        0.164103             0.926953         0.282322
047      0.4949      -0.862209        0.184002             0.903332         0.389588
047      0.4559      -0.769009        0.338815             0.773472         6.457285
047      0.3840      -0.509751        0.176270             0.115754         5.289856
047      0.3996      -0.549063        0.200070             0.116071         7.052135
047      0.4347      -0.662716        0.519261             0.367714        36.801981
047      0.4672      -0.809027        0.312453             0.838914         1.948115
047      0.4239      -0.627995        0.352115             0.325912        33.950418
047      0.4125      -0.591299        0.279514             0.249760        21.983722
047      0.2965      -0.347134        0.059678             0.050765         1.046562
047      0.3586      -0.458606        0.146973             0.070530         2.314934
047      0.4818      -0.838986        0.240628             0.874667         1.047805
047      0.5590      -0.930195        0.120180             0.956831         0.124485
047      0.4974      -0.867397        0.193692             0.905867         0.470060
047      0.5188      -0.894694        0.165099             0.930113         0.282957
047      0.4467      -0.737347        0.348833             0.713345         6.356630
047      0.4574      -0.777537        0.423250             0.797773         3.418979
047      0.4689      -0.809416        0.322509             0.841648         1.545308
047      0.4016      -0.554477        0.215399             0.126329        10.838695
047      0.4362      -0.678008        0.477309             0.453708        41.178066
047      0.3865      -0.513744        0.164383             0.100570         4.431803
047      0.4255      -0.638877        0.294267             0.394242        23.937909
047      0.4142      -0.593038        0.281977             0.175491        13.776349
047      0.3626      -0.466944        0.143343             0.072730         2.056394
047      0.3115      -0.370874        0.095481             0.046320         0.812711
047      0.4838      -0.842336        0.306632             0.879258         1.029657
047      0.5698      -0.936722        0.110294             0.961766         0.104872
047      0.5000      -0.868076        0.184115             0.907270         0.338965
047      0.5228      -0.897293        0.182709             0.931833         0.273903
047      0.4482      -0.736605        0.301490             0.706962         9.272300
047      0.4590      -0.778941        0.475833             0.770240        11.101204
047      0.4706      -0.809416        0.303695             0.832395         4.938397
047      0.4035      -0.561050        0.170541             0.129651         8.671861
047      0.4377      -0.676614        0.514895             0.479647        27.655246
047      0.3888      -0.521874        0.215361             0.111933         6.021489
047      0.4271      -0.624147        0.328922             0.239158        24.326201
047      0.4159      -0.587180        0.289136             0.182933        17.865432
047      0.3662      -0.472666        0.152173             0.086211         2.974051
047      0.3224      -0.391462        0.101421             0.052449         1.165650
047      0.4859      -0.843278        0.277348             0.882064         0.984190
047      0.5848      -0.945124        0.096566             0.967623         0.075310
047      0.5271      -0.904545        0.123843             0.938914         0.158923
047      0.5027      -0.871426        0.205889             0.910204         0.495050
047      0.4497      -0.747560        0.373932             0.737827         4.781502
047      0.4606      -0.781892        0.401352             0.799357         3.033558
047      0.4724      -0.813608        0.274304             0.847306         1.072942
047      0.4054      -0.564527        0.215554             0.135772         6.768091
047      0.3911      -0.526537        0.197725             0.108864         6.109219
047      0.4392      -0.681141        0.432554             0.415455        47.893753
047      0.4286      -0.640244        0.328570             0.327641        28.663289
047      0.4175      -0.602381        0.389516             0.280380        24.156138
047      0.3696      -0.478606        0.174165             0.079819         3.032351
047      0.3310      -0.404101        0.107968             0.059022         1.536376
047      1.0000      -0.998407        0.006772             0.999176         0.001869
047      0.4880      -0.846627        0.288691             0.883830         1.166577
047      0.5318      -0.910566        0.153935             0.942752         0.201948
047      0.5055      -0.879955        0.161135             0.916913         0.305167
047      0.4512      -0.751028        0.416482             0.739719         4.709814
047      0.4622      -0.789651        0.357438             0.811209         2.886172
047      0.4742      -0.824916        0.311808             0.856895         2.581676
047      0.4072      -0.568828        0.216224             0.161086         9.638625
047      0.3933      -0.528683        0.126523             0.101566         5.063000
047      0.4301      -0.643585        0.370536             0.303323        40.667518
047      0.4407      -0.708828        0.312360             0.645487         9.068427
047      0.4192      -0.605188        0.291583             0.251824        22.831763
047      0.3728      -0.484038        0.160039             0.086818         4.402379
047      0.3381      -0.419783        0.124701             0.054631         1.152137
047      0.3758      -0.491281        0.129844             0.074296         2.508159
047      0.3442      -0.427759        0.118847             0.059937         1.524325
048      0.4902      -0.853142        0.273972             0.891293         0.625384
048      0.3787      -0.493906        0.176262             0.087474         2.994369
048      0.4639      -0.792257        0.313145             0.814809         2.625810
048      0.4208      -0.609436        0.292094             0.250382        20.358068
048      0.4760      -0.826102        0.264276             0.858819         1.780100
048      0.3955      -0.538741        0.191843             0.125035         7.850377
048      0.4090      -0.575182        0.270326             0.158385        10.788278
048      0.0000       0.025174        0.000000             0.008681         0.000000
048      0.4528      -0.762370        0.389650             0.775955         2.684353
048      0.4422      -0.715642        0.443742             0.668958         7.457893
048      0.4317      -0.642795        0.374758             0.250339        29.044024
048      0.3495      -0.436389        0.125673             0.060234         1.806600
048      0.5085      -0.883021        0.172280             0.921519         0.269769
048      0.5372      -0.910217        0.190455             0.942665         0.241624
048      0.4925      -0.855321        0.278000             0.894740         0.600837
048      0.4655      -0.798333        0.303703             0.827873         2.146525
048      0.3814      -0.502917        0.149668             0.081311         2.590161
048      0.4779      -0.826684        0.275312             0.861988         1.094503
048      0.4224      -0.617587        0.279988             0.251050        26.536875
048      0.3976      -0.545625        0.210810             0.163828        10.662819
048      0.5117      -0.881302        0.191932             0.917474         0.456543
048      0.5433      -0.916484        0.122408             0.947075         0.197492
048      0.4543      -0.758420        0.555082             0.744583        11.323896
048      0.4107      -0.581267        0.287137             0.149427        10.570705
048      0.4437      -0.690408        0.537008             0.461450        47.047918
048      0.4332      -0.667656        0.456193             0.472135        33.226348
048      0.2719      -0.307300        0.054533             0.040035         0.640083
048      0.3543      -0.444870        0.061410             0.065061         1.595756
048      0.4949      -0.860773        0.214087             0.899262         0.530345
048      0.4672      -0.801467        0.356279             0.822648         3.078701
048      0.4798      -0.836597        0.283147             0.872092         1.311409
048      0.4239      -0.621806        0.348695             0.259618        30.193643
048      0.3840      -0.511554        0.175524             0.109991         5.783728
048      0.5151      -0.888863        0.152947             0.925851         0.233938
048      0.3996      -0.550069        0.196217             0.140955         9.708566
048      0.5504      -0.922483        0.125189             0.952231         0.110023
048      0.4347      -0.678064        0.612899             0.485573        45.831762
048      0.4452      -0.723498        0.423996             0.673628        10.010953
048      0.4559      -0.770078        0.414230             0.780660         4.464495
048      0.4125      -0.589019        0.249707             0.231641        20.756786
048      0.2965      -0.345295        0.061558             0.040095         0.711566
048      0.3586      -0.459132        0.134518             0.069601         1.790667
048      0.4974      -0.863707        0.171953             0.901901         0.425942
048      0.4689      -0.807066        0.335106             0.840391         1.418657
048      0.5188      -0.894783        0.191431             0.929470         0.355493
048      0.4255      -0.632925        0.410339             0.335069        34.644858
048      0.4818      -0.838099        0.273428             0.874019         1.045940
048      0.5590      -0.928472        0.147449             0.955252         0.184803
048      0.3865      -0.516519        0.177139             0.107422         4.957490
048      0.4016      -0.551840        0.154874             0.132309         7.416474
048      0.4362      -0.672569        0.260403             0.445399        40.313887
048      0.4574      -0.776250        0.309258             0.790859         3.114488
048      0.4467      -0.734800        0.439302             0.682648        24.370465
048      0.4142      -0.586276        0.214420             0.137092        10.627068
048      0.3626      -0.457604        0.138574             0.068038         2.595957
048      0.3115      -0.370347        0.082353             0.046163         0.782732
048      0.5000      -0.866007        0.164978             0.904262         0.499627
048      0.4706      -0.812170        0.296364             0.846641         1.550956
048      0.5228      -0.895938        0.147515             0.930634         0.250963
048      0.4271      -0.637595        0.309115             0.310356        32.669776
048      0.4838      -0.842682        0.255386             0.878958         0.874239
048      0.5698      -0.937604        0.106058             0.962439         0.093533
048      0.3888      -0.520747        0.169501             0.090755         5.318819
048      0.4035      -0.558255        0.178140             0.137630        11.093626
048      0.4482      -0.737431        0.527343             0.697491        20.513389
048      0.4377      -0.675833        0.446752             0.408438        37.659381
048      0.4590      -0.774141        0.406445             0.762483         9.060983
048      0.4159      -0.594601        0.270766             0.198889        21.657060
048      0.3662      -0.469826        0.153288             0.079210         2.491121
048      0.3224      -0.392326        0.103758             0.048082         1.032642
048      0.5027      -0.874097        0.226640             0.911641         0.480983
048      0.4724      -0.818872        0.320852             0.856076         0.990771
048      0.5271      -0.903976        0.201708             0.936858         0.264621
048      0.4859      -0.847708        0.215228             0.885911         0.498704
048      0.4286      -0.652682        0.477004             0.414991        38.091060
048      0.5848      -0.946155        0.117795             0.967951         0.103927
048      0.3911      -0.526076        0.181288             0.103863         5.155164
048      0.4054      -0.565764        0.171888             0.127352         8.153860
048      0.4497      -0.725339        0.713859             0.540061        80.455776
048      0.4606      -0.786545        0.378203             0.800009         3.522549
048      0.4392      -0.696745        0.460336             0.557847        31.003186
048      0.4175      -0.597474        0.283237             0.186285        13.809294
048      0.3696      -0.476328        0.138142             0.078898         2.993490
048      0.3310      -0.405234        0.096017             0.052908         1.020232
048      0.5055      -0.879384        0.179877             0.916858         0.409352
048      0.4742      -0.824878        0.203644             0.863707         0.669562
048      0.5318      -0.908281        0.154966             0.940373         0.199885
048      0.4880      -0.849505        0.160857             0.887917         0.639034
048      1.0000      -0.998542        0.006554             0.999253         0.001789
048      0.4301      -0.664036        0.458327             0.497830        35.446494
048      0.4512      -0.757309        0.410840             0.766345         3.660855
048      0.3933      -0.533247        0.198489             0.143194        10.152443
048      0.4622      -0.792057        0.294109             0.818073         1.612187
048      0.4072      -0.571033        0.282342             0.180807        14.797084
048      0.4407      -0.688594        0.472622             0.447118        44.197501
048      0.4192      -0.600825        0.283074             0.153290        10.690205
048      0.3728      -0.480616        0.152615             0.087830         3.385433
048      0.3381      -0.414714        0.088991             0.059288         1.224439
048      0.3758      -0.492509        0.135798             0.090616         3.658711
048      0.3442      -0.428030        0.125668             0.064418         1.897331
049      0.4902      -0.852611        0.207038             0.892870         0.482197
049      0.4760      -0.822982        0.260047             0.858800         0.870558
049      0.3787      -0.498184        0.160083             0.096660         3.789446
049      0.3955      -0.538259        0.198997             0.111978         7.140112
049      0.4422      -0.715335        0.530358             0.652811        11.264135
049      0.4528      -0.754819        0.439334             0.758051         5.335424
049      0.5372      -0.914086        0.202086             0.944715         0.233133
049      0.4090      -0.572003        0.255778             0.129263         9.888016
049      0.4317      -0.640483        0.387659             0.291262        30.326534
049      0.4639      -0.792012        0.288349             0.816052         1.828812
049      0.5085      -0.882649        0.173164             0.920425         0.314330
049      0.0000      -0.013744        0.000000             0.028738         0.000000
049      0.4208      -0.618767        0.347906             0.279067        29.353518
049      0.3495      -0.437226        0.140261             0.060558         1.817783
049      0.4779      -0.830579        0.202033             0.868388         0.841827
049      0.4925      -0.855893        0.246088             0.894311         0.548726
049      0.3976      -0.541274        0.247559             0.113020         7.109778
049      0.3814      -0.501649        0.168352             0.081883         3.929630
049      0.5433      -0.917968        0.133080             0.949080         0.141318
049      0.4543      -0.765489        0.353654             0.774244         2.871710
049      0.4437      -0.720541        0.542836             0.673011        13.010254
049      0.4655      -0.798609        0.299207             0.825373         1.780621
049      0.4332      -0.646631        0.365223             0.266914        33.530339
049      0.5117      -0.884240        0.176289             0.921508         0.337270
049      0.4107      -0.583432        0.232259             0.171079        14.545201
049      0.4224      -0.616710        0.229576             0.241100        22.369867
049      0.2719      -0.309871        0.065606             0.038284         0.515471
049      0.3543      -0.448122        0.123433             0.065814         1.840260
049      0.4798      -0.832528        0.295397             0.869388         1.090653
049      0.4949      -0.858975        0.209309             0.899159         0.437220
049      0.5504      -0.921641        0.161645             0.951270         0.160336
049      0.4559      -0.770271        0.293863             0.777701         3.513645
049      0.3996      -0.547713        0.263420             0.151337        10.818998
049      0.3840      -0.508097        0.201556             0.100100         4.620919
049      0.4672      -0.800283        0.301820             0.828821         1.444364
049      0.5151      -0.890912        0.218694             0.926531         0.380399
049      0.4452      -0.689596        0.463430             0.347638        66.421934
049      0.4125      -0.584890        0.324281             0.194469        21.425267
049      0.4347      -0.673644        0.530373             0.503357        33.915638
049      0.4239      -0.626181        0.316158             0.329938        24.204913
049      0.2965      -0.346056        0.069534             0.044257         0.673317
049      0.3586      -0.451395        0.141819             0.065964         2.309834
049      0.4818      -0.836793        0.223499             0.877293         0.634032
049      0.4974      -0.863465        0.208933             0.901999         0.597192
049      0.5590      -0.929663        0.109863             0.957010         0.124596
049      0.4574      -0.776993        0.306785             0.800866         2.694163
049      0.5188      -0.890937        0.126330             0.928380         0.177607
049      0.4467      -0.739125        0.426261             0.729904         5.518674
049      0.4689      -0.810337        0.310329             0.845123         1.180629
049      0.4016      -0.554669        0.197784             0.132370         9.842106
049      0.3865      -0.512911        0.200871             0.105123         5.451395
049      0.4142      -0.587564        0.252154             0.150429        15.865641
049      0.4362      -0.682815        0.367543             0.534594        16.896984
049      0.4255      -0.623898        0.351713             0.232828        22.595496
049      0.3115      -0.370845        0.069531             0.056426         1.211198
049      0.3626      -0.465923        0.170125             0.068813         2.267998
049      0.4838      -0.840758        0.179748             0.881566         0.559733
049      0.5000      -0.868955        0.172349             0.908155         0.369735
049      0.5698      -0.938842        0.123128             0.963015         0.107190
049      0.5228      -0.898717        0.156830             0.933186         0.203353
049      0.4590      -0.775743        0.328688             0.792628         3.015319
049      0.4706      -0.816735        0.269823             0.845639         1.653861
049      0.4482      -0.738342        0.634729             0.670829        42.931302
049      0.4035      -0.558642        0.236490             0.115077         9.703633
049      0.3888      -0.522416        0.177953             0.099100         5.307794
049      0.4377      -0.677818        0.501717             0.505706        21.917369
049      0.4159      -0.594919        0.264115             0.182166        15.554071
049      0.4271      -0.634877        0.510620             0.336468        34.586652
049      0.3662      -0.470696        0.156075             0.078592         3.210639
049      0.3224      -0.390596        0.090779             0.049446         1.137419
049      0.4859      -0.838842        0.228194             0.872303         1.086480
049      0.5027      -0.872337        0.194128             0.909454         0.384340
049      0.5848      -0.946114        0.081060             0.968313         0.071468
049      0.5271      -0.901658        0.134225             0.935352         0.176361
049      0.4606      -0.786172        0.303223             0.813553         1.907840
049      0.4724      -0.814910        0.295616             0.849679         1.547828
049      0.4054      -0.560741        0.254220             0.142524        11.084551
049      0.4392      -0.707805        0.564169             0.652795        14.839362
049      0.4497      -0.747938        0.363106             0.743640         4.340459
049      0.4175      -0.599425        0.283051             0.157268        16.369084
049      0.3911      -0.528380        0.178601             0.110446         8.343936
049      0.4286      -0.640891        0.524056             0.323140        38.062955
049      0.3310      -0.402724        0.133332             0.050804         1.422360
049      0.3696      -0.482182        0.167215             0.081608         3.293843
049      0.5055      -0.877559        0.133666             0.916002         0.259681
049      0.4880      -0.847255        0.229876             0.882890         1.026747
049      1.0000      -0.998709        0.006777             0.999342         0.001827
049      0.4622      -0.786256        0.529058             0.771870        15.085620
049      0.5318      -0.907888        0.170420             0.940733         0.227550
049      0.4742      -0.820825        0.254421             0.853411         1.734643
049      0.4407      -0.684107        0.442909             0.445664        34.635220
049      0.4512      -0.741608        0.393912             0.707630         9.010420
049      0.4072      -0.567539        0.208063             0.118850         7.078081
049      0.4192      -0.603440        0.413811             0.206372        29.730617
049      0.4301      -0.636243        0.343748             0.244257        34.584880
049      0.3933      -0.532861        0.204720             0.106572         5.996491
049      0.3728      -0.481075        0.163046             0.079375         3.655963
049      0.3381      -0.415552        0.105990             0.062199         1.861563
049      0.3758      -0.494319        0.177690             0.095602         4.239165
049      0.3442      -0.428288        0.124694             0.064956         1.959674
050      0.4760      -0.822912        0.281706             0.857552         1.312734
050      0.4902      -0.852616        0.244137             0.892784         0.524571
050      0.4528      -0.760920        0.362640             0.761944         4.231617
050      0.3955      -0.537264        0.179126             0.107008         5.463757
050      0.5372      -0.910832        0.139622             0.942888         0.178516
050      0.4639      -0.792024        0.322634             0.813512         3.566830
050      0.4090      -0.576768        0.197948             0.148096        11.523129
050      0.4422      -0.707408        0.562881             0.616640        15.534776
050      0.5085      -0.878296        0.162782             0.915776         0.304737
050      0.4317      -0.646872        0.329799             0.270032        35.297532
050      0.0000       0.015200        0.000000             0.019200         0.000000
050      0.3787      -0.495520        0.136865             0.084576         3.161826
050      0.3495      -0.438448        0.142379             0.062064         1.755743
050      0.4208      -0.610456        0.279655             0.227192        26.868563
050      0.4779      -0.830136        0.190343             0.866560         0.832851
050      0.4925      -0.856040        0.205788             0.896088         0.443377
050      0.4543      -0.758648        0.447727             0.746072         6.924626
050      0.3976      -0.544088        0.205627             0.131296        10.300074
050      0.4655      -0.803840        0.393532             0.837128         1.626473
050      0.5433      -0.919112        0.131650             0.949056         0.156763
050      0.5117      -0.887344        0.171279             0.923904         0.266326
050      0.4107      -0.580096        0.260947             0.184944        17.988145
050      0.4437      -0.727752        0.392707             0.683992        16.325927
050      0.4332      -0.655680        0.298735             0.381816        28.140338
050      0.3814      -0.503168        0.195958             0.088232         3.953049
050      0.2719      -0.308808        0.051756             0.039544         0.490627
050      0.4224      -0.612336        0.478480             0.228624        24.674810
050      0.3543      -0.446520        0.151122             0.062064         1.724528
050      0.4798      -0.831608        0.259649             0.868144         1.101348
050      0.4949      -0.856848        0.205908             0.894888         0.579718
050      0.4559      -0.771280        0.364880             0.786256         3.644090
050      0.4672      -0.801616        0.279828             0.829088         1.880471
050      0.5504      -0.923152        0.140023             0.951584         0.168646
050      0.5151      -0.888488        0.176513             0.924592         0.258997
050      0.3996      -0.544784        0.217664             0.137248         9.828073
050      0.4125      -0.585344        0.311267             0.184744        20.715878
050      0.4452      -0.733488        0.376460             0.716656         5.710955
050      0.4347      -0.683592        0.442030             0.578040        22.357022
050      0.3840      -0.508400        0.166714             0.087256         4.036949
050      0.4239      -0.619536        0.422276             0.295808        35.241540
050      0.2965      -0.349168        0.070682             0.037304         0.619011
050      0.3586      -0.453640        0.142266             0.067264         2.475275
050      0.4818      -0.835160        0.214364             0.868736         1.183266
050      0.4974      -0.866424        0.211905             0.905504         0.474297
050      0.4574      -0.774912        0.295647             0.785896         4.262151
050      0.5590      -0.929216        0.099222             0.955960         0.105686
050      0.5188      -0.894568        0.171316             0.928744         0.273105
050      0.4689      -0.806856        0.266810             0.836520         1.591758
050      0.4016      -0.557888        0.218200             0.183368        11.598992
050      0.4142      -0.586824        0.284272             0.186712        20.764090
050      0.4467      -0.728280        0.383970             0.690816         8.609934
050      0.4362      -0.669544        0.477005             0.387320        40.595117
050      0.3865      -0.518184        0.216308             0.092592         4.597057
050      0.4255      -0.626800        0.332448             0.283640        29.255968
050      0.3115      -0.372240        0.077063             0.043216         0.954753
050      0.3626      -0.465400        0.153511             0.071504         2.329194
050      0.4838      -0.840376        0.287633             0.877160         1.056958
050      0.5000      -0.866504        0.158954             0.903936         0.313416
050      0.5228      -0.897656        0.144650             0.932640         0.260721
050      0.5698      -0.937320        0.094291             0.962040         0.092527
050      0.4590      -0.778088        0.418956             0.793544         2.981711
050      0.4706      -0.814816        0.242392             0.849416         1.265356
050      0.4035      -0.557864        0.210590             0.116224         7.274396
050      0.4482      -0.725848        0.721148             0.612936        41.536308
050      0.4159      -0.594040        0.238181             0.173464        11.595555
050      0.4377      -0.679376        0.437507             0.466104        44.008506
050      0.4271      -0.626424        0.293641             0.225944        23.364458
050      0.3888      -0.513096        0.206062             0.080168         4.003029
050      0.3224      -0.382784        0.090999             0.043728         1.303623
050      0.3662      -0.471560        0.154378             0.073728         3.084650
050      0.4859      -0.842152        0.241511             0.880352         0.790675
050      0.5027      -0.873336        0.159703             0.911872         0.382171
050      0.5848      -0.945320        0.101152             0.967616         0.087685
050      0.5271      -0.902024        0.141442             0.935672         0.250442
050      0.4724      -0.816176        0.260977             0.845480         1.829157
050      0.4606      -0.788632        0.355737             0.821168         1.751973
050      0.4054      -0.565800        0.196727             0.124400        11.706014
050      0.4497      -0.750296        0.391889             0.750800         4.703745
050      0.4175      -0.595880        0.294947             0.157216        15.738305
050      0.4392      -0.696048        0.414111             0.607728        10.491833
050      0.4286      -0.633296        0.370240             0.304944        27.447380
050      0.3911      -0.522600        0.161772             0.098672         4.351767
050      0.3310      -0.403384        0.134668             0.043648         0.895794
050      0.3696      -0.481608        0.138524             0.083232         3.577894
050      0.4880      -0.846040        0.283898             0.882856         0.958296
050      0.5055      -0.876080        0.165809             0.914144         0.287653
050      1.0000      -0.998544        0.006024             0.999248         0.001740
050      0.4742      -0.818896        0.309637             0.849408         1.282787
050      0.5318      -0.907096        0.194506             0.939896         0.225816
050      0.4622      -0.788696        0.423109             0.809616         2.822786
050      0.4072      -0.569360        0.289716             0.136976         9.152214
050      0.4512      -0.749336        0.464873             0.740640         5.752848
050      0.4192      -0.601328        0.298651             0.189400        17.905233
050      0.4301      -0.639488        0.468181             0.322472        42.429489
050      0.4407      -0.706320        0.530456             0.639824        13.944713
050      0.3933      -0.538504        0.194571             0.118808         6.380962
050      0.3381      -0.416792        0.101068             0.056728         1.306510
050      0.3728      -0.485016        0.161879             0.080312         3.514472
050      0.3442      -0.425376        0.119426             0.064544         2.072056
050      0.3758      -0.494592        0.157010             0.101304         4.249802
051      0.4528      -0.760615        0.298540             0.759592         3.693030
051      0.4639      -0.795133        0.354269             0.823760         2.456249
051      0.4760      -0.821261        0.256623             0.858670         1.047867
051      0.4422      -0.708458        0.449623             0.630665        17.793675
051      0.4902      -0.851165        0.269866             0.890534         0.759570
051      0.5372      -0.910942        0.145075             0.943260         0.177900
051      0.3955      -0.535402        0.219564             0.113941         8.708122
051      0.4317      -0.666113        0.570408             0.490281        30.347766
051      0.3787      -0.493810        0.157042             0.088420         4.418835
051      0.4208      -0.612388        0.320115             0.266951        35.578295
051      0.5085      -0.878155        0.153936             0.914095         0.332765
051      0.4090      -0.573149        0.296796             0.131449         9.970918
051      0.0000       0.002691        0.000000             0.014225         0.000000
051      0.3495      -0.439577        0.184098             0.058770         2.190602
051      0.4543      -0.763491        0.497834             0.760992         7.039280
051      0.5433      -0.917709        0.141146             0.947336         0.181980
051      0.4779      -0.827043        0.236602             0.864483         0.888676
051      0.4655      -0.802222        0.310626             0.832849         1.508223
051      0.5117      -0.884583        0.204673             0.921253         0.354663
051      0.4925      -0.858178        0.241646             0.893487         0.851657
051      0.4332      -0.666797        0.606281             0.451580        39.513905
051      0.4437      -0.712887        0.471570             0.628374        17.047829
051      0.3814      -0.500231        0.204002             0.090242         4.432112
051      0.4224      -0.618147        0.257409             0.199892        21.360144
051      0.3976      -0.544837        0.222132             0.113802         7.285570
051      0.4107      -0.579877        0.264806             0.187928        21.023146
051      0.2719      -0.306943        0.052975             0.035148         0.397126
051      0.3543      -0.449066        0.110112             0.061092         2.257171
051      0.4559      -0.761007        0.397101             0.747536         7.694063
051      0.5504      -0.923283        0.102276             0.952341         0.130300
051      0.4798      -0.834087        0.274918             0.873072         0.915711
051      0.4672      -0.802168        0.319183             0.835463         1.217047
051      0.5151      -0.887282        0.176545             0.923206         0.408694
051      0.4949      -0.861138        0.181036             0.901077         0.453996
051      0.4452      -0.726144        0.439007             0.689550        11.779072
051      0.4347      -0.660123        0.509921             0.358724        50.739450
051      0.3840      -0.507966        0.182510             0.096655         5.055371
051      0.3996      -0.546813        0.214255             0.095317         4.714569
051      0.4239      -0.617724        0.304682             0.251396        22.479221
051      0.4125      -0.587082        0.231965             0.201769        21.301749
051      0.3586      -0.452587        0.117409             0.067735         2.104250
051      0.2965      -0.343960        0.053089             0.034448         0.850685
051      0.4574      -0.776201        0.354541             0.796278         2.111009
051      0.5590      -0.929073        0.103277             0.956263         0.103039
051      0.5188      -0.893687        0.159590             0.929796         0.280394
051      0.4689      -0.802484        0.358570             0.830804         1.956887
051      0.4818      -0.831442        0.258286             0.866859         0.832039
051      0.4974      -0.863145        0.172959             0.902222         0.425908
051      0.4467      -0.728082        0.339170             0.690780         5.968130
051      0.4362      -0.681992        0.547338             0.464091        49.357491
051      0.4255      -0.622668        0.232351             0.206905        22.744177
051      0.3865      -0.514010        0.165645             0.098316         4.963228
051      0.4016      -0.554125        0.217604             0.133010         9.225380
051      0.4142      -0.593933        0.341436             0.204606        20.811590
051      0.3626      -0.461599        0.180087             0.075263         2.999827
051      0.3115      -0.368166        0.074987             0.050119         1.084642
051      0.4590      -0.780477        0.253424             0.800507         1.710090
051      0.4838      -0.837455        0.306552             0.874802         0.922783
051      0.5698      -0.938931        0.087026             0.962791         0.098450
051      0.4706      -0.809250        0.272600             0.838562         1.548164
051      0.5228      -0.898085        0.195153             0.932303         0.312570
051      0.5000      -0.867190        0.244402             0.905390         0.515654
051      0.4482      -0.729727        0.605758             0.653364        17.800058
051      0.4377      -0.682522        0.499526             0.501276        38.539305
051      0.3888      -0.519785        0.183887             0.103191         6.011977
051      0.4035      -0.558401        0.260275             0.136732        11.394253
051      0.4271      -0.626474        0.227390             0.188835        19.595166
051      0.4159      -0.595240        0.277895             0.187466        14.034217
051      0.3662      -0.468097        0.167758             0.068766         2.833956
051      0.3224      -0.388312        0.092410             0.040615         1.030656
051      0.5848      -0.945898        0.112113             0.968051         0.082733
051      0.4859      -0.843775        0.214077             0.881869         0.823182
051      0.4606      -0.791957        0.270857             0.819377         1.923236
051      0.5271      -0.901999        0.134991             0.936694         0.155975
051      0.5027      -0.873526        0.222959             0.912818         0.417963
051      0.4724      -0.815071        0.280390             0.845067         1.379851
051      0.4497      -0.749673        0.314617             0.754425         3.356527
051      0.4392      -0.677916        0.477216             0.440792        30.308059
051      0.3911      -0.527290        0.181026             0.100631         6.014215
051      0.4054      -0.562053        0.246267             0.120561         7.647046
051      0.4286      -0.642707        0.294825             0.369343        34.563823
051      0.4175      -0.601561        0.351982             0.160469        16.147258
051      0.3696      -0.479177        0.143798             0.080546         3.304784
051      0.3310      -0.405682        0.115275             0.052072         1.186739
051      1.0000      -0.998677        0.005843             0.999331         0.001574
051      0.4880      -0.849081        0.250746             0.884890         0.933126
051      0.4622      -0.788835        0.357476             0.812526         2.206815
051      0.5055      -0.875840        0.225730             0.914394         0.399714
051      0.5318      -0.908035        0.140810             0.940607         0.199210
051      0.4742      -0.820069        0.242218             0.854702         0.921137
051      0.4512      -0.751826        0.444337             0.745859         6.032172
051      0.4407      -0.704306        0.356870             0.618693        14.704311
051      0.4301      -0.654779        0.362239             0.445021        28.771795
051      0.4072      -0.567159        0.227623             0.126851         8.833128
051      0.4192      -0.611872        0.298679             0.285083        23.882853
051      0.3933      -0.536640        0.213191             0.106028         6.574017
051      0.3728      -0.484314        0.138450             0.075755         2.926483
051      0.3381      -0.413218        0.114098             0.057747         1.535972
051      0.3758      -0.491334        0.137569             0.093256         2.994784
051      0.3442      -0.427482        0.074534             0.061561         1.961158
052      0.4902      -0.852567        0.282123             0.890895         0.794850
052      0.4639      -0.789445        0.286627             0.810888         1.965094
052      0.4760      -0.827330        0.222171             0.865481         0.755909
052      0.3787      -0.495348        0.189005             0.077899         2.971279
052      0.3955      -0.538277        0.224322             0.090725         5.550800
052      0.5372      -0.913107        0.156678             0.944445         0.237516
052      0.4422      -0.697618        0.590082             0.541967        45.244157
052      0.5085      -0.879460        0.185216             0.915969         0.373931
052      0.4208      -0.609430        0.334219             0.239948        27.007400
052      0.4528      -0.755096        0.354092             0.757441         3.792506
052      0.0000      -0.005178        0.000000             0.011095         0.000000
052      0.4090      -0.573491        0.281647             0.136013         9.787100
052      0.4317      -0.666383        0.526511             0.508010        36.489805
052      0.3495      -0.435991        0.116715             0.063676         2.262741
052      0.4925      -0.857611        0.217725             0.897655         0.481768
052      0.4655      -0.799068        0.350937             0.823683         3.434748
052      0.4779      -0.825370        0.225059             0.857485         1.301328
052      0.5117      -0.883306        0.186682             0.921206         0.353623
052      0.5433      -0.913846        0.097783             0.945259         0.158991
052      0.4437      -0.700325        0.633341             0.489120        72.835170
052      0.3814      -0.501006        0.245785             0.102189         3.846878
052      0.3976      -0.542478        0.191434             0.096324         5.805311
052      0.4332      -0.652922        0.378780             0.340303        36.815019
052      0.4224      -0.610754        0.246808             0.208395        21.712886
052      0.4543      -0.764112        0.431311             0.769541         5.773831
052      0.2719      -0.310754        0.048843             0.036117         0.458446
052      0.4107      -0.578868        0.270884             0.156598        16.983846
052      0.3543      -0.445385        0.129609             0.056879         1.721664
052      0.4949      -0.855599        0.235113             0.895806         0.592211
052      0.4798      -0.830643        0.255856             0.864349         1.511348
052      0.4452      -0.727700        0.470940             0.699985         9.118695
052      0.5504      -0.921546        0.147932             0.951124         0.153525
052      0.5151      -0.889112        0.179245             0.925422         0.322918
052      0.4347      -0.661642        0.373592             0.277485        50.926603
052      0.3840      -0.511206        0.220015             0.087071         4.716758
052      0.3996      -0.548210        0.200777             0.110444         7.970566
052      0.4239      -0.615865        0.279423             0.206657        21.613531
052      0.4672      -0.798957        0.389423             0.823846         2.455843
052      0.4559      -0.770725        0.325040             0.775525         3.451901
052      0.4125      -0.580880        0.249886             0.147249        10.782486
052      0.3586      -0.453565        0.172940             0.064423         2.818661
052      0.2965      -0.346760        0.060036             0.039852         0.842056
052      0.4974      -0.865525        0.233766             0.904186         0.446989
052      0.4818      -0.834615        0.328357             0.874357         0.881280
052      0.4467      -0.738743        0.430434             0.724253         5.795628
052      0.5188      -0.890481        0.138862             0.926339         0.231366
052      0.5590      -0.928306        0.134631             0.955851         0.154347
052      0.4362      -0.655888        0.375277             0.314246        43.224356
052      0.3865      -0.513099        0.234149             0.096590         5.755219
052      0.4016      -0.553462        0.258535             0.117138         8.236644
052      0.4255      -0.629416        0.377611             0.245754        32.854204
052      0.4689      -0.810274        0.296394             0.845962         1.494219
052      0.4574      -0.776250        0.284485             0.794904         3.367573
052      0.4142      -0.590170        0.239163             0.174342        16.384460
052      0.3626      -0.464186        0.151209             0.064564         1.973724
052      0.3115      -0.372308        0.070901             0.043114         0.788697
052      0.4838      -0.839053        0.267028             0.880355         0.680441
052      0.5000      -0.865037        0.174458             0.904970         0.349220
052      0.4482      -0.723425        0.787464             0.620666        33.533403
052      0.5698      -0.934327        0.127615             0.960178         0.112544
052      0.5228      -0.898476        0.146088             0.932951         0.243728
052      0.4377      -0.683646        0.343331             0.442663        40.217290
052      0.3888      -0.519497        0.171885             0.098210         6.303123
052      0.4035      -0.554837        0.236906             0.142522        10.496073
052      0.4706      -0.809327        0.302077             0.836679         1.536312
052      0.4271      -0.628757        0.288832             0.240917        33.729204
052      0.4590      -0.778698        0.312373             0.791050         3.998435
052      0.4159      -0.590836        0.291533             0.170451        18.866089
052      0.3662      -0.473683        0.150423             0.071605         3.141612
052      0.3224      -0.386864        0.090419             0.055710         1.285999
052      0.5027      -0.873624        0.216350             0.910362         0.454229
052      0.4859      -0.845296        0.262800             0.881908         1.150620
052      0.4497      -0.753254        0.446940             0.755658         6.156916
052      0.5848      -0.944615        0.086211             0.966746         0.079661
052      0.5271      -0.902500        0.157147             0.935865         0.264219
052      0.4392      -0.696805        0.571922             0.580126        30.515067
052      0.4054      -0.559830        0.213246             0.124512         9.612311
052      0.3911      -0.531435        0.199886             0.111095         7.516284
052      0.4724      -0.814978        0.283500             0.843328         1.654765
052      0.4286      -0.642478        0.440851             0.326768        50.165721
052      0.4606      -0.786820        0.353843             0.811398         2.012884
052      0.4175      -0.593617        0.261400             0.120762         7.642470
052      0.3696      -0.476930        0.129842             0.075074         4.366048
052      0.3310      -0.401243        0.087835             0.052641         1.056584
052      0.5055      -0.874778        0.159028             0.913846         0.293562
052      0.4880      -0.849283        0.247792             0.888558         0.514280
052      1.0000      -0.998565        0.006300             0.999275         0.001613
052      0.4512      -0.743654        0.604286             0.681783        25.241704
052      0.5318      -0.908158        0.150021             0.940888         0.187482
052      0.4072      -0.568062        0.248156             0.156990        12.114182
052      0.4407      -0.711154        0.500413             0.651842         9.964330
052      0.3933      -0.533513        0.218542             0.102167         7.052810
052      0.4742      -0.822670        0.275522             0.859179         1.028198
052      0.4301      -0.640999        0.419336             0.323706        34.402110
052      0.4622      -0.786598        0.390332             0.811095         2.586080
052      0.4192      -0.599046        0.331285             0.147707        11.738873
052      0.3728      -0.484497        0.202712             0.063425         2.815303
052      0.3381      -0.416516        0.088128             0.050740         1.467189
052      0.3758      -0.493979        0.141416             0.082685         3.939926
052      0.3442      -0.428328        0.129000             0.053018         1.389354
053      0.4639      -0.790117        0.356381             0.801951         5.303411
053      0.4902      -0.852460        0.211437             0.891406         0.604716
053      0.3787      -0.497949        0.201678             0.086009         3.675456
053      0.4760      -0.825141        0.226478             0.860862         0.954474
053      0.5372      -0.913087        0.139039             0.944721         0.183908
053      0.4090      -0.573179        0.236214             0.143062        10.124734
053      0.3955      -0.539082        0.183729             0.113912         8.604324
053      0.4422      -0.697586        0.480859             0.521481        41.340108
053      0.4528      -0.757900        0.398823             0.766088         3.651585
053      0.0000       0.008900        0.000000             0.002492         0.000000
053      0.5085      -0.877764        0.188049             0.915265         0.381336
053      0.3495      -0.436312        0.122541             0.059672         1.775524
053      0.4208      -0.602335        0.334063             0.198690        17.980900
053      0.4317      -0.665603        0.386785             0.461068        24.807908
053      0.4655      -0.802293        0.400417             0.834375         1.854612
053      0.4925      -0.858925        0.208334             0.897586         0.544566
053      0.5433      -0.919345        0.122103             0.948758         0.142357
053      0.4779      -0.831356        0.292009             0.868993         1.025845
053      0.4437      -0.723268        0.455001             0.678320         8.279927
053      0.4543      -0.761979        0.264857             0.761410         3.899369
053      0.3814      -0.506337        0.173722             0.083539         3.618108
053      0.4107      -0.578213        0.279873             0.156554        15.963590
053      0.3976      -0.542520        0.241917             0.134525         9.064141
053      0.5117      -0.882307        0.204418             0.920242         0.364511
053      0.2719      -0.305902        0.051494             0.034767         0.620885
053      0.4224      -0.617052        0.306385             0.186686        18.577292
053      0.3543      -0.450587        0.110766             0.067996         2.950618
053      0.4332      -0.656248        0.396624             0.323994        41.183918
053      0.4672      -0.796112        0.427137             0.813072         4.451040
053      0.5504      -0.923510        0.137269             0.952310         0.174407
053      0.4949      -0.858519        0.210614             0.896732         0.552253
053      0.4798      -0.829384        0.281151             0.867818         1.032772
053      0.4559      -0.763624        0.416190             0.765760         4.741948
053      0.4452      -0.697458        0.590508             0.471250        50.898428
053      0.3840      -0.508914        0.206224             0.093272         5.939747
053      0.4125      -0.580064        0.249300             0.108601         7.501951
053      0.5151      -0.888117        0.178815             0.923702         0.271616
053      0.3996      -0.543916        0.185839             0.107576         7.576725
053      0.4239      -0.619046        0.224264             0.202392        24.418812
053      0.4347      -0.671769        0.514330             0.521595        24.451530
053      0.2965      -0.347091        0.079084             0.042342         0.772551
053      0.3586      -0.453272        0.105719             0.071734         2.776891
053      0.4689      -0.806963        0.229131             0.837081         1.557482
053      0.4974      -0.863190        0.238925             0.901282         0.559043
053      0.4818      -0.836476        0.241770             0.875158         0.875179
053      0.5590      -0.929484        0.110684             0.957095         0.113971
053      0.4574      -0.776383        0.342776             0.786693         3.184752
053      0.4467      -0.726408        0.471888             0.647860        19.644444
053      0.5188      -0.893471        0.137105             0.929413         0.198136
053      0.3865      -0.518896        0.135303             0.089306         4.686195
053      0.4142      -0.592403        0.276285             0.162115        20.849842
053      0.4016      -0.558434        0.254485             0.133677        10.400275
053      0.4255      -0.629783        0.277897             0.277081        31.194375
053      0.4362      -0.675244        0.552490             0.442414        65.817998
053      0.3626      -0.463902        0.171044             0.060477         2.105388
053      0.3115      -0.369598        0.088105             0.045240         0.808869
053      0.5000      -0.866636        0.221757             0.905077         0.570111
053      0.4706      -0.809911        0.324298             0.842236         1.609892
053      0.4838      -0.844642        0.182722             0.883218         0.575700
053      0.5698      -0.935287        0.115395             0.960028         0.127440
053      0.4482      -0.743959        0.424883             0.728352         5.715475
053      0.5228      -0.897850        0.225056             0.931826         0.342998
053      0.4590      -0.778256        0.369496             0.797373         2.870647
053      0.3888      -0.523218        0.221261             0.095265         5.750310
053      0.4035      -0.558384        0.236323             0.118612         9.797183
053      0.4159      -0.594261        0.258925             0.194333        18.118263
053      0.4271      -0.631399        0.364061             0.225611        25.309731
053      0.3662      -0.472282        0.128429             0.066038         2.460636
053      0.4377      -0.679943        0.454195             0.451136        36.506475
053      0.3224      -0.390281        0.083285             0.042286         1.012212
053      0.5027      -0.853677        0.690790             0.787469        76.366253
053      0.4859      -0.839658        0.278963             0.879238         0.814983
053      0.4724      -0.814098        0.349129             0.848651         1.440760
053      0.5848      -0.931570        0.729672             0.846173        97.668040
053      0.5271      -0.900399        0.208874             0.933628         0.286871
053      0.4606      -0.780164        0.384795             0.793457         3.764753
053      0.4497      -0.740384        0.336335             0.700876        12.410674
053      0.4054      -0.560178        0.263707             0.126472         7.581829
053      0.3911      -0.526273        0.180685             0.091499         5.725906
053      0.4175      -0.597935        0.241686             0.183190        16.139904
053      0.4286      -0.637266        0.386612             0.254425        29.261579
053      0.4392      -0.688245        0.421911             0.489413        40.156377
053      0.3696      -0.476063        0.170644             0.071890         3.065730
053      0.3310      -0.402976        0.111880             0.054518         1.563987
053      0.5055      -0.878818        0.195860             0.915408         0.362548
053      0.4742      -0.818882        0.347389             0.854041         1.161508
053      0.4880      -0.848302        0.244888             0.886693         0.648843
053      1.0000      -0.950182        0.018712             0.351762        72.883779
053      0.5318      -0.907647        0.146059             0.941089         0.185308
053      0.4622      -0.786963        0.373515             0.812937         2.105969
053      0.4512      -0.744422        0.504765             0.703859        12.907651
053      0.3933      -0.531399        0.184734             0.106657         7.953745
053      0.4192      -0.600819        0.222873             0.178661        17.745104
053      0.4072      -0.569854        0.330863             0.170246        17.014327
053      0.4407      -0.705504        0.467971             0.631506        18.128148
053      0.4301      -0.642570        0.445032             0.267369        41.031142
053      0.3728      -0.487932        0.146704             0.077230         3.491558
053      0.3381      -0.416098        0.109401             0.053884         1.547267
053      0.3758      -0.494340        0.144883             0.081495         4.898211
053      0.3442      -0.427433        0.117228             0.058199         1.653844
054      0.4760      -0.825316        0.254944             0.862394         0.827750
054      0.4528      -0.766180        0.354601             0.778505         3.847572
054      0.4639      -0.792257        0.262860             0.810000         2.218113
054      0.3955      -0.541598        0.217107             0.119451         7.498650
054      0.4902      -0.848210        0.239991             0.886283         0.802022
054      0.4422      -0.714211        0.443086             0.653848        12.545876
054      0.5372      -0.912483        0.152384             0.944273         0.210593
054      0.0000      -0.021262        0.000000             0.008916         0.000000
054      0.3787      -0.500329        0.173679             0.072785         3.889217
054      0.4317      -0.658148        0.499457             0.315528        65.540627
054      0.5085      -0.880322        0.190197             0.917942         0.351532
054      0.4208      -0.612257        0.350858             0.202483        25.319358
054      0.4090      -0.573601        0.220520             0.120953         9.576728
054      0.3495      -0.438416        0.118243             0.063957         1.667335
054      0.4543      -0.764060        0.409885             0.766831         4.521206
054      0.4655      -0.794794        0.237481             0.810645         3.408617
054      0.4779      -0.827682        0.325452             0.862538         1.189068
054      0.4925      -0.855967        0.216958             0.894479         0.666938
054      0.5433      -0.902942        0.751718             0.808560       109.189234
054      0.3976      -0.542833        0.194389             0.083505         3.805147
054      0.4437      -0.710329        0.831654             0.582682        58.903856
054      0.3814      -0.502531        0.182832             0.087757         5.200365
054      0.4332      -0.650117        0.333823             0.227874        33.730423
054      0.2719      -0.308553        0.054161             0.038299         0.570295
054      0.5117      -0.885466        0.204609             0.922058         0.358347
054      0.4224      -0.620055        0.328168             0.247421        21.589617
054      0.4107      -0.582140        0.276140             0.155871        18.967295
054      0.3543      -0.445981        0.141198             0.068553         2.278377
054      0.4798      -0.830583        0.287185             0.867257         1.113575
054      0.4672      -0.798512        0.361203             0.826324         2.338909
054      0.4949      -0.859863        0.224169             0.897929         0.731026
054      0.4559      -0.769561        0.503698             0.776605         5.088365
054      0.5504      -0.924417        0.147156             0.952874         0.161942
054      0.3996      -0.549122        0.231266             0.119835        11.409854
054      0.4452      -0.718395        0.574488             0.578052        64.495902
054      0.5151      -0.889273        0.176698             0.924911         0.300018
054      0.3840      -0.509547        0.150417             0.074760         2.954604
054      0.4347      -0.678292        0.599346             0.514870        39.219024
054      0.4239      -0.629005        0.301278             0.297867        35.440927
054      0.2965      -0.347339        0.070401             0.038587         0.690157
054      0.4125      -0.587353        0.309563             0.194252        25.571833
054      0.3586      -0.455103        0.112433             0.061742         2.807805
054      0.4818      -0.839671        0.257580             0.875027         0.989488
054      0.4689      -0.810658        0.312787             0.840974         1.447806
054      0.4974      -0.863285        0.225398             0.901550         0.535691
054      0.5590      -0.931529        0.110494             0.958285         0.104674
054      0.4574      -0.771989        0.364827             0.786578         3.510238
054      0.4467      -0.737092        0.558581             0.689287        19.886363
054      0.4016      -0.551454        0.222683             0.113861         7.684222
054      0.5188      -0.894053        0.143416             0.928690         0.243160
054      0.4362      -0.680789        0.423607             0.525782        30.228635
054      0.3865      -0.515117        0.250033             0.086715         4.678632
054      0.4255      -0.631303        0.341648             0.282531        28.830041
054      0.3115      -0.369684        0.075438             0.038724         0.855535
054      0.4142      -0.591962        0.298223             0.190988        16.382079
054      0.3626      -0.460933        0.125700             0.058916         2.771846
054      0.4838      -0.839266        0.259234             0.876193         0.930158
054      0.5000      -0.870316        0.203007             0.908676         0.389642
054      0.4706      -0.810933        0.282515             0.842627         1.438334
054      0.5698      -0.935398        0.108568             0.960898         0.097031
054      0.4590      -0.776831        0.463060             0.793951         2.667864
054      0.4482      -0.739534        0.514968             0.700000        11.779854
054      0.5228      -0.896996        0.190777             0.931818         0.292280
054      0.4035      -0.557380        0.205947             0.109088         8.019789
054      0.4377      -0.676797        0.627811             0.403539        72.718410
054      0.3888      -0.522305        0.158232             0.094863         6.144443
054      0.4159      -0.596920        0.266973             0.175014        22.741550
054      0.4271      -0.633717        0.304367             0.258772        35.376010
054      0.3224      -0.386626        0.092604             0.038772         0.857142
054      0.3662      -0.470240        0.118269             0.063923         3.112797
054      0.4859      -0.843052        0.269054             0.882126         0.716059
054      0.5027      -0.870137        0.204502             0.908032         0.416739
054      0.4724      -0.818272        0.254111             0.853759         1.026891
054      0.5848      -0.944582        0.095637             0.967099         0.075791
054      0.4606      -0.789266        0.252298             0.814355         1.588252
054      0.5271      -0.899218        0.167489             0.933752         0.272174
054      0.4497      -0.749575        0.418517             0.735460         6.227108
054      0.4392      -0.686365        0.506659             0.441036        81.363274
054      0.4054      -0.564787        0.202148             0.137366        11.879274
054      0.3911      -0.526413        0.179936             0.117956         8.300794
054      0.4175      -0.601104        0.250052             0.190809        18.342192
054      0.4286      -0.645405        0.539101             0.380912        46.720586
054      0.3310      -0.405267        0.080028             0.047078         1.196845
054      0.3696      -0.479890        0.135594             0.066509         2.827444
054      0.4880      -0.851461        0.229509             0.889767         0.524280
054      0.5055      -0.877106        0.196268             0.915473         0.380575
054      0.4742      -0.822929        0.305164             0.857250         1.586638
054      1.0000      -0.998553        0.007590             0.999273         0.001907
054      0.4622      -0.793443        0.257298             0.822977         1.190983
054      0.5318      -0.909122        0.102573             0.940761         0.169238
054      0.4512      -0.746255        0.419114             0.693546        12.245277
054      0.4072      -0.567977        0.221361             0.130075         9.002303
054      0.4407      -0.697641        0.542118             0.556145        28.221785
054      0.4301      -0.645439        0.428343             0.336536        38.264705
054      0.3933      -0.530679        0.231309             0.086749         5.678691
054      0.4192      -0.604733        0.331278             0.221324        19.460353
054      0.3381      -0.417462        0.095001             0.048052         1.417061
054      0.3728      -0.486420        0.144788             0.072119         3.160278
054      0.3442      -0.428567        0.128842             0.054952         1.460822
054      0.3758      -0.495000        0.176278             0.074760         3.144814
055      0.4760      -0.824264        0.298113             0.862691         0.971095
055      0.4528      -0.761745        0.324023             0.772820         4.008404
055      0.3787      -0.499438        0.156181             0.082995         4.404020
055      0.4902      -0.852853        0.166722             0.894274         0.359591
055      0.4422      -0.708992        0.463372             0.574301        39.282135
055      0.4317      -0.654988        0.435800             0.410605        27.249893
055      0.3955      -0.538169        0.200004             0.106982         5.856422
055      0.5372      -0.911954        0.179996             0.943782         0.191842
055      0.3495      -0.434750        0.111762             0.052873         1.914323
055      0.4639      -0.786426        0.289004             0.793183         5.524374
055      0.4208      -0.607967        0.332064             0.241507        21.911831
055      0.5085      -0.878949        0.238525             0.916926         0.467049
055      0.0000      -0.019504        0.000000             0.031405         0.000000
055      0.4090      -0.573706        0.175059             0.140357        10.511480
055      0.4779      -0.828026        0.247650             0.865058         1.045705
055      0.4925      -0.856536        0.209390             0.894737         0.642339
055      0.4543      -0.760965        0.384025             0.768423         3.361891
055      0.3814      -0.504377        0.165737             0.080774         2.808089
055      0.5433      -0.915782        0.125958             0.946638         0.161869
055      0.4332      -0.663504        0.438451             0.451954        48.957185
055      0.4437      -0.710294        0.513977             0.616126        37.733709
055      0.5117      -0.882836        0.214402             0.919127         0.423194
055      0.4655      -0.802347        0.287927             0.834241         1.003444
055      0.3976      -0.542552        0.164291             0.100046         5.704159
055      0.4224      -0.617527        0.251931             0.252337        27.395172
055      0.3543      -0.449243        0.143641             0.061084         2.574706
055      0.4107      -0.580985        0.217573             0.161587        13.708078
055      0.2719      -0.308304        0.047335             0.035359         0.475323
055      0.4798      -0.833891        0.297905             0.872502         1.205654
055      0.4949      -0.860172        0.216652             0.899524         0.511518
055      0.4559      -0.764562        0.393267             0.766817         4.623328
055      0.3840      -0.511359        0.146834             0.084509         5.309282
055      0.5151      -0.889012        0.155610             0.925633         0.288602
055      0.4672      -0.803934        0.286643             0.837230         1.837060
055      0.5504      -0.922512        0.107525             0.952099         0.114968
055      0.4452      -0.719154        0.483916             0.589831        42.469849
055      0.4347      -0.666526        0.389241             0.360403        45.509046
055      0.3996      -0.543934        0.230419             0.103841         6.617895
055      0.4239      -0.620218        0.300899             0.205983        33.895603
055      0.4125      -0.582420        0.189148             0.129712         7.791091
055      0.3586      -0.453891        0.111082             0.070360         2.863741
055      0.2965      -0.347021        0.069559             0.038043         0.826051
055      0.4818      -0.832932        0.224455             0.870413         0.710932
055      0.4974      -0.861693        0.187481             0.901269         0.371370
055      0.4574      -0.772066        0.343442             0.786089         3.117766
055      0.5590      -0.927418        0.103053             0.955180         0.119611
055      0.3865      -0.514638        0.201700             0.084635         4.879391
055      0.4689      -0.803808        0.224318             0.836747         1.023708
055      0.5188      -0.893719        0.205292             0.929739         0.283395
055      0.4467      -0.720509        0.421105             0.631828        21.865933
055      0.4362      -0.663861        0.398635             0.323762        56.806161
055      0.4016      -0.558658        0.288090             0.133428         8.575277
055      0.4142      -0.589309        0.269098             0.175319        17.750303
055      0.4255      -0.616245        0.281148             0.137851         8.938504
055      0.3626      -0.463821        0.148274             0.058268         2.365908
055      0.3115      -0.370810        0.071681             0.036284         0.820083
055      0.4838      -0.841349        0.252154             0.879028         0.961636
055      0.5000      -0.870281        0.156524             0.909150         0.294941
055      0.4590      -0.780264        0.353873             0.803504         2.048821
055      0.5698      -0.936926        0.087760             0.962274         0.070889
055      0.5228      -0.895319        0.162380             0.930175         0.211295
055      0.4706      -0.810228        0.318267             0.845269         1.342619
055      0.3888      -0.519279        0.160175             0.088423         4.504319
055      0.4482      -0.741626        0.276023             0.728754         3.629774
055      0.4035      -0.557448        0.268794             0.121547         8.910173
055      0.4159      -0.592727        0.279748             0.147147        13.691423
055      0.4377      -0.679583        0.547836             0.455808        48.906785
055      0.4271      -0.625131        0.342689             0.213983        24.450867
055      0.3662      -0.471418        0.144401             0.064727         2.432583
055      0.3224      -0.387993        0.082932             0.050869         1.404361
055      0.4859      -0.842499        0.276018             0.877792         1.082380
055      0.5027      -0.872192        0.174037             0.910420         0.364586
055      0.4606      -0.784641        0.321935             0.809217         2.255932
055      0.5271      -0.901064        0.113667             0.935669         0.179146
055      0.4724      -0.816621        0.210115             0.849845         1.655401
055      0.5848      -0.945064        0.101475             0.967498         0.086125
055      0.3911      -0.527418        0.232600             0.087954         5.460527
055      0.4392      -0.697190        0.512888             0.571934        31.209935
055      0.4497      -0.744205        0.429453             0.718069        10.532259
055      0.4175      -0.595041        0.225490             0.144469        11.990506
055      0.4054      -0.561283        0.197466             0.116152        10.610564
055      0.4286      -0.645230        0.558356             0.339511        57.896463
055      0.3696      -0.477739        0.161456             0.065633         2.315874
055      0.3310      -0.401917        0.125495             0.046975         1.033766
055      0.4880      -0.846691        0.240626             0.882936         0.916033
055      0.5055      -0.877157        0.207229             0.915200         0.380225
055      0.5318      -0.906473        0.165712             0.939868         0.187914
055      0.4622      -0.785091        0.354350             0.798486         4.385431
055      0.4742      -0.822136        0.233218             0.858347         0.994225
055      1.0000      -0.998949        0.005158             0.999464         0.001328
055      0.4512      -0.752932        0.281515             0.752714         3.795606
055      0.3933      -0.529448        0.205042             0.096727         5.661049
055      0.4407      -0.685904        0.479875             0.483709        35.978194
055      0.4072      -0.571868        0.235807             0.147828        10.128391
055      0.4192      -0.603114        0.366100             0.154803        17.187455
055      0.3728      -0.485190        0.171700             0.070711         3.494772
055      0.4301      -0.634565        0.341898             0.224026        29.715465
055      0.3381      -0.416621        0.119459             0.054023         1.400667
055      0.3758      -0.496403        0.149426             0.072443         3.215544
055      0.3442      -0.427696        0.120340             0.055881         1.598216
056      0.4760      -0.823323        0.311288             0.862232         0.973522
056      0.4639      -0.787793        0.385512             0.805415         2.936433
056      0.5372      -0.912404        0.129420             0.943973         0.162432
056      0.3787      -0.498852        0.141036             0.078304         5.113088
056      0.4902      -0.852066        0.292263             0.891645         0.677068
056      0.4528      -0.768221        0.334590             0.787481         2.852817
056      0.3955      -0.537047        0.176713             0.095408         5.477642
056      0.5085      -0.882372        0.190700             0.920599         0.321694
056      0.0000       0.018495        0.000000             0.007653         0.000000
056      0.4422      -0.699911        0.459617             0.529892        49.205327
056      0.4317      -0.646084        0.372317             0.301212        43.941159
056      0.4208      -0.614247        0.268049             0.228221        31.536897
056      0.3495      -0.436001        0.159312             0.057902         2.374056
056      0.4090      -0.570504        0.232370             0.132647        10.252198
056      0.4779      -0.829063        0.289375             0.867851         0.904436
056      0.4655      -0.798960        0.265269             0.831480         1.342988
056      0.5433      -0.917608        0.149602             0.947915         0.166887
056      0.4925      -0.851926        0.210242             0.892513         0.454514
056      0.4543      -0.750070        0.641262             0.683903        31.022537
056      0.3976      -0.540893        0.154270             0.123597         9.028991
056      0.5117      -0.884605        0.228895             0.920784         0.390011
056      0.3814      -0.504936        0.191773             0.076499         3.775812
056      0.4437      -0.711429        0.622922             0.601875        47.881291
056      0.4332      -0.655874        0.402719             0.354145        48.058698
056      0.2719      -0.308814        0.059369             0.037022         0.525653
056      0.4224      -0.618068        0.380501             0.214483        29.494438
056      0.3543      -0.447819        0.121761             0.055733         1.977596
056      0.4107      -0.577219        0.187359             0.143559        14.599871
056      0.4798      -0.834458        0.222745             0.871971         0.811359
056      0.5504      -0.921231        0.151145             0.950408         0.175001
056      0.4672      -0.803329        0.362752             0.833992         1.881138
056      0.4949      -0.857621        0.210037             0.896371         0.595295
056      0.4559      -0.768693        0.402652             0.776709         4.185244
056      0.5151      -0.887691        0.189097             0.924126         0.264329
056      0.3996      -0.546518        0.222073             0.111862        10.356596
056      0.3840      -0.509681        0.124913             0.083622         3.753505
056      0.4452      -0.730434        0.452761             0.688310        21.592770
056      0.4347      -0.669401        0.502137             0.398967        70.175505
056      0.4239      -0.617143        0.282897             0.190784        24.047071
056      0.3586      -0.456186        0.105938             0.049904         2.294875
056      0.4125      -0.584177        0.314371             0.162022        13.623943
056      0.2965      -0.347136        0.081560             0.037940         0.870210
056      0.4818      -0.839101        0.222303             0.876116         0.734401
056      0.5590      -0.931091        0.111513             0.957417         0.122313
056      0.4689      -0.807634        0.289053             0.837232         1.421965
056      0.4974      -0.863291        0.236350             0.899560         0.737744
056      0.4574      -0.773501        0.447481             0.783756         4.033601
056      0.5188      -0.891448        0.182733             0.927500         0.282267
056      0.4016      -0.555026        0.202171             0.108348         8.057866
056      0.4467      -0.730555        0.486477             0.682749        12.760377
056      0.3865      -0.515497        0.215403             0.088157         5.254045
056      0.4362      -0.665140        0.470560             0.346735        51.699914
056      0.4255      -0.626754        0.338204             0.258374        49.711533
056      0.3626      -0.461645        0.131171             0.068170         2.687242
056      0.4142      -0.590166        0.294127             0.133004        12.091306
056      0.3115      -0.371327        0.083075             0.048744         0.942288
056      0.4838      -0.838514        0.243002             0.876601         0.769123
056      0.5698      -0.936747        0.115458             0.961486         0.111272
056      0.4706      -0.809043        0.293543             0.842608         1.236000
056      0.5000      -0.866983        0.189143             0.906167         0.428866
056      0.4590      -0.781033        0.370093             0.804088         2.380981
056      0.5228      -0.897647        0.137102             0.932423         0.228116
056      0.4482      -0.736288        0.345311             0.688227        11.773551
056      0.4035      -0.557443        0.226727             0.099394         7.299531
056      0.3888      -0.521020        0.224104             0.083960         3.968152
056      0.4377      -0.670217        0.585623             0.359101        68.527537
056      0.4271      -0.632296        0.401622             0.246499        37.584311
056      0.4159      -0.599158        0.260739             0.211205        31.945429
056      0.3662      -0.466767        0.146598             0.057436         2.360050
056      0.3224      -0.388948        0.081059             0.045778         1.494911
056      0.4859      -0.842628        0.360015             0.879847         1.207950
056      0.5848      -0.944445        0.096083             0.966881         0.080387
056      0.4724      -0.812334        0.329901             0.846645         1.525373
056      0.4606      -0.789547        0.368197             0.810937         3.414482
056      0.5027      -0.873724        0.200253             0.911709         0.379916
056      0.5271      -0.902066        0.178772             0.936824         0.208828
056      0.4497      -0.751658        0.405701             0.757149         4.056092
056      0.4054      -0.563386        0.215387             0.113412        10.313981
056      0.3911      -0.525166        0.193937             0.082309         4.624475
056      0.4392      -0.691059        0.412143             0.525415        29.734151
056      0.4286      -0.629974        0.311906             0.165702        18.816928
056      0.4175      -0.593361        0.236143             0.113629         7.336420
056      0.3696      -0.478170        0.180064             0.074247         3.662053
056      0.3310      -0.403635        0.091836             0.049401         1.396088
056      1.0000      -0.998195        0.007809             0.999088         0.002016
056      0.4880      -0.850370        0.191085             0.890644         0.588020
056      0.4742      -0.818253        0.334024             0.851008         1.680779
056      0.5055      -0.876314        0.202620             0.914605         0.309332
056      0.5318      -0.909037        0.143222             0.941154         0.186490
056      0.4622      -0.794369        0.354078             0.818986         2.133707
056      0.4512      -0.746869        0.571048             0.705332        15.849319
056      0.3933      -0.530051        0.174677             0.089247         4.728458
056      0.4072      -0.566148        0.294603             0.102194         8.780917
056      0.4407      -0.709987        0.416306             0.655274         7.979198
056      0.4192      -0.602679        0.275191             0.157347        22.005151
056      0.4301      -0.646276        0.335276             0.310459        40.346903
056      0.3728      -0.479668        0.160350             0.073724         5.411865
056      0.3381      -0.418686        0.088390             0.056550         1.848763
056      0.3758      -0.492105        0.201343             0.073546         3.897073
056      0.3442      -0.429847        0.117384             0.057003         2.329589
057      0.4902      -0.854528        0.247464             0.893715         0.562812
057      0.4422      -0.701779        0.482769             0.511327        64.525986
057      0.4760      -0.824426        0.358562             0.862284         1.124183
057      0.5372      -0.912275        0.155330             0.943890         0.206164
057      0.4528      -0.752231        0.282502             0.746987         4.708370
057      0.3787      -0.499975        0.195373             0.073413         3.868515
057      0.5085      -0.879077        0.179778             0.917230         0.354090
057      0.4317      -0.653980        0.450535             0.354885        57.094213
057      0.4090      -0.575759        0.245335             0.158498        15.653282
057      0.0000       0.016313        0.000000             0.022468         0.000000
057      0.4639      -0.791905        0.307544             0.811407         3.025811
057      0.3495      -0.437685        0.134933             0.053038         1.768082
057      0.4208      -0.611431        0.314390             0.211425        24.844451
057      0.3955      -0.538110        0.221888             0.097981         7.584225
057      0.4925      -0.857181        0.225870             0.895925         0.565970
057      0.4437      -0.718849        0.330197             0.637218        15.581665
057      0.5433      -0.917452        0.155593             0.947264         0.186676
057      0.4779      -0.825048        0.228494             0.863681         0.751813
057      0.4543      -0.764346        0.387769             0.755697         7.324929
057      0.4655      -0.804204        0.296376             0.835740         1.618835
057      0.4332      -0.655999        0.387686             0.274004        46.548421
057      0.5117      -0.884371        0.180071             0.921674         0.359478
057      0.3814      -0.505263        0.144168             0.082351         4.460081
057      0.4107      -0.583213        0.155924             0.162419        16.888006
057      0.4224      -0.613383        0.288996             0.162635        15.151949
057      0.3543      -0.446716        0.130069             0.058061         2.298742
057      0.3976      -0.542604        0.222719             0.092779         6.670211
057      0.2719      -0.307621        0.063075             0.031887         0.367731
057      0.4949      -0.860751        0.258047             0.898658         0.922404
057      0.4452      -0.715956        0.715036             0.625922        22.635887
057      0.4798      -0.835205        0.267254             0.873863         0.998077
057      0.5504      -0.924186        0.129796             0.953026         0.132618
057      0.4559      -0.766673        0.423780             0.768883         5.008550
057      0.5151      -0.887541        0.182396             0.924272         0.357551
057      0.4672      -0.800979        0.251460             0.831739         1.443379
057      0.3840      -0.508520        0.148449             0.069905         4.104513
057      0.4347      -0.666851        0.375518             0.479200        12.879174
057      0.4125      -0.588304        0.274934             0.179723        14.294900
057      0.4239      -0.617168        0.212926             0.224475        25.369787
057      0.3996      -0.548187        0.187586             0.120708         9.047592
057      0.3586      -0.454897        0.138063             0.058363         2.342059
057      0.2965      -0.344611        0.069471             0.036867         0.679754
057      0.4974      -0.865355        0.181811             0.905183         0.362472
057      0.4818      -0.835771        0.223202             0.873894         0.676621
057      0.4574      -0.766722        0.565448             0.750742        14.617729
057      0.4467      -0.723724        0.726941             0.616085        51.009120
057      0.5590      -0.927769        0.121583             0.955512         0.116474
057      0.4689      -0.808864        0.271808             0.841607         1.300823
057      0.5188      -0.894183        0.205224             0.929338         0.335926
057      0.4362      -0.671253        0.486243             0.417248        51.904405
057      0.4255      -0.622727        0.349881             0.294651        27.999727
057      0.3865      -0.515297        0.178668             0.086359         5.078081
057      0.4142      -0.585645        0.368411             0.172933        20.455313
057      0.4016      -0.554171        0.202600             0.103755         7.469647
057      0.3626      -0.465078        0.108766             0.064518         2.176117
057      0.3115      -0.368772        0.076143             0.036774         0.749514
057      0.5000      -0.867135        0.159763             0.906944         0.290013
057      0.4838      -0.841631        0.303342             0.881914         0.882517
057      0.4590      -0.780425        0.330556             0.796128         3.395228
057      0.5698      -0.936670        0.119841             0.961791         0.104473
057      0.4706      -0.809818        0.251174             0.840037         2.435916
057      0.4482      -0.740572        0.435233             0.733986         7.189921
057      0.5228      -0.897433        0.164049             0.932681         0.237886
057      0.4377      -0.675716        0.533114             0.363293        56.228404
057      0.4271      -0.638307        0.418954             0.281059        43.439816
057      0.3888      -0.521970        0.185234             0.088723         5.593645
057      0.4159      -0.598270        0.259213             0.178092        19.860649
057      0.3662      -0.474583        0.129515             0.067048         2.472102
057      0.4035      -0.557784        0.208276             0.094706         5.721609
057      0.3224      -0.385319        0.097548             0.043373         1.313164
057      0.5027      -0.873536        0.215344             0.912330         0.539936
057      0.4859      -0.845331        0.232756             0.885836         0.596352
057      0.4724      -0.817261        0.236536             0.854798         0.824227
057      0.4606      -0.787861        0.404724             0.812392         2.590090
057      0.5848      -0.944038        0.070055             0.967073         0.061158
057      0.4497      -0.743773        0.337866             0.716553         9.166659
057      0.5271      -0.902770        0.161209             0.936898         0.206385
057      0.4392      -0.701865        0.411375             0.593143        21.586327
057      0.4286      -0.643570        0.445883             0.286100        53.572622
057      0.4054      -0.565552        0.187930             0.117445         7.249529
057      0.4175      -0.603336        0.349153             0.196602        21.874732
057      0.3911      -0.529628        0.208987             0.096103         5.641305
057      0.3310      -0.403429        0.115822             0.046279         1.581545
057      0.3696      -0.476399        0.167719             0.063872         2.893716
057      0.5055      -0.876836        0.210032             0.913943         0.398311
057      0.4880      -0.849541        0.302074             0.888901         0.836087
057      0.4742      -0.818935        0.245544             0.856128         1.159547
057      0.4622      -0.787836        0.297409             0.810760         2.400714
057      1.0000      -0.998461        0.007947             0.999200         0.002176
057      0.4512      -0.751308        0.468418             0.721785        18.311189
057      0.5318      -0.905700        0.107729             0.937938         0.165527
057      0.4407      -0.678843        0.493174             0.303903        85.971284
057      0.4072      -0.565552        0.227305             0.130440        12.043321
057      0.4301      -0.645546        0.322452             0.257876        25.405245
057      0.3933      -0.530890        0.208415             0.100400         6.788291
057      0.4192      -0.608372        0.293071             0.189665        22.637402
057      0.3381      -0.412268        0.082608             0.051086         1.697201
057      0.3728      -0.484481        0.141891             0.072010         3.216866
057      0.3442      -0.426193        0.138529             0.049227         1.886899
057      0.3758      -0.497328        0.153717             0.073093         3.888639
058      0.4902      -0.852146        0.245550             0.889917         0.780093
058      0.4760      -0.822390        0.271673             0.859768         0.950405
058      0.4317      -0.648442        0.341577             0.240951        39.419172
058      0.3787      -0.495125        0.196785             0.074715         4.056263
058      0.4639      -0.794203        0.344740             0.820684         2.523278
058      0.3955      -0.539542        0.197020             0.088662         8.344020
058      0.4422      -0.701754        0.572639             0.545440        54.183424
058      0.5372      -0.910963        0.129222             0.942568         0.163238
058      0.0000      -0.015458        0.000000             0.003567         0.000000
058      0.3495      -0.437170        0.136070             0.058115         2.164732
058      0.4528      -0.759090        0.413660             0.762253         3.945953
058      0.5085      -0.881807        0.236211             0.918472         0.451307
058      0.4208      -0.618115        0.372413             0.268656        47.031842
058      0.4090      -0.572937        0.229051             0.089180         6.990094
058      0.4925      -0.856587        0.210125             0.896724         0.512655
058      0.4779      -0.829411        0.274644             0.863710         1.920535
058      0.4655      -0.797372        0.219804             0.826873         1.329691
058      0.4332      -0.656795        0.497552             0.314952        59.029151
058      0.5433      -0.916891        0.141026             0.946837         0.158645
058      0.3814      -0.502515        0.167748             0.069489         3.600780
058      0.4543      -0.763971        0.320088             0.764697         6.774924
058      0.3976      -0.543026        0.206767             0.087467         5.442397
058      0.4437      -0.721647        0.362455             0.661480        10.814437
058      0.5117      -0.884655        0.192004             0.920886         0.350252
058      0.4224      -0.611266        0.461324             0.227063        31.776494
058      0.4107      -0.578686        0.283472             0.159417        15.705795
058      0.3543      -0.447759        0.099596             0.061504         2.648719
058      0.2719      -0.309697        0.055877             0.032158         0.536792
058      0.4949      -0.859554        0.278300             0.896891         0.718673
058      0.4798      -0.832830        0.231512             0.868151         1.058663
058      0.4672      -0.800553        0.295670             0.832533         1.720213
058      0.5504      -0.925190        0.103894             0.953639         0.118661
058      0.4559      -0.769727        0.453251             0.773644         5.857476
058      0.4347      -0.661385        0.368088             0.376308        59.887645
058      0.5151      -0.887925        0.189355             0.925678         0.250659
058      0.4452      -0.724251        0.458741             0.690232        10.131129
058      0.3840      -0.504786        0.143931             0.083371         4.228998
058      0.3996      -0.548775        0.218755             0.092937         6.644732
058      0.4239      -0.627426        0.363685             0.304524        41.576734
058      0.4125      -0.579316        0.292980             0.117800        15.165414
058      0.3586      -0.454530        0.096768             0.063793         2.629424
058      0.2965      -0.348751        0.075811             0.032687         0.631293
058      0.4974      -0.864524        0.249380             0.902372         0.608274
058      0.4818      -0.832354        0.251311             0.868520         1.005365
058      0.4689      -0.807687        0.332002             0.838181         1.979790
058      0.5590      -0.930868        0.104981             0.957782         0.136456
058      0.4574      -0.773430        0.344251             0.779732         6.077388
058      0.5188      -0.891040        0.175847             0.927473         0.276541
058      0.4362      -0.688038        0.435469             0.594073        13.168476
058      0.4467      -0.731034        0.435601             0.696754         9.157922
058      0.4016      -0.551367        0.197454             0.106897         8.095072
058      0.4142      -0.591855        0.308337             0.159423        19.677867
058      0.3865      -0.516778        0.154014             0.076914         3.675322
058      0.4255      -0.628555        0.332155             0.313424        28.571482
058      0.3626      -0.462973        0.117651             0.054721         2.549600
058      0.3115      -0.372206        0.085266             0.037396         0.692711
058      0.5000      -0.868686        0.238865             0.906950         0.491986
058      0.4838      -0.840832        0.204372             0.875410         0.939165
058      0.4706      -0.812824        0.350416             0.844828         1.550367
058      0.4590      -0.780012        0.342336             0.793270         2.833615
058      0.5698      -0.936486        0.158879             0.961742         0.130334
058      0.5228      -0.895553        0.157457             0.930279         0.268233
058      0.4377      -0.690119        0.593727             0.526361        55.427819
058      0.4482      -0.734566        0.574209             0.678555        20.125462
058      0.4035      -0.553502        0.209430             0.084221         5.050645
058      0.4159      -0.586457        0.254698             0.152015        10.872040
058      0.3888      -0.524780        0.193101             0.086760         7.679910
058      0.4271      -0.628633        0.309684             0.221837        34.156751
058      0.3662      -0.470410        0.153314             0.060458         2.331705
058      0.3224      -0.389203        0.075655             0.043157         1.022302
058      0.5027      -0.871237        0.247284             0.911694         0.406031
058      0.4859      -0.845749        0.196130             0.885850         0.551905
058      0.4724      -0.817253        0.319013             0.851683         1.569518
058      0.5848      -0.946653        0.125467             0.968716         0.092816
058      0.4606      -0.780446        0.359752             0.797515         2.890562
058      0.5271      -0.901421        0.143668             0.936147         0.196588
058      0.4392      -0.700238        0.513630             0.624631        12.208042
058      0.4497      -0.742158        0.420187             0.727800         5.558713
058      0.4175      -0.597158        0.326511             0.125630        15.764936
058      0.4054      -0.564661        0.341297             0.136231        15.162511
058      0.4286      -0.628187        0.266747             0.128734        16.246367
058      0.3911      -0.527372        0.196876             0.097907         6.534846
058      0.3696      -0.476807        0.162472             0.064643         2.828554
058      0.3310      -0.404935        0.127683             0.051510         1.950203
058      0.5055      -0.876225        0.188284             0.913472         0.383267
058      0.4880      -0.848746        0.242030             0.888430         0.569687
058      0.4742      -0.818062        0.285345             0.848942         1.607001
058      0.5318      -0.908573        0.146370             0.941219         0.170488
058      1.0000      -0.998413        0.007304             0.999185         0.002058
058      0.4622      -0.789637        0.350104             0.812990         3.032344
058      0.4407      -0.711391        0.367810             0.659132         9.802051
058      0.4512      -0.749703        0.440534             0.731801         9.767837
058      0.4192      -0.602045        0.215524             0.164560        19.655463
058      0.4072      -0.570018        0.277515             0.124429        15.463469
058      0.3728      -0.484471        0.140833             0.067913         4.481864
058      0.4301      -0.632342        0.301835             0.140309        13.146410
058      0.3933      -0.531284        0.169411             0.092985         7.845133
058      0.3381      -0.417842        0.097177             0.053151         1.936733
058      0.3758      -0.491908        0.178902             0.071897         4.093392
058      0.3442      -0.428805        0.110693             0.050214         1.706903
059      0.4902      -0.853600        0.240505             0.891135         0.800348
059      0.5085      -0.881603        0.196918             0.919293         0.386684
059      0.4760      -0.823631        0.276607             0.861103         1.044378
059      0.4528      -0.760408        0.272506             0.769164         2.655810
059      0.5372      -0.912496        0.133201             0.944774         0.149923
059      0.4639      -0.795398        0.333869             0.823407         2.149627
059      0.4208      -0.606751        0.322205             0.148279        19.548717
059      0.4317      -0.656869        0.474809             0.400437        50.588010
059      0.4422      -0.707239        0.419584             0.596725        29.855885
059      0.3955      -0.536357        0.178568             0.096432         8.304573
059      0.4090      -0.573203        0.216708             0.121477        11.654635
059      0.3787      -0.497685        0.139079             0.072709         4.056499
059      0.3495      -0.436622        0.129345             0.050250         1.665317
059      0.0000       0.007756        0.000000             0.010629         0.000000
059      0.5117      -0.883562        0.154978             0.919265         0.328468
059      0.4925      -0.857035        0.187736             0.895794         0.524287
059      0.4779      -0.826676        0.276153             0.861385         1.413175
059      0.5433      -0.916754        0.140052             0.947354         0.161870
059      0.4543      -0.768756        0.361729             0.782787         2.890648
059      0.4224      -0.613525        0.309136             0.139569        14.179325
059      0.4332      -0.664292        0.493098             0.398782        65.764670
059      0.4655      -0.799517        0.310526             0.819201         3.832127
059      0.4437      -0.718552        0.368982             0.654944         8.466077
059      0.4107      -0.581327        0.282718             0.137127        12.994979
059      0.3976      -0.543240        0.236791             0.119357        10.001904
059      0.3814      -0.505975        0.190484             0.075789         3.707899
059      0.3543      -0.445774        0.109033             0.055984         2.230370
059      0.2719      -0.309463        0.041664             0.031606         0.684744
059      0.5151      -0.888026        0.183184             0.924211         0.327743
059      0.4949      -0.857943        0.249241             0.898196         0.586332
059      0.4798      -0.834519        0.288733             0.870514         1.129941
059      0.5504      -0.921902        0.153196             0.950876         0.174617
059      0.4559      -0.766521        0.355929             0.773852         3.524508
059      0.4347      -0.650911        0.330436             0.276099        32.901636
059      0.4239      -0.621184        0.254184             0.175501        29.120731
059      0.4672      -0.803355        0.243714             0.832973         1.569749
059      0.4125      -0.581494        0.243225             0.141511        13.163633
059      0.4452      -0.723269        0.436396             0.667596        12.328185
059      0.3840      -0.510020        0.209119             0.085791         4.551461
059      0.3996      -0.549405        0.212458             0.102626         8.292123
059      0.3586      -0.453772        0.129569             0.048377         1.631530
059      0.2965      -0.346406        0.067370             0.035174         0.819482
059      0.4974      -0.864016        0.199707             0.902924         0.491494
059      0.4818      -0.835599        0.217701             0.872743         0.855516
059      0.5188      -0.893398        0.139369             0.928883         0.221808
059      0.4574      -0.769773        0.341483             0.773956         3.927143
059      0.5590      -0.929405        0.120772             0.956530         0.117190
059      0.4362      -0.662252        0.624159             0.391365        41.797061
059      0.4689      -0.807630        0.291532             0.840730         1.286169
059      0.4255      -0.627440        0.312528             0.240236        33.210700
059      0.4142      -0.585384        0.359306             0.115363        10.226029
059      0.4467      -0.729543        0.607000             0.648228        34.379313
059      0.4016      -0.552881        0.183995             0.091497         7.580655
059      0.3865      -0.517219        0.177838             0.076070         4.568737
059      0.3626      -0.462166        0.124264             0.066199         2.739773
059      0.3115      -0.370440        0.072380             0.036938         1.063878
059      0.5000      -0.867107        0.244403             0.905154         0.613127
059      0.5228      -0.898115        0.128472             0.933278         0.188892
059      0.4838      -0.839058        0.202954             0.879954         0.593707
059      0.4590      -0.779477        0.311445             0.795610         3.787650
059      0.5698      -0.936846        0.084290             0.961976         0.074005
059      0.4377      -0.690118        0.376252             0.516800        52.505036
059      0.4706      -0.809095        0.269338             0.837891         1.888167
059      0.4271      -0.628572        0.394707             0.199075        27.172832
059      0.4482      -0.737380        0.340944             0.692761         9.571388
059      0.4159      -0.592583        0.258662             0.135226        17.674940
059      0.4035      -0.558477        0.194647             0.115789         7.054735
059      0.3888      -0.519908        0.115399             0.084361         4.209788
059      0.3662      -0.469968        0.174754             0.059546         2.547027
059      0.3224      -0.389595        0.098016             0.039006         0.971542
059      0.5027      -0.874140        0.145233             0.912404         0.256647
059      0.5271      -0.902350        0.169815             0.936432         0.227612
059      0.4859      -0.842223        0.261022             0.881626         0.779892
059      0.4606      -0.780259        0.285035             0.800454         2.166482
059      0.5848      -0.945510        0.110625             0.967481         0.097411
059      0.4724      -0.818552        0.329934             0.854467         1.245958
059      0.4392      -0.692336        0.445927             0.572910        23.175273
059      0.4286      -0.631738        0.326299             0.175145        20.795584
059      0.4497      -0.748072        0.472391             0.743781         5.908514
059      0.4175      -0.599316        0.321589             0.121074        23.930706
059      0.4054      -0.559793        0.207705             0.101816         6.131710
059      0.3911      -0.530003        0.244814             0.099190         7.798668
059      0.3696      -0.481632        0.132588             0.070336         3.412537
059      0.3310      -0.399109        0.104265             0.039408         1.135795
059      0.5055      -0.875714        0.145994             0.915024         0.277230
059      0.5318      -0.907280        0.159050             0.940080         0.204842
059      0.4880      -0.850980        0.206618             0.889968         0.609771
059      0.4622      -0.793071        0.294116             0.822764         1.487442
059      1.0000      -0.998489        0.005587             0.999242         0.001436
059      0.4742      -0.822585        0.277541             0.854685         1.512083
059      0.4407      -0.687986        0.443997             0.453990        40.294660
059      0.4192      -0.606906        0.206073             0.241683        23.929239
059      0.4301      -0.637432        0.355451             0.182132        22.742263
059      0.4512      -0.756702        0.364211             0.771520         2.728011
059      0.4072      -0.566722        0.206179             0.132077         9.329652
059      0.3933      -0.532416        0.287711             0.108095         9.635811
059      0.3728      -0.482810        0.126076             0.066182         3.142234
059      0.3381      -0.416449        0.131378             0.045711         1.443777
059      0.3758      -0.493427        0.174141             0.067228         2.982690
059      0.3442      -0.429313        0.111864             0.049675         1.932934
060      0.5085      -0.877606        0.199188             0.916356         0.336049
060      0.4528      -0.758817        0.346004             0.757233         3.476766
060      0.4760      -0.823778        0.278773             0.860372         1.155597
060      0.4902      -0.847806        0.201652             0.886289         0.584799
060      0.5372      -0.912972        0.136888             0.943772         0.190886
060      0.3787      -0.498922        0.183179             0.066428         3.843601
060      0.4317      -0.652650        0.448889             0.345672        41.499763
060      0.3955      -0.536189        0.212165             0.094167         5.308732
060      0.0000      -0.003889        0.000000             0.011667         0.000000
060      0.4422      -0.702828        0.513742             0.570200        28.273498
060      0.4639      -0.789756        0.439455             0.805600         6.698447
060      0.4090      -0.577200        0.206710             0.145717        18.234965
060      0.4208      -0.610094        0.276851             0.156494        19.239475
060      0.3495      -0.435994        0.103315             0.051689         1.934028
060      0.5117      -0.883894        0.200943             0.921528         0.339560
060      0.4779      -0.828394        0.207341             0.865222         0.709831
060      0.4543      -0.764067        0.440639             0.761239         6.386390
060      0.5433      -0.916950        0.142138             0.947494         0.171992
060      0.4925      -0.856178        0.231879             0.895239         0.650057
060      0.3814      -0.504039        0.143308             0.076744         3.472315
060      0.4332      -0.652467        0.377181             0.277989        26.889717
060      0.4655      -0.797889        0.282883             0.828678         1.561792
060      0.4437      -0.724406        0.478880             0.681878        13.393001
060      0.4224      -0.619317        0.446260             0.237761        40.365578
060      0.3976      -0.544633        0.198011             0.081261         5.602283
060      0.4107      -0.578461        0.260816             0.126961        11.933620
060      0.2719      -0.308694        0.051695             0.033872         0.618627
060      0.3543      -0.444533        0.114369             0.058278         2.306950
060      0.5151      -0.886800        0.154793             0.923856         0.258039
060      0.4798      -0.832172        0.245113             0.863333         1.577527
060      0.4559      -0.770861        0.423223             0.785222         3.040277
060      0.5504      -0.923133        0.129570             0.952506         0.133177
060      0.4949      -0.856600        0.191206             0.895394         0.548705
060      0.4452      -0.722994        0.517984             0.659983        15.110421
060      0.4347      -0.670117        0.575488             0.430622        69.772797
060      0.4672      -0.799828        0.377522             0.830783         1.673817
060      0.3840      -0.509539        0.147608             0.078822         4.254939
060      0.4239      -0.623228        0.306692             0.199422        23.353231
060      0.3996      -0.543789        0.232039             0.099400         7.549067
060      0.4125      -0.581628        0.265353             0.121911        11.989213
060      0.2965      -0.346433        0.073893             0.033217         0.664701
060      0.3586      -0.454161        0.140959             0.058789         2.750074
060      0.4818      -0.834850        0.306862             0.872344         0.869750
060      0.5188      -0.893739        0.160852             0.928506         0.306776
060      0.5590      -0.930711        0.113304             0.957389         0.126883
060      0.4574      -0.777950        0.345898             0.793850         2.396732
060      0.4974      -0.863167        0.228738             0.901039         0.513840
060      0.4467      -0.741072        0.501195             0.727494         7.969713
060      0.4689      -0.811161        0.252446             0.842472         1.605370
060      0.4362      -0.678039        0.600530             0.477139        50.420864
060      0.3865      -0.516317        0.182394             0.076650         4.882181
060      0.4255      -0.633756        0.341908             0.242911        36.166217
060      0.4016      -0.551328        0.162069             0.089794         7.754444
060      0.4142      -0.586422        0.312848             0.107067         9.561949
060      0.3115      -0.368883        0.084681             0.041156         1.204818
060      0.3626      -0.463994        0.115411             0.065628         2.965225
060      0.4838      -0.838106        0.290975             0.876422         0.909036
060      0.5228      -0.898978        0.155298             0.933606         0.207721
060      0.5698      -0.936439        0.114774             0.961333         0.099579
060      0.5000      -0.867517        0.199616             0.905756         0.406078
060      0.4590      -0.775106        0.462787             0.782194         8.626176
060      0.4482      -0.736900        0.366379             0.702628         7.971936
060      0.4706      -0.807389        0.344245             0.836539         2.753591
060      0.4377      -0.678278        0.492972             0.445656        60.044172
060      0.3888      -0.519400        0.166499             0.082567         4.852379
060      0.4271      -0.627372        0.322652             0.174383        28.974246
060      0.4035      -0.557728        0.217368             0.113544        10.867665
060      0.4159      -0.594200        0.257843             0.160889        21.714422
060      0.3224      -0.388317        0.097955             0.044761         1.135293
060      0.3662      -0.465333        0.121191             0.061111         2.774889
060      0.4859      -0.845394        0.275660             0.884622         0.747802
060      0.5271      -0.901356        0.226600             0.935306         0.314971
060      0.5848      -0.946422        0.096340             0.967978         0.076291
060      0.4606      -0.783900        0.321695             0.802078         2.444211
060      0.5027      -0.873278        0.199107             0.911394         0.380960
060      0.4497      -0.746350        0.444900             0.736094         5.876566
060      0.4724      -0.814189        0.241231             0.846756         1.545139
060      0.4392      -0.683806        0.459468             0.393239        71.273472
060      0.4286      -0.644433        0.398657             0.337422        55.646650
060      0.3911      -0.526250        0.236398             0.085633         5.688383
060      0.4054      -0.562328        0.236929             0.137117        13.481763
060      0.4175      -0.598783        0.220063             0.134522        20.399369
060      0.3310      -0.404094        0.081050             0.046283         1.418784
060      0.3696      -0.479433        0.156739             0.067156         3.001126
060      0.5318      -0.904967        0.122033             0.938433         0.159273
060      0.4880      -0.849289        0.212092             0.889206         0.552782
060      1.0000      -0.998700        0.005459             0.999339         0.001430
060      0.4622      -0.785794        0.372794             0.796133         4.711213
060      0.5055      -0.876033        0.205337             0.913711         0.338777
060      0.4742      -0.819878        0.339398             0.853356         1.549926
060      0.4512      -0.749228        0.401366             0.736944         4.624863
060      0.4407      -0.693839        0.535130             0.533983        38.867319
060      0.3933      -0.532661        0.163752             0.083733         4.900428
060      0.4301      -0.641094        0.362499             0.271244        26.210380
060      0.4192      -0.604267        0.276895             0.146289        14.745961
060      0.4072      -0.567239        0.229745             0.152183        14.547806
060      0.3728      -0.484333        0.159008             0.070478         3.333190
060      0.3381      -0.415306        0.122151             0.045189         1.644045
060      0.3758      -0.495228        0.142030             0.078039         4.373014
060      0.3442      -0.428683        0.100273             0.051483         1.897626
061      0.4902      -0.850379        0.186448             0.889390         0.577615
061      0.4639      -0.793265        0.322263             0.817060         2.019007
061      0.5372      -0.910599        0.144235             0.942725         0.205281
061      0.4760      -0.825751        0.195484             0.863058         0.875616
061      0.3787      -0.497775        0.170268             0.071212         5.703695
061      0.3955      -0.534243        0.242897             0.087966         6.798920
061      0.4317      -0.647853        0.320035             0.248003        54.099773
061      0.5085      -0.880016        0.162205             0.916823         0.318308
061      0.4528      -0.760613        0.387918             0.761295         4.646461
061      0.0000       0.003494        0.000000             0.013169         0.000000
061      0.4422      -0.713507        0.399292             0.643762         9.184234
061      0.4208      -0.609788        0.290031             0.137845        16.175933
061      0.4090      -0.579253        0.264949             0.126181        12.978832
061      0.3495      -0.437055        0.145576             0.048740         1.731877
061      0.4655      -0.798855        0.272926             0.829019         1.396417
061      0.4925      -0.857468        0.212596             0.897759         0.459462
061      0.5433      -0.918570        0.134106             0.948465         0.150599
061      0.4779      -0.827240        0.285651             0.859414         1.865830
061      0.3814      -0.503397        0.156596             0.078076         4.824066
061      0.5117      -0.885697        0.170801             0.921489         0.500658
061      0.4543      -0.764106        0.344954             0.767713         2.906186
061      0.3976      -0.542177        0.230921             0.097049         8.952068
061      0.4224      -0.621295        0.350769             0.225547        39.563542
061      0.4332      -0.649535        0.361532             0.234953        33.829853
061      0.4437      -0.715098        0.641652             0.624649        27.039162
061      0.4107      -0.577409        0.345205             0.100048         8.744299
061      0.2719      -0.310992        0.048996             0.029702         0.558266
061      0.3543      -0.446455        0.169495             0.051739         2.053123
061      0.4672      -0.798818        0.365041             0.822080         2.326536
061      0.4949      -0.859409        0.200787             0.898242         0.409923
061      0.5504      -0.922924        0.137432             0.952174         0.142335
061      0.4798      -0.830997        0.250128             0.867579         1.068210
061      0.5151      -0.888095        0.161140             0.923940         0.296742
061      0.4559      -0.770632        0.333134             0.786563         1.847904
061      0.4347      -0.663230        0.478477             0.404004        47.368141
061      0.3840      -0.509207        0.237483             0.079559         5.384664
061      0.4452      -0.721290        0.358745             0.652991        13.665823
061      0.3996      -0.546928        0.223080             0.102478         8.961640
061      0.4125      -0.583112        0.217723             0.112438        14.819627
061      0.4239      -0.617038        0.329103             0.140419        19.051788
061      0.2965      -0.347036        0.082149             0.032814         0.665581
061      0.3586      -0.452448        0.096001             0.053663         2.146419
061      0.4974      -0.863972        0.184929             0.902317         0.491082
061      0.5590      -0.931680        0.097581             0.958334         0.090831
061      0.4689      -0.809438        0.350698             0.840935         1.733874
061      0.4818      -0.839656        0.281272             0.876662         0.888151
061      0.5188      -0.894200        0.181554             0.929433         0.296638
061      0.4574      -0.769342        0.396563             0.762682         9.960358
061      0.4362      -0.676055        0.495030             0.446434        57.615599
061      0.4467      -0.729868        0.500951             0.678060        11.260442
061      0.3865      -0.516372        0.215406             0.086762         5.140063
061      0.4255      -0.633711        0.397565             0.300962        38.117819
061      0.4142      -0.591755        0.328460             0.127138        18.795029
061      0.4016      -0.556657        0.272504             0.103295         9.395674
061      0.3115      -0.368955        0.093382             0.040957         1.043889
061      0.3626      -0.464596        0.159470             0.060446         2.684557
061      0.5000      -0.867014        0.193742             0.904854         0.428307
061      0.5698      -0.937635        0.102574             0.962575         0.086895
061      0.4706      -0.809089        0.349113             0.835458         2.196769
061      0.5228      -0.897415        0.170748             0.932534         0.270307
061      0.4838      -0.837044        0.204478             0.876458         0.601218
061      0.4590      -0.775748        0.295846             0.781946         4.351269
061      0.4377      -0.674174        0.549920             0.379473        57.528073
061      0.4482      -0.743338        0.364591             0.731836         6.290342
061      0.3888      -0.521338        0.217600             0.080193         4.016950
061      0.4271      -0.636463        0.406093             0.313475        40.858950
061      0.4159      -0.591674        0.338300             0.152760        25.782274
061      0.4035      -0.559828        0.280489             0.123951        13.899525
061      0.3224      -0.390664        0.096771             0.037861         1.325885
061      0.3662      -0.471137        0.111160             0.058640         3.010170
061      0.5027      -0.873588        0.193803             0.911766         0.371784
061      0.5848      -0.945654        0.100446             0.967923         0.086910
061      0.4724      -0.816694        0.299107             0.849911         1.305849
061      0.4859      -0.844510        0.234002             0.882849         0.711889
061      0.5271      -0.903257        0.150359             0.936453         0.216941
061      0.4606      -0.784821        0.310396             0.809406         2.015706
061      0.4392      -0.701881        0.486110             0.620365        13.819187
061      0.4497      -0.748406        0.363813             0.742053         4.331039
061      0.3911      -0.523101        0.225859             0.089766         5.439374
061      0.4286      -0.627213        0.284174             0.171857        25.194097
061      0.4175      -0.597995        0.241102             0.168272        23.287140
061      0.4054      -0.560296        0.213330             0.083424         5.012648
061      0.3696      -0.478183        0.125324             0.067971         3.430514
061      0.3310      -0.403424        0.122909             0.045891         1.598669
061      0.5055      -0.877931        0.204625             0.915652         0.431324
061      1.0000      -0.998775        0.005648             0.999387         0.001412
061      0.4742      -0.819452        0.326601             0.852878         1.590570
061      0.4880      -0.848611        0.228715             0.886772         0.643906
061      0.5318      -0.905794        0.111941             0.937974         0.195288
061      0.4622      -0.790605        0.383182             0.812943         3.040700
061      0.4512      -0.736404        0.543322             0.584440        48.395268
061      0.4407      -0.688912        0.573507             0.494297        40.399511
061      0.4192      -0.604434        0.435601             0.200355        30.187135
061      0.4072      -0.567998        0.237627             0.113545         8.587085
061      0.4301      -0.638576        0.377269             0.242010        39.052571
061      0.3933      -0.532319        0.194951             0.083187         5.471851
061      0.3381      -0.415313        0.102370             0.039097         1.269725
061      0.3728      -0.483838        0.151884             0.070949         3.196870
061      0.3442      -0.430164        0.119642             0.045945         1.682721
061      0.3758      -0.496092        0.130584             0.067471         3.411089
062      0.4760      -0.823694        0.282761             0.858684         1.269502
062      0.4317      -0.645411        0.326879             0.255364        26.456550
062      0.5372      -0.913522        0.138633             0.944839         0.181329
062      0.4902      -0.850052        0.223256             0.889573         0.610299
062      0.4639      -0.793236        0.309823             0.811394         4.280012
062      0.3787      -0.500000        0.148327             0.068148         3.719315
062      0.5085      -0.880911        0.166083             0.917497         0.305138
062      0.3955      -0.540848        0.166920             0.093039         6.242989
062      0.4528      -0.756165        0.436999             0.746113         8.458740
062      0.4090      -0.571405        0.268610             0.108356         8.361776
062      0.4422      -0.704943        0.484311             0.554376        50.837820
062      0.4208      -0.606779        0.295859             0.168299        16.333854
062      0.0000      -0.013007        0.000000             0.007284         0.000000
062      0.3495      -0.437014        0.125448             0.049438         2.256541
062      0.4779      -0.827305        0.239406             0.863512         1.085906
062      0.4925      -0.857014        0.268172             0.896103         0.729650
062      0.5433      -0.916067        0.153874             0.946795         0.192210
062      0.5117      -0.885057        0.166494             0.922393         0.314191
062      0.3814      -0.503189        0.163595             0.071597         3.569980
062      0.4655      -0.797747        0.410752             0.821410         2.270834
062      0.4332      -0.657248        0.512595             0.344116        47.329391
062      0.4543      -0.763829        0.396089             0.762425         7.114843
062      0.3976      -0.543975        0.242617             0.094428         7.492224
062      0.4224      -0.617627        0.466816             0.198585        30.583788
062      0.4437      -0.719625        0.372675             0.636967        19.341699
062      0.4107      -0.575161        0.218538             0.109313         7.387009
062      0.2719      -0.309063        0.064086             0.030260         0.634465
062      0.3543      -0.447487        0.092260             0.059568         2.878864
062      0.4949      -0.859240        0.193735             0.897882         0.409987
062      0.4798      -0.835635        0.278693             0.875140         0.848772
062      0.5151      -0.887066        0.199456             0.923606         0.334825
062      0.5504      -0.923002        0.134770             0.951863         0.141176
062      0.4672      -0.800801        0.316014             0.831087         2.124539
062      0.4347      -0.669251        0.445261             0.456217        30.389353
062      0.3840      -0.510255        0.181701             0.072482         3.939291
062      0.4559      -0.768892        0.430710             0.785239         3.484546
062      0.4239      -0.616280        0.287088             0.135801        19.590228
062      0.4452      -0.723247        0.482883             0.680718         8.562470
062      0.3996      -0.545546        0.200296             0.095858         6.784538
062      0.4125      -0.583111        0.219479             0.116186        11.170115
062      0.2965      -0.346696        0.070155             0.033538         0.853602
062      0.3586      -0.450942        0.141985             0.051238         1.912366
062      0.4974      -0.864485        0.176441             0.903554         0.442725
062      0.5188      -0.892799        0.164006             0.928809         0.261733
062      0.4818      -0.835614        0.177241             0.875265         0.605712
062      0.5590      -0.929683        0.145734             0.956504         0.142524
062      0.4689      -0.803574        0.338927             0.820385         4.821169
062      0.4574      -0.777737        0.295672             0.802305         1.765610
062      0.4362      -0.664605        0.401825             0.349724        47.980946
062      0.3865      -0.514766        0.182418             0.075640         6.344854
062      0.4467      -0.730817        0.379797             0.703096         6.522462
062      0.4255      -0.626993        0.427954             0.254266        42.837852
062      0.4142      -0.589651        0.324839             0.134220        18.482991
062      0.4016      -0.550421        0.198804             0.104006         6.892236
062      0.3115      -0.372071        0.088859             0.039105         1.148526
062      0.3626      -0.460302        0.086346             0.065198         2.958642
062      0.5228      -0.896655        0.167574             0.931707         0.268077
062      0.5000      -0.866280        0.213730             0.904344         0.416614
062      0.5698      -0.936056        0.103818             0.961186         0.113240
062      0.4838      -0.843340        0.298094             0.879828         1.105426
062      0.4706      -0.812711        0.246444             0.846202         1.245472
062      0.4590      -0.782565        0.361862             0.808507         2.378488
062      0.4377      -0.695515        0.481317             0.602284        15.578604
062      0.3888      -0.520630        0.195216             0.081576         4.520711
062      0.4482      -0.735140        0.607849             0.649781        42.584365
062      0.4271      -0.628158        0.242927             0.195916        29.746436
062      0.4159      -0.597440        0.290680             0.181727        20.570828
062      0.4035      -0.557940        0.210043             0.094610         7.536680
062      0.3224      -0.391015        0.079838             0.044006         1.146354
062      0.3662      -0.476046        0.138971             0.054688         2.641203
062      0.5271      -0.902477        0.179174             0.935479         0.258781
062      0.5027      -0.870713        0.213539             0.909116         0.447291
062      0.5848      -0.945317        0.128916             0.967367         0.103925
062      0.4859      -0.846608        0.236311             0.887248         0.583520
062      0.4724      -0.817071        0.245653             0.853075         1.058402
062      0.4606      -0.781098        0.359512             0.792633         5.051518
062      0.4392      -0.691363        0.482199             0.484532        72.277683
062      0.4497      -0.743049        0.370547             0.718408         8.104050
062      0.3911      -0.526296        0.222731             0.093226         7.903712
062      0.4286      -0.647653        0.344366             0.437320        21.242658
062      0.4175      -0.599037        0.276073             0.175713        18.235356
062      0.4054      -0.564350        0.210651             0.101743        10.372580
062      0.3310      -0.401967        0.084804             0.042466         1.144333
062      0.3696      -0.477950        0.132074             0.060317         3.002400
062      0.5055      -0.877399        0.168818             0.914844         0.385076
062      1.0000      -0.998325        0.007937             0.999142         0.002047
062      0.5318      -0.906618        0.193906             0.939173         0.244316
062      0.4880      -0.845973        0.243910             0.886691         0.657367
062      0.4742      -0.820676        0.319224             0.856961         1.239984
062      0.4622      -0.790879        0.354991             0.816264         2.460107
062      0.4407      -0.701644        0.477709             0.605088        17.808500
062      0.4512      -0.749448        0.407634             0.730947         7.199602
062      0.4301      -0.638876        0.340089             0.209771        27.816613
062      0.3933      -0.534807        0.219001             0.082206         8.210140
062      0.4192      -0.602986        0.410340             0.197196        36.002288
062      0.4072      -0.566722        0.208095             0.094599        10.040698
062      0.3728      -0.482680        0.135208             0.061254         2.817203
062      0.3381      -0.415567        0.123554             0.050583         1.852244
062      0.3758      -0.492867        0.115777             0.064183         3.341605
062      0.3442      -0.428975        0.124931             0.046311         1.952725
063      0.4760      -0.820156        0.333792             0.854825         1.290845
063      0.4639      -0.795818        0.317535             0.826949         1.487845
063      0.4902      -0.849257        0.244309             0.887629         0.616938
063      0.5372      -0.911872        0.167219             0.943406         0.233068
063      0.5085      -0.880322        0.186266             0.918453         0.331236
063      0.4317      -0.649428        0.455481             0.342550        32.183145
063      0.4422      -0.694946        0.704461             0.431020       120.116433
063      0.4528      -0.757727        0.329703             0.758493         5.351588
063      0.3955      -0.537707        0.205399             0.069478         5.139267
063      0.4090      -0.573439        0.227377             0.130698        12.432146
063      0.4208      -0.608647        0.289204             0.162706        16.520700
063      0.3787      -0.498534        0.179027             0.061905         3.230824
063      0.0000       0.011842        0.000000             0.039053         0.000000
063      0.3495      -0.437556        0.115011             0.052930         2.228765
063      0.4779      -0.827538        0.344731             0.862051         1.393995
063      0.4655      -0.799012        0.336178             0.822993         2.601239
063      0.5117      -0.885251        0.186028             0.922303         0.305285
063      0.4925      -0.856815        0.169332             0.894931         0.456544
063      0.5433      -0.917314        0.155128             0.947599         0.199429
063      0.4332      -0.652144        0.465705             0.301990        44.735842
063      0.4543      -0.763588        0.264320             0.770693         3.069141
063      0.4437      -0.709564        0.467734             0.582086        26.337333
063      0.4224      -0.614543        0.291589             0.179063        32.764939
063      0.4107      -0.576982        0.187130             0.149826        15.487322
063      0.3814      -0.506042        0.152433             0.078040         4.441930
063      0.3976      -0.544051        0.220027             0.100700         7.826634
063      0.3543      -0.444671        0.162471             0.047614         2.145426
063      0.2719      -0.307831        0.044622             0.029322         0.452635
063      0.4798      -0.835802        0.278696             0.872225         0.838982
063      0.5504      -0.924046        0.145571             0.952779         0.181530
063      0.4672      -0.803981        0.373603             0.835087         2.280305
063      0.5151      -0.886122        0.148891             0.923129         0.257139
063      0.4949      -0.859174        0.232440             0.899541         0.475214
063      0.4559      -0.764994        0.410345             0.759093         7.602978
063      0.4347      -0.670602        0.364354             0.460212        25.758378
063      0.4452      -0.717642        0.610604             0.634240        16.507566
063      0.4125      -0.582368        0.319889             0.117753         9.743594
063      0.3996      -0.546410        0.211757             0.093832         8.461081
063      0.4239      -0.620247        0.277220             0.217445        29.727931
063      0.3840      -0.508007        0.161297             0.077712         4.156387
063      0.3586      -0.454361        0.120237             0.049448         1.676750
063      0.2965      -0.346072        0.084696             0.032965         0.735736
063      0.5590      -0.930123        0.108941             0.956503         0.138854
063      0.4818      -0.834875        0.258016             0.871298         1.126874
063      0.4974      -0.865089        0.217588             0.902837         0.551201
063      0.4689      -0.806228        0.321207             0.835233         1.991875
063      0.5188      -0.860489        1.088347             0.557858       283.302847
063      0.4574      -0.773721        0.267755             0.795107         2.043799
063      0.4362      -0.686657        0.407657             0.540826        27.351822
063      0.4467      -0.730164        0.420849             0.681209        13.408332
063      0.4255      -0.624016        0.235567             0.196266        28.874204
063      0.4142      -0.588884        0.214804             0.128758        12.225918
063      0.4016      -0.548506        0.197863             0.075193         5.887480
063      0.3865      -0.515359        0.151079             0.076599         4.593642
063      0.3626      -0.461063        0.143545             0.050385         2.573100
063      0.3115      -0.370214        0.083558             0.039456         1.110282
063      0.5698      -0.937420        0.114335             0.962096         0.101559
063      0.5000      -0.868113        0.195437             0.908012         0.423058
063      0.4838      -0.839511        0.250047             0.878231         0.776051
063      0.4706      -0.809937        0.334034             0.839093         1.689821
063      0.5228      -0.897128        0.193835             0.931590         0.286450
063      0.4590      -0.774422        0.560482             0.777934         7.154319
063      0.4377      -0.668677        0.419361             0.256034        34.474985
063      0.4482      -0.745024        0.352021             0.742061         4.373000
063      0.4271      -0.627176        0.245387             0.176447        19.110494
063      0.4159      -0.595651        0.217726             0.143563        18.419743
063      0.4035      -0.560010        0.189956             0.103981         9.653154
063      0.3888      -0.520867        0.177879             0.077556         5.418822
063      0.3662      -0.471025        0.151355             0.061003         2.729764
063      0.3224      -0.389176        0.084059             0.033747         0.760045
063      0.5848      -0.945760        0.086040             0.967765         0.068924
063      0.5027      -0.872855        0.197869             0.911474         0.394385
063      0.4859      -0.845835        0.269544             0.884706         0.868226
063      0.5271      -0.901280        0.129791             0.935687         0.174184
063      0.4724      -0.819249        0.248004             0.854482         1.141883
063      0.4606      -0.778463        0.348300             0.786017         3.140504
063      0.4497      -0.741406        0.396859             0.723487         8.115473
063      0.4392      -0.689347        0.567904             0.504384        66.468331
063      0.4286      -0.638191        0.549057             0.227105        57.694578
063      0.4175      -0.595223        0.239221             0.162761        20.282568
063      0.4054      -0.563820        0.190736             0.090612         7.601837
063      0.3911      -0.527045        0.169913             0.074502         4.254048
063      0.3696      -0.475586        0.129230             0.050995         3.303421
063      0.3310      -0.401018        0.156047             0.042207         1.395349
063      1.0000      -0.998438        0.006362             0.999194         0.001731
063      0.5055      -0.877964        0.196988             0.914578         0.410664
063      0.5318      -0.906062        0.160494             0.938574         0.239929
063      0.4880      -0.848954        0.222726             0.887735         0.703283
063      0.4742      -0.820207        0.316256             0.857687         1.137073
063      0.4622      -0.789221        0.309348             0.815999         1.699945
063      0.4512      -0.751424        0.381697             0.738644         6.302964
063      0.4407      -0.704046        0.498517             0.631353        13.875168
063      0.4301      -0.644893        0.296611             0.296493        28.470353
063      0.4072      -0.562207        0.206567             0.101698         9.142770
063      0.4192      -0.605573        0.238391             0.158100        20.675649
063      0.3933      -0.529635        0.199812             0.081678         5.826893
063      0.3728      -0.482761        0.170977             0.056765         2.748506
063      0.3381      -0.416735        0.117244             0.038735         1.061535
063      0.3758      -0.494674        0.169352             0.062389         3.171789
063      0.3442      -0.428838        0.108122             0.044691         1.458457
064      0.4639      -0.796636        0.349596             0.823926         2.154692
064      0.4528      -0.762329        0.330744             0.772427         3.792124
064      0.4760      -0.823784        0.288226             0.855537         1.609233
064      0.5085      -0.881563        0.183234             0.919663         0.318071
064      0.4902      -0.853081        0.248035             0.891650         0.650738
064      0.3787      -0.497812        0.191656             0.071792         3.806422
064      0.3955      -0.536543        0.217463             0.094243         5.544291
064      0.5372      -0.912393        0.146032             0.944429         0.204741
064      0.4208      -0.610698        0.258542             0.155762        18.107359
064      0.4317      -0.642856        0.248403             0.170605        27.669451
064      0.4422      -0.703462        0.650092             0.489966       109.121779
064      0.4090      -0.576743        0.245626             0.117163        12.890318
064      0.3495      -0.433198        0.104794             0.050405         1.888769
064      0.0000       0.013184        0.000000             0.016602         0.000000
064      0.4655      -0.798960        0.257874             0.829517         1.304549
064      0.4779      -0.829746        0.285991             0.867378         0.992423
064      0.4543      -0.764351        0.374523             0.773618         4.417764
064      0.5117      -0.884966        0.173451             0.920288         0.397974
064      0.4925      -0.857422        0.251734             0.895923         0.732156
064      0.5433      -0.918804        0.111258             0.948652         0.140321
064      0.4224      -0.617236        0.215413             0.205957        32.131667
064      0.4437      -0.706348        0.628160             0.487207        91.150689
064      0.4332      -0.659263        0.420170             0.325728        44.347697
064      0.3976      -0.544414        0.181447             0.078076         5.439177
064      0.3814      -0.503384        0.154746             0.075464         4.705723
064      0.4107      -0.576245        0.274136             0.136362        16.608224
064      0.3543      -0.446147        0.114744             0.057310         2.416311
064      0.2719      -0.309604        0.050145             0.028530         0.521554
064      0.4672      -0.804297        0.283766             0.834253         1.566102
064      0.4798      -0.831709        0.270336             0.865825         1.429155
064      0.4559      -0.768906        0.411334             0.775083         4.799537
064      0.4949      -0.861196        0.159415             0.899990         0.396817
064      0.5504      -0.922529        0.112294             0.951675         0.131144
064      0.5151      -0.888477        0.134310             0.925112         0.223559
064      0.4452      -0.732183        0.454414             0.704658        10.615934
064      0.4239      -0.631387        0.364131             0.312109        43.180326
064      0.4347      -0.669033        0.464035             0.461362        35.342823
064      0.3996      -0.548354        0.201247             0.083330         6.995714
064      0.4125      -0.583896        0.287609             0.131670        20.411532
064      0.3840      -0.508560        0.157328             0.070137         5.484988
064      0.2965      -0.346465        0.075773             0.030469         0.600787
064      0.3586      -0.454404        0.107358             0.055220         2.829930
064      0.4689      -0.812148        0.304111             0.842900         1.777506
064      0.4818      -0.837886        0.246278             0.874419         1.079441
064      0.4974      -0.864634        0.240048             0.903481         0.498968
064      0.5590      -0.928560        0.119208             0.955781         0.122125
064      0.4574      -0.774932        0.417969             0.790308         3.222626
064      0.5188      -0.894360        0.209162             0.929604         0.370661
064      0.4467      -0.719751        0.499188             0.594248        39.916171
064      0.4016      -0.554277        0.208182             0.086484         6.989159
064      0.4362      -0.687969        0.420064             0.496826        52.430775
064      0.4255      -0.624595        0.377508             0.179614        36.030195
064      0.3865      -0.516787        0.199859             0.067896         4.482159
064      0.4142      -0.589604        0.324202             0.192998        23.140811
064      0.3626      -0.460586        0.108787             0.059624         3.431758
064      0.3115      -0.370601        0.098250             0.035522         1.044330
064      0.4706      -0.809639        0.347674             0.831060         5.298339
064      0.5000      -0.867275        0.268438             0.904346         0.627595
064      0.5698      -0.937983        0.143897             0.962217         0.136018
064      0.4838      -0.841016        0.326295             0.876821         1.309551
064      0.4590      -0.778335        0.315663             0.796885         1.922778
064      0.5228      -0.897847        0.177474             0.933486         0.246902
064      0.4482      -0.742329        0.436653             0.723096         7.215267
064      0.4035      -0.555820        0.214308             0.096050         8.542376
064      0.4377      -0.679829        0.389914             0.458306        29.109814
064      0.4271      -0.627778        0.252438             0.128174        15.046363
064      0.3888      -0.521499        0.167942             0.082378         4.738222
064      0.4159      -0.594717        0.303964             0.161816        24.127268
064      0.3662      -0.468555        0.131387             0.055840         3.057681
064      0.3224      -0.386768        0.083989             0.037520         1.093728
064      0.4724      -0.816533        0.243163             0.852412         1.113114
064      0.5027      -0.869907        0.183924             0.908555         0.343144
064      0.5848      -0.944292        0.101454             0.966636         0.079716
064      0.4859      -0.846323        0.272295             0.883579         0.860662
064      0.4606      -0.783794        0.377589             0.800610         3.511075
064      0.5271      -0.904946        0.212050             0.937446         0.316058
064      0.4497      -0.745723        0.411233             0.721074         7.500517
064      0.4054      -0.566284        0.227214             0.106689         8.442863
064      0.4392      -0.690078        0.405795             0.471318        61.703275
064      0.4286      -0.641714        0.416070             0.310918        49.614261
064      0.3911      -0.528560        0.253108             0.079492         6.430916
064      0.4175      -0.594634        0.277406             0.122378        15.433873
064      0.3696      -0.475464        0.194973             0.058096         3.192664
064      0.3310      -0.403027        0.080099             0.040884         1.586038
064      0.4742      -0.820474        0.277949             0.856592         1.152506
064      0.5055      -0.877261        0.210343             0.915078         0.440420
064      1.0000      -0.998608        0.005669             0.999297         0.001466
064      0.4880      -0.848896        0.262009             0.887197         0.708769
064      0.4622      -0.791230        0.287424             0.817749         1.509304
064      0.5318      -0.907842        0.135191             0.940664         0.205996
064      0.4512      -0.750645        0.437525             0.740127         8.523258
064      0.4407      -0.703066        0.558386             0.604756        17.861468
064      0.4072      -0.568872        0.299184             0.100020         9.325487
064      0.4301      -0.659336        0.558843             0.429639        46.926001
064      0.4192      -0.605591        0.357486             0.169526        23.074460
064      0.3933      -0.533667        0.204047             0.085762         5.815927
064      0.3728      -0.489316        0.166553             0.062964         3.124596
064      0.3381      -0.417988        0.105088             0.043066         1.435629
064      0.3758      -0.492881        0.106394             0.067661         4.406012
064      0.3442      -0.429868        0.091332             0.043789         1.481404
065      0.4902      -0.850604        0.250093             0.888942         0.787881
065      0.4208      -0.609008        0.397130             0.199882        24.537682
065      0.4760      -0.824369        0.277385             0.860554         0.966160
065      0.5085      -0.881013        0.175989             0.918589         0.316865
065      0.5372      -0.910613        0.140166             0.943167         0.167174
065      0.3787      -0.497922        0.151985             0.078296         4.161609
065      0.4639      -0.795801        0.325252             0.819579         2.429994
065      0.3955      -0.537051        0.205197             0.091082         8.942244
065      0.4528      -0.755493        0.324873             0.756166         3.784962
065      0.4317      -0.645576        0.222970             0.209458        23.363250
065      0.4422      -0.703839        0.808341             0.518381       104.281240
065      0.4090      -0.576218        0.205520             0.081307         5.982397
065      0.3495      -0.436578        0.121877             0.046689         2.479223
065      0.0000       0.007811        0.000000             0.028166         0.000000
065      0.4925      -0.858201        0.224433             0.897728         0.549732
065      0.4655      -0.798831        0.317738             0.830215         1.673272
065      0.5117      -0.884606        0.185884             0.922182         0.286731
065      0.4779      -0.827262        0.271835             0.860833         1.047663
065      0.3976      -0.543825        0.251521             0.078996         5.673919
065      0.3814      -0.504308        0.174015             0.071138         4.358896
065      0.4224      -0.617122        0.384470             0.172862        30.528855
065      0.5433      -0.918585        0.130540             0.949297         0.135404
065      0.4437      -0.693605        0.580395             0.302069       130.489841
065      0.4543      -0.764738        0.322624             0.773865         3.051264
065      0.4107      -0.580147        0.252821             0.098656         8.272081
065      0.3543      -0.444663        0.126179             0.041311         1.634438
065      0.4332      -0.655105        0.458637             0.302618        56.897158
065      0.2719      -0.310026        0.052805             0.025718         0.543032
065      0.4949      -0.860161        0.228080             0.898774         0.490456
065      0.4798      -0.834452        0.246463             0.870570         0.863169
065      0.4672      -0.805969        0.257101             0.838940         1.275702
065      0.5151      -0.890428        0.170794             0.926684         0.223340
065      0.5504      -0.923370        0.119684             0.952682         0.117902
065      0.4452      -0.727238        0.419406             0.683470        12.380174
065      0.4559      -0.766646        0.346031             0.776516         3.593384
065      0.3996      -0.548090        0.200422             0.093169         6.988480
065      0.3840      -0.509136        0.137530             0.071692         4.684315
065      0.4239      -0.619957        0.405516             0.254121        31.978906
065      0.4125      -0.582499        0.297679             0.112024        13.350375
065      0.4347      -0.667636        0.489095             0.407834        49.421439
065      0.3586      -0.454542        0.098086             0.054959         2.292457
065      0.2965      -0.345837        0.073322             0.036147         0.825440
065      0.4974      -0.865217        0.177117             0.903460         0.513241
065      0.5188      -0.894201        0.194514             0.929785         0.297904
065      0.4818      -0.836966        0.189585             0.872383         1.284834
065      0.5590      -0.931408        0.122906             0.958386         0.104046
065      0.4689      -0.810457        0.292239             0.844175         1.398533
065      0.4574      -0.771271        0.302625             0.775512         3.884219
065      0.4467      -0.733146        0.573741             0.702779        13.777614
065      0.4016      -0.552914        0.235601             0.102878         8.607267
065      0.4255      -0.623948        0.318681             0.157269        25.319303
065      0.3865      -0.515967        0.186429             0.070225         5.614007
065      0.4142      -0.587186        0.225483             0.133202        15.832845
065      0.4362      -0.678930        0.449726             0.515825        20.843422
065      0.3626      -0.467228        0.150807             0.057027         2.795991
065      0.3115      -0.368204        0.080498             0.032208         0.770185
065      0.5000      -0.817273        0.221144             0.202996        54.045116
065      0.5228      -0.900511        0.169958             0.935815         0.216792
065      0.4838      -0.842334        0.217015             0.880525         0.656441
065      0.5698      -0.938362        0.091791             0.962987         0.084464
065      0.4706      -0.813486        0.326461             0.846433         1.507647
065      0.4590      -0.786149        0.339562             0.809335         2.633138
065      0.4482      -0.738902        0.520291             0.714277         6.883875
065      0.4035      -0.559598        0.251926             0.090301         8.302077
065      0.4271      -0.630338        0.298058             0.202949        44.212570
065      0.3888      -0.521425        0.159928             0.082140         4.499880
065      0.4377      -0.669557        0.505410             0.310783        68.686206
065      0.4159      -0.595124        0.205977             0.146258        17.207945
065      0.3662      -0.472279        0.135023             0.058301         2.975374
065      0.3224      -0.388440        0.092439             0.037737         0.896903
065      0.5027      -0.873112        0.212372             0.911688         0.411680
065      0.5271      -0.901946        0.132442             0.935744         0.173882
065      0.4859      -0.844511        0.147555             0.883607         0.538101
065      0.4724      -0.818391        0.324197             0.852776         1.319963
065      0.5848      -0.945950        0.089821             0.967948         0.088638
065      0.4606      -0.782258        0.353350             0.800767         2.688755
065      0.4497      -0.747484        0.442566             0.723910         9.850280
065      0.4054      -0.563740        0.226661             0.117789        10.797359
065      0.4286      -0.637378        0.346261             0.236729        30.820280
065      0.3911      -0.526286        0.213559             0.070092         5.180869
065      0.4392      -0.689302        0.485515             0.529922        27.525407
065      0.4175      -0.597718        0.300860             0.179716        21.763702
065      0.3696      -0.478599        0.144394             0.065818         3.403936
065      0.3310      -0.405037        0.081064             0.041652         1.216259
065      0.5055      -0.875858        0.250422             0.914102         0.388188
065      0.5318      -0.905851        0.182260             0.938826         0.248069
065      0.4880      -0.848663        0.256848             0.886831         0.769635
065      0.4742      -0.823318        0.332122             0.861908         0.998567
065      1.0000      -0.998570        0.006407             0.999280         0.001635
065      0.4622      -0.789070        0.266850             0.814050         1.611334
065      0.4512      -0.753392        0.470813             0.747867         8.517808
065      0.4301      -0.638888        0.312473             0.164985        25.113532
065      0.4072      -0.568596        0.305967             0.131209        16.216451
065      0.3933      -0.533226        0.205681             0.087820         6.764716
065      0.4407      -0.692630        0.535712             0.503830        41.453270
065      0.4192      -0.603564        0.304060             0.127839        13.330299
065      0.3728      -0.487375        0.169886             0.069288         4.426063
065      0.3381      -0.415636        0.112345             0.040809         1.212720
065      0.3758      -0.493936        0.143119             0.069818         3.998145
065      0.3442      -0.429543        0.089677             0.046703         2.083684
066      0.5372      -0.910721        0.143779             0.942681         0.177712
066      0.4760      -0.823430        0.348807             0.860964         1.466576
066      0.4902      -0.852929        0.228380             0.892296         0.676392
066      0.4317      -0.647713        0.326666             0.257158        42.446052
066      0.4422      -0.712585        0.844141             0.593567        75.497331
066      0.5085      -0.879495        0.168206             0.916575         0.296662
066      0.3955      -0.538026        0.211519             0.088476         5.617544
066      0.4639      -0.791203        0.254160             0.817498         2.165435
066      0.4528      -0.759858        0.425850             0.765776         4.161337
066      0.4208      -0.611804        0.308345             0.162723        13.584364
066      0.4090      -0.575831        0.244893             0.118857        10.997797
066      0.3787      -0.496951        0.230152             0.068581         4.521274
066      0.3495      -0.438618        0.119877             0.050174         2.003085
066      0.0000      -0.003673        0.000000             0.022498         0.000000
066      0.5433      -0.916570        0.113866             0.947250         0.126152
066      0.4779      -0.829307        0.193150             0.864504         0.815826
066      0.4925      -0.855716        0.220793             0.894504         0.512655
066      0.4655      -0.799233        0.296751             0.826529         1.948870
066      0.5117      -0.886208        0.151885             0.923320         0.250830
066      0.4332      -0.659913        0.356004             0.435670        29.103625
066      0.4437      -0.724013        0.448867             0.668182        16.699254
066      0.4543      -0.759307        0.362307             0.757392         4.169435
066      0.3976      -0.544449        0.191344             0.096019        11.634457
066      0.4224      -0.620023        0.255230             0.276318        28.755006
066      0.4107      -0.581276        0.227297             0.177029        21.242111
066      0.3814      -0.504224        0.160315             0.060978         3.491271
066      0.3543      -0.445528        0.136168             0.045193         1.682338
066      0.2719      -0.310574        0.065999             0.030376         0.701250
066      0.5504      -0.922934        0.170575             0.951979         0.174824
066      0.4798      -0.834408        0.233636             0.868076         1.138974
066      0.4949      -0.860652        0.202861             0.898733         0.511390
066      0.5151      -0.886731        0.188903             0.923292         0.382233
066      0.4672      -0.803967        0.390606             0.833522         1.456294
066      0.4452      -0.714899        0.740329             0.595500        47.681471
066      0.4559      -0.774959        0.411597             0.794816         2.556405
066      0.4347      -0.659229        0.421113             0.305046        30.717916
066      0.3996      -0.546042        0.229320             0.086781         6.299512
066      0.4125      -0.582075        0.250538             0.124853        13.552323
066      0.4239      -0.622401        0.250888             0.190606        36.392937
066      0.3840      -0.505735        0.175115             0.064334         4.120928
066      0.3586      -0.452599        0.152430             0.056006         2.626928
066      0.2965      -0.346157        0.079441             0.033953         0.789440
066      0.5590      -0.928476        0.128560             0.956070         0.132314
066      0.4818      -0.837479        0.286096             0.874123         1.168005
066      0.4974      -0.863439        0.193454             0.901630         0.528343
066      0.5188      -0.892029        0.157630             0.926823         0.340065
066      0.4689      -0.807902        0.325146             0.839752         1.918944
066      0.4467      -0.726331        0.555770             0.662723        14.654962
066      0.4574      -0.772888        0.459841             0.783191         3.943871
066      0.4362      -0.669821        0.442032             0.391699        60.283402
066      0.4255      -0.628365        0.290798             0.241028        31.302467
066      0.4016      -0.550115        0.201764             0.081511         6.118854
066      0.4142      -0.588049        0.313639             0.114040        12.216507
066      0.3865      -0.515376        0.123536             0.078242         4.718095
066      0.3626      -0.461134        0.122142             0.058503         2.823445
066      0.3115      -0.370514        0.085183             0.036869         0.913838
066      0.5698      -0.936818        0.134985             0.961777         0.129533
066      0.5000      -0.865569        0.188259             0.905569         0.311621
066      0.4838      -0.839770        0.215429             0.877438         0.765841
066      0.5228      -0.898476        0.167560             0.932626         0.214196
066      0.4482      -0.742934        0.287725             0.721869         4.344478
066      0.4706      -0.793214        0.626211             0.615647       216.038005
066      0.4590      -0.779725        0.331918             0.797539         3.221770
066      0.4377      -0.667025        0.341199             0.241442        52.728873
066      0.4271      -0.628232        0.358742             0.138457        24.083821
066      0.4159      -0.589366        0.308865             0.126736        12.463430
066      0.4035      -0.557094        0.237624             0.105560         8.146456
066      0.3888      -0.521538        0.199555             0.068104         4.222061
066      0.3662      -0.471331        0.133303             0.060051         3.170459
066      0.3224      -0.387176        0.095812             0.037273         1.306115
066      0.5848      -0.945248        0.113826             0.967227         0.091663
066      0.5027      -0.873705        0.192836             0.912259         0.345532
066      0.4859      -0.846795        0.223249             0.885670         0.634879
066      0.5271      -0.903035        0.171175             0.936400         0.250100
066      0.4724      -0.817741        0.308638             0.851749         1.264173
066      0.4497      -0.743554        0.609330             0.698278        18.674007
066      0.4606      -0.785386        0.401807             0.801983         3.191595
066      0.4392      -0.686240        0.522950             0.450147       109.827911
066      0.4286      -0.638710        0.318985             0.280904        56.996416
066      0.4175      -0.598039        0.267273             0.130620        18.103130
066      0.4054      -0.563118        0.219944             0.126566        13.585908
066      0.3911      -0.526993        0.166641             0.070496         5.216845
066      0.3696      -0.478462        0.166220             0.068269         2.918878
066      0.3310      -0.403191        0.084754             0.044330         1.676818
066      1.0000      -0.998494        0.007292             0.999233         0.001967
066      0.5055      -0.876162        0.220707             0.914178         0.401669
066      0.4880      -0.848609        0.230802             0.888260         0.566675
066      0.5318      -0.906901        0.142256             0.939610         0.198367
066      0.4742      -0.819972        0.279130             0.857328         1.113396
066      0.4622      -0.789908        0.337715             0.812897         2.364429
066      0.4512      -0.751478        0.478196             0.738035         8.030819
066      0.4407      -0.687355        0.757191             0.402672       115.826873
066      0.4192      -0.599848        0.314637             0.133384        18.537943
066      0.4301      -0.641850        0.453036             0.282778        54.860790
066      0.4072      -0.568972        0.286854             0.113062        16.085947
066      0.3933      -0.531093        0.201442             0.070468         5.180426
066      0.3728      -0.482727        0.142858             0.056309         2.981691
066      0.3381      -0.418994        0.138554             0.041249         1.332696
066      0.3758      -0.495592        0.112094             0.057553         3.576536
066      0.3442      -0.429238        0.138570             0.043118         1.422992
067      0.4902      -0.849592        0.247023             0.887525         0.709092
067      0.4760      -0.823956        0.299919             0.858499         1.216179
067      0.5085      -0.879523        0.155190             0.917447         0.302856
067      0.5372      -0.912591        0.139785             0.944139         0.194979
067      0.3787      -0.499216        0.158015             0.055955         2.883229
067      0.3955      -0.535745        0.199250             0.081907         6.473963
067      0.4639      -0.793330        0.339413             0.811406         4.236636
067      0.4422      -0.709245        0.621795             0.611446        29.770296
067      0.4317      -0.653215        0.489007             0.363310        63.059506
067      0.4528      -0.752698        0.384124             0.718552        18.374714
067      0.4208      -0.612796        0.365693             0.256017        52.006570
067      0.4090      -0.572283        0.219760             0.087623         8.260856
067      0.0000      -0.010916        0.000000             0.014925         0.000000
067      0.3495      -0.436293        0.135584             0.054025         2.329464
067      0.4925      -0.856614        0.226674             0.895264         0.559963
067      0.4779      -0.828920        0.312844             0.866750         1.143413
067      0.5117      -0.883021        0.228561             0.919688         0.406191
067      0.4655      -0.800414        0.295002             0.832974         1.405711
067      0.5433      -0.917046        0.139590             0.947815         0.144466
067      0.4543      -0.760022        0.350242             0.761038         8.047395
067      0.4437      -0.716329        0.738213             0.618458        41.277347
067      0.3814      -0.502103        0.175256             0.066033         3.794219
067      0.4224      -0.609993        0.332625             0.131281        17.480074
067      0.3976      -0.540058        0.190064             0.070742         4.504562
067      0.4332      -0.647360        0.435935             0.188612        52.936003
067      0.4107      -0.578922        0.277663             0.118744        15.398540
067      0.3543      -0.447792        0.115273             0.050176         1.995854
067      0.2719      -0.308915        0.059671             0.029811         0.682154
067      0.4949      -0.861270        0.189850             0.898753         0.548784
067      0.4798      -0.835148        0.257375             0.873442         0.811625
067      0.5151      -0.890345        0.164259             0.926389         0.267711
067      0.4672      -0.803921        0.243397             0.830639         1.590442
067      0.5504      -0.924121        0.130807             0.952582         0.127844
067      0.4559      -0.769739        0.323004             0.785427         2.977453
067      0.4452      -0.721925        0.495701             0.634435        23.164519
067      0.4239      -0.621328        0.355595             0.204620        26.689363
067      0.4347      -0.664384        0.397923             0.322606        79.954614
067      0.3996      -0.549526        0.208441             0.086282         6.741228
067      0.3840      -0.510769        0.166843             0.064803         3.940591
067      0.4125      -0.583685        0.280606             0.142188        15.366704
067      0.3586      -0.456315        0.136556             0.048608         2.430416
067      0.2965      -0.347017        0.081852             0.033317         0.888969
067      0.4974      -0.864032        0.180842             0.902156         0.564115
067      0.4818      -0.837607        0.226405             0.878004         0.737372
067      0.5188      -0.886318        0.506095             0.841470        95.567910
067      0.4689      -0.809156        0.251529             0.841996         1.562644
067      0.5590      -0.928100        0.115325             0.955170         0.131502
067      0.4574      -0.774520        0.288679             0.785449         4.958282
067      0.4467      -0.731205        0.340815             0.690666         7.617041
067      0.4362      -0.666705        0.574134             0.301181        81.602598
067      0.4255      -0.626402        0.342282             0.244112        28.454204
067      0.4016      -0.550488        0.176649             0.099047         9.560174
067      0.3865      -0.515282        0.148947             0.081247         5.423202
067      0.4142      -0.587881        0.224741             0.152217        20.655220
067      0.3626      -0.464179        0.151780             0.052408         2.720626
067      0.3115      -0.370327        0.073090             0.033477         0.797547
067      0.5000      -0.866732        0.247808             0.903970         0.628892
067      0.4838      -0.842103        0.232596             0.881684         0.737119
067      0.5228      -0.898303        0.110601             0.932787         0.209048
067      0.5698      -0.936307        0.090079             0.961038         0.100020
067      0.4706      -0.812662        0.267583             0.846260         1.343414
067      0.4590      -0.779416        0.283871             0.791455         3.666539
067      0.4482      -0.738401        0.453977             0.703618        13.927480
067      0.4377      -0.680548        0.512637             0.454155        34.646205
067      0.4271      -0.630867        0.306963             0.179862        38.271261
067      0.4035      -0.559024        0.215259             0.089588         7.453277
067      0.3888      -0.522000        0.174780             0.080316         6.074423
067      0.4159      -0.592983        0.346337             0.087748         7.749418
067      0.3662      -0.468804        0.192881             0.064870         2.860710
067      0.3224      -0.387939        0.101141             0.034890         1.040324
067      0.5027      -0.872395        0.203047             0.911308         0.337609
067      0.4859      -0.844313        0.256516             0.881724         1.015193
067      0.5271      -0.903698        0.129845             0.937122         0.228004
067      0.5848      -0.946135        0.090191             0.967819         0.090496
067      0.4724      -0.815932        0.284341             0.850733         1.330577
067      0.4497      -0.751285        0.330968             0.748443         4.258654
067      0.4606      -0.785694        0.231469             0.812974         1.414639
067      0.4392      -0.703921        0.527955             0.599679        32.531913
067      0.4286      -0.640285        0.315811             0.143137        23.049295
067      0.4054      -0.561724        0.242301             0.082682         6.669981
067      0.4175      -0.600615        0.316821             0.202370        23.266839
067      0.3911      -0.527681        0.169704             0.081586         5.723292
067      0.3696      -0.478343        0.135459             0.059332         3.051354
067      0.3310      -0.403480        0.073788             0.041550         1.225161
067      0.5055      -0.877336        0.195526             0.914787         0.341582
067      0.4880      -0.848171        0.247033             0.885329         1.016896
067      1.0000      -0.998663        0.005454             0.999318         0.001448
067      0.5318      -0.907632        0.148093             0.940432         0.197919
067      0.4742      -0.817603        0.238436             0.852417         1.092348
067      0.4512      -0.751579        0.393449             0.740659         6.146333
067      0.4622      -0.786732        0.526872             0.792417         7.550387
067      0.4301      -0.638196        0.319475             0.237893        37.527797
067      0.4407      -0.703132        0.462437             0.552377        56.352519
067      0.3933      -0.530608        0.187495             0.080116         6.972873
067      0.4192      -0.603306        0.318388             0.163587        27.671548
067      0.4072      -0.570109        0.284874             0.112319        12.613734
067      0.3728      -0.485413        0.156807             0.061880         3.192346
067      0.3381      -0.416186        0.121726             0.039296         1.013680
067      0.3758      -0.494373        0.113338             0.056609         3.260285
067      0.3442      -0.427775        0.121065             0.043395         1.521328
068      0.4639      -0.800986        0.278776             0.831016         1.643159
068      0.4925      -0.862950        0.185666             0.901942         0.494024
068      0.4559      -0.774446        0.324211             0.776527         6.347632
068      0.4818      -0.844542        0.230357             0.885017         0.586943
068      0.5055      -0.881172        0.152879             0.918975         0.277669
068      0.5504      -0.924883        0.120197             0.953387         0.124416
068      0.4175      -0.598080        0.295115             0.152145        19.753396
068      0.4090      -0.574827        0.227523             0.151670        13.087056
068      0.5228      -0.901220        0.118333             0.935709         0.177233
068      0.4332      -0.667785        0.472587             0.413577        32.231698
068      0.4407      -0.718123        0.396380             0.657963        10.902969
068      0.0000       0.010813        0.000000             0.004325         0.000000
068      0.4724      -0.824148        0.271603             0.860623         1.423145
068      0.4255      -0.635809        0.352974             0.248456        59.259203
068      0.3662      -0.473849        0.167299             0.054983         3.200795
068      0.3381      -0.417418        0.107904             0.044918         1.661992
068      0.3840      -0.513655        0.184425             0.063655         3.631509
068      0.4482      -0.752327        0.332936             0.750843         3.835406
068      0.3976      -0.545428        0.212737             0.079775         6.803113
068      0.4107      -0.582643        0.223760             0.102755         9.560793
068      0.4655      -0.807314        0.338581             0.840121         1.612902
068      0.4574      -0.782297        0.322119             0.790688         4.940034
068      0.4192      -0.608067        0.353672             0.196847        28.495486
068      0.4949      -0.866613        0.159742             0.906739         0.319526
068      0.2719      -0.311713        0.050469             0.029416         0.605303
068      0.5271      -0.906099        0.109209             0.939823         0.144785
068      0.4422      -0.719490        0.488200             0.658832        13.568574
068      0.4838      -0.845411        0.204661             0.883235         0.678893
068      0.5085      -0.883668        0.153890             0.921522         0.281865
068      0.3696      -0.479022        0.158295             0.060298         3.489767
068      0.4271      -0.636419        0.287127             0.224105        27.045152
068      0.5590      -0.931298        0.130845             0.957946         0.130203
068      0.4347      -0.670108        0.310083             0.241401        40.426174
068      0.4497      -0.761280        0.235597             0.768607         2.418686
068      0.3865      -0.519092        0.150233             0.077772         5.142846
068      0.4742      -0.828417        0.187345             0.865074         0.691147
068      0.3442      -0.429723        0.102375             0.044823         1.920558
068      0.3996      -0.552483        0.208891             0.097128         9.394961
068      0.4125      -0.590242        0.295676             0.133529        18.668659
068      0.4672      -0.811094        0.260817             0.846453         1.285084
068      0.4590      -0.787760        0.327962             0.811510         2.046489
068      0.2965      -0.347764        0.061169             0.032033         0.595579
068      0.4208      -0.614144        0.321885             0.196535        29.116541
068      0.4974      -0.866553        0.194715             0.905454         0.555018
068      0.3728      -0.487431        0.129467             0.063136         4.200921
068      0.5318      -0.910415        0.128941             0.943157         0.170258
068      0.4859      -0.851228        0.235262             0.890247         0.741295
068      0.4362      -0.697167        0.507636             0.591358        32.235621
068      0.5117      -0.890061        0.139712             0.926298         0.233391
068      0.4437      -0.727413        0.335488             0.679282        11.216813
068      0.4286      -0.648322        0.319172             0.311163        34.568393
068      0.5698      -0.939010        0.119577             0.963205         0.108511
068      0.4512      -0.756696        0.483044             0.752016         7.811130
068      0.3888      -0.522184        0.179310             0.076561         4.796772
068      0.4016      -0.556700        0.226362             0.091025         9.061858
068      0.3495      -0.438560        0.130283             0.056427         2.280489
068      0.4760      -0.828880        0.194873             0.867379         0.964638
068      0.4689      -0.813335        0.219756             0.847033         0.970053
068      0.4142      -0.591877        0.246040             0.135679        15.508230
068      0.4606      -0.793849        0.326989             0.822937         2.010022
068      0.4377      -0.703616        0.462168             0.600173        20.655625
068      0.4224      -0.616587        0.298203             0.138741        18.664459
068      0.5000      -0.874567        0.199381             0.912747         0.395507
068      0.4452      -0.741176        0.465473             0.721869         8.718734
068      0.5151      -0.892612        0.123305             0.927980         0.230177
068      0.4528      -0.770740        0.360418             0.789464         2.474485
068      0.3115      -0.372236        0.090785             0.035298         0.934181
068      0.4880      -0.856894        0.233675             0.895835         0.588205
068      0.5372      -0.914399        0.117924             0.946596         0.129745
068      0.3758      -0.491207        0.127228             0.052089         2.799763
068      0.3911      -0.533408        0.213653             0.076596         6.125975
068      0.4035      -0.564472        0.221022             0.100333         7.438508
068      0.4301      -0.652543        0.311295             0.279477        49.832501
068      0.5848      -0.946687        0.081641             0.968183         0.069165
068      0.4779      -0.834736        0.204112             0.873374         0.679591
068      0.3543      -0.446514        0.130328             0.046397         2.248093
068      0.4706      -0.821449        0.287168             0.857266         1.157637
068      0.4622      -0.796687        0.294081             0.829208         1.353806
068      0.4159      -0.596324        0.241276             0.113620        13.399363
068      0.5027      -0.877461        0.158959             0.914689         0.326829
068      0.4467      -0.740688        0.365276             0.697569        10.679375
068      0.4392      -0.713486        0.442514             0.642833        16.038670
068      0.3787      -0.496985        0.162810             0.077907         5.134787
068      0.5433      -0.908607        0.573702             0.823711       154.471966
068      0.3224      -0.388698        0.105979             0.033793         1.014013
068      0.3933      -0.535476        0.204651             0.076038         6.426682
068      0.4902      -0.856765        0.193819             0.894697         0.584279
068      0.4239      -0.630653        0.337345             0.303343        50.205470
068      0.4543      -0.769996        0.352107             0.774152         4.082192
068      0.4798      -0.835670        0.198071             0.873119         0.766208
068      0.5188      -0.898525        0.183616             0.933369         0.274930
068      0.4317      -0.656068        0.335620             0.286786        28.921344
068      0.4054      -0.566008        0.222264             0.119412        12.651829
068      1.0000      -0.998694        0.005138             0.999338         0.001336
068      0.3586      -0.456851        0.117535             0.054589         2.269865
068      0.3814      -0.505887        0.175570             0.059442         3.470549
068      0.3310      -0.403538        0.098345             0.041055         1.703921
068      0.3955      -0.542435        0.317025             0.091246         8.206732
068      0.4072      -0.567772        0.262614             0.121890        17.994771
068      0.3626      -0.466142        0.140552             0.052803         2.745892
069      0.4559      -0.777148        0.235176             0.794098         2.735288
069      0.5228      -0.901126        0.102349             0.935799         0.146035
069      0.4090      -0.576992        0.280572             0.104554        14.128399
069      0.4255      -0.632678        0.371088             0.201340        47.059767
069      0.4175      -0.602760        0.307105             0.122928        15.638908
069      0.4332      -0.671082        0.457392             0.367078        92.251034
069      0.4482      -0.753934        0.373644             0.755560         4.014308
069      0.0000      -0.007771        0.000000             0.003991         0.000000
069      0.4818      -0.844003        0.214806             0.882890         0.584820
069      0.4724      -0.820861        0.235461             0.854812         1.100124
069      0.3662      -0.470930        0.116156             0.055329         3.677818
069      0.4407      -0.723046        0.350393             0.688397         8.383324
069      0.3381      -0.417269        0.094665             0.043167         1.544007
069      0.3840      -0.512829        0.168542             0.063016         4.146202
069      0.4925      -0.861243        0.190438             0.900344         0.431962
069      0.5055      -0.881857        0.205008             0.920013         0.333148
069      0.4639      -0.801298        0.316209             0.830338         1.979402
069      0.5504      -0.876996        0.112953             0.204739        35.754812
069      0.3976      -0.543562        0.233958             0.073312         5.755089
069      0.4574      -0.782676        0.302391             0.802764         2.026767
069      0.4192      -0.610355        0.384832             0.138710        35.109136
069      0.4107      -0.582651        0.235729             0.112195        13.878760
069      0.5271      -0.905768        0.153291             0.939538         0.200044
069      0.4271      -0.633035        0.315484             0.168435        19.713470
069      0.3442      -0.426045        0.151992             0.043331         1.778179
069      0.4497      -0.758698        0.315925             0.760861         3.758415
069      0.4422      -0.699051        0.722141             0.471367        86.951018
069      0.4655      -0.807855        0.320506             0.842781         1.318052
069      0.2719      -0.311724        0.051994             0.026587         0.474282
069      0.3696      -0.480403        0.168109             0.059933         3.218281
069      0.4347      -0.671195        0.597111             0.372758        65.333625
069      0.4838      -0.847511        0.283242             0.886368         0.755060
069      0.5085      -0.875929        0.619638             0.828070       118.653464
069      0.5590      -0.932363        0.089569             0.958883         0.086984
069      0.4742      -0.826150        0.224731             0.862319         0.977659
069      0.3865      -0.516291        0.161597             0.071670         5.351317
069      0.4949      -0.866032        0.184256             0.904814         0.443845
069      0.4590      -0.788885        0.312656             0.814291         2.025505
069      0.3996      -0.553224        0.219041             0.100227         9.050981
069      0.4208      -0.617370        0.302838             0.169200        35.575244
069      0.5318      -0.911250        0.155293             0.943999         0.201282
069      0.4286      -0.646263        0.394122             0.272514        45.727695
069      0.4512      -0.764339        0.367472             0.777996         3.931658
069      0.4125      -0.589044        0.251048             0.115177        15.616933
069      0.4437      -0.734371        0.373204             0.707721         8.020073
069      0.3495      -0.438387        0.110133             0.044747         1.646684
069      0.4672      -0.808780        0.296865             0.840592         1.537084
069      0.3728      -0.485280        0.137979             0.058416         3.582227
069      0.4760      -0.829742        0.225821             0.867553         1.189546
069      0.4362      -0.691918        0.509716             0.474224        87.518634
069      0.2965      -0.348851        0.063420             0.026881         0.814981
069      0.3888      -0.525532        0.202302             0.075581         5.421146
069      0.4859      -0.849494        0.268319             0.886461         1.163981
069      0.4974      -0.868183        0.127731             0.907961         0.270566
069      0.5698      -0.938660        0.089133             0.962773         0.083099
069      0.4606      -0.792884        0.268796             0.819466         2.100607
069      0.5117      -0.888943        0.163614             0.925335         0.287149
069      0.4224      -0.624050        0.309485             0.181411        33.272909
069      0.5372      -0.915047        0.122469             0.946969         0.140998
069      0.4142      -0.590876        0.244718             0.124470        16.503879
069      0.4301      -0.659063        0.380582             0.341080        67.916037
069      0.4016      -0.555711        0.218569             0.092720         8.493690
069      0.4528      -0.767225        0.383734             0.772107         6.159958
069      0.4689      -0.815236        0.304312             0.851183         1.105737
069      0.4377      -0.700265        0.458839             0.587402        21.000647
069      0.4779      -0.836240        0.172670             0.876228         0.601832
069      0.3543      -0.448343        0.134079             0.046671         1.974586
069      0.3758      -0.492569        0.196867             0.062546         3.218131
069      0.4880      -0.851771        0.181049             0.889443         0.644522
069      0.3115      -0.370489        0.081012             0.038105         0.846913
069      0.4452      -0.739660        0.329795             0.726200         4.339230
069      0.3911      -0.528603        0.232769             0.072682         5.301978
069      0.5848      -0.947032        0.075800             0.968990         0.062361
069      0.4239      -0.625646        0.228028             0.136148        26.017317
069      0.5000      -0.873980        0.178130             0.912014         0.408595
069      0.4622      -0.797219        0.306126             0.829905         1.224037
069      0.4159      -0.603117        0.233623             0.134812        17.416608
069      0.5151      -0.891607        0.160889             0.927221         0.272384
069      0.5433      -0.921680        0.117936             0.950851         0.144395
069      0.4706      -0.819861        0.264501             0.855329         1.143607
069      0.4392      -0.688801        0.559414             0.416396        93.005147
069      0.4543      -0.771573        0.279704             0.786049         2.450284
069      0.4798      -0.839223        0.239608             0.878765         0.696556
069      0.4035      -0.561609        0.224403             0.099845         9.381030
069      0.4317      -0.663302        0.402109             0.402260        45.860080
069      0.3787      -0.502983        0.149398             0.065209         4.872343
069      0.3586      -0.456303        0.156446             0.050363         2.280072
069      0.4467      -0.744982        0.344649             0.729443         8.888537
069      0.4902      -0.859055        0.191769             0.898500         0.454889
069      1.0000      -0.998589        0.006000             0.999286         0.001570
069      0.3224      -0.387549        0.096375             0.030032         0.799419
069      0.3933      -0.534539        0.176206             0.089733         7.232624
069      0.5027      -0.876005        0.183362             0.914194         0.403832
069      0.5188      -0.896316        0.166233             0.931691         0.225594
069      0.4054      -0.570431        0.248952             0.100521        14.892413
069      0.3814      -0.507603        0.194990             0.068633         4.750176
069      0.3626      -0.466797        0.135979             0.050687         2.446132
069      0.3310      -0.405406        0.099578             0.038857         1.234711
069      0.3955      -0.541059        0.246353             0.092989         8.177463
069      0.4072      -0.577862        0.248891             0.100084        13.188507
070      0.4639      -0.801143        0.244277             0.833094         1.392948
070      0.4332      -0.668180        0.491643             0.417245        58.982840
070      0.4407      -0.707114        0.637134             0.560820        48.053828
070      0.3840      -0.516253        0.191046             0.064506         4.294071
070      0.5228      -0.900927        0.165621             0.935159         0.222497
070      0.0000       0.011837        0.000000             0.009388         0.000000
070      0.4255      -0.642253        0.370837             0.319922        50.901925
070      0.3381      -0.416739        0.081373             0.042959         1.622148
070      0.4175      -0.603829        0.349210             0.146367        20.337801
070      0.5504      -0.925314        0.107661             0.953571         0.119564
070      0.4818      -0.841082        0.243397             0.880449         0.759307
070      0.5055      -0.880992        0.186254             0.917461         0.348304
070      0.3976      -0.548857        0.190524             0.082412         6.490588
070      0.4482      -0.748469        0.358907             0.738159         6.070793
070      0.4090      -0.577441        0.240659             0.096029        10.348166
070      0.4559      -0.777233        0.262478             0.795445         2.584609
070      0.4925      -0.861224        0.178520             0.900273         0.508936
070      0.3662      -0.472359        0.158430             0.054992         3.107144
070      0.4724      -0.821780        0.303072             0.856045         1.432485
070      0.5271      -0.905690        0.131697             0.938420         0.196667
070      0.4347      -0.663931        0.305285             0.226212        44.266235
070      0.4422      -0.717763        0.741737             0.616188        43.286334
070      0.4655      -0.806208        0.253422             0.839808         1.299285
070      0.4192      -0.614061        0.248449             0.180759        31.670008
070      0.2719      -0.309849        0.057186             0.028506         0.595882
070      0.4107      -0.582245        0.312701             0.112935        15.556373
070      0.5590      -0.930302        0.101377             0.957820         0.094278
070      0.4271      -0.642510        0.394880             0.210841        55.713100
070      0.4838      -0.849473        0.276795             0.889890         0.714918
070      0.3442      -0.428363        0.101238             0.045739         2.138149
070      0.5085      -0.883294        0.186383             0.920922         0.320252
070      0.3865      -0.517690        0.208510             0.068102         6.441570
070      0.4497      -0.753249        0.479623             0.719649        22.134691
070      0.3996      -0.554792        0.210075             0.100980        10.018513
070      0.3696      -0.482600        0.164582             0.051094         2.748343
070      0.4574      -0.784049        0.310616             0.811404         2.258453
070      0.4949      -0.864220        0.224238             0.904224         0.456835
070      0.4742      -0.829082        0.226403             0.866082         0.868035
070      0.4672      -0.809167        0.277409             0.841682         1.849616
070      0.4362      -0.690620        0.402384             0.545155        32.197342
070      0.5318      -0.910596        0.143107             0.942527         0.188248
070      0.4437      -0.727653        0.508032             0.650735        21.910146
070      0.4208      -0.614012        0.308702             0.144192        23.183882
070      0.2965      -0.345771        0.086323             0.028641         0.792134
070      0.4125      -0.589265        0.254060             0.140359        16.654338
070      0.4512      -0.761914        0.382934             0.768184         3.968116
070      0.3728      -0.486755        0.169245             0.061012         3.185021
070      0.5698      -0.939143        0.092942             0.963441         0.087184
070      0.4859      -0.850608        0.212739             0.889649         0.615109
070      0.4286      -0.643576        0.306245             0.238012        27.061176
070      0.3495      -0.440061        0.113204             0.041012         1.692864
070      0.3888      -0.524302        0.163483             0.074641         5.947532
070      0.4016      -0.555976        0.228455             0.086706         9.039481
070      0.5117      -0.888053        0.146532             0.924204         0.249718
070      0.4974      -0.868318        0.202627             0.906869         0.392046
070      0.4760      -0.831229        0.271182             0.869522         0.894903
070      0.4590      -0.787759        0.274994             0.815608         1.330963
070      0.4224      -0.617249        0.282263             0.142808        16.959026
070      0.4377      -0.700857        0.411008             0.551118        34.908093
070      0.4689      -0.812894        0.302003             0.847759         1.441904
070      0.4452      -0.729776        0.398789             0.664294        14.032192
070      0.5372      -0.916269        0.107679             0.947571         0.114614
070      0.4142      -0.595041        0.301909             0.108167        15.878444
070      0.4880      -0.852600        0.192554             0.891869         0.572761
070      0.4528      -0.771824        0.328764             0.789363         3.373567
070      0.3115      -0.372122        0.066321             0.034249         1.096250
070      0.3911      -0.530482        0.203008             0.085571         6.982660
070      0.4301      -0.654776        0.374225             0.292131        68.114804
070      0.4035      -0.566612        0.306763             0.127853        19.780664
070      0.3758      -0.492608        0.153169             0.060196         3.799483
070      0.5848      -0.947420        0.088780             0.969045         0.075120
070      0.5000      -0.873959        0.200238             0.912931         0.393571
070      0.4239      -0.627853        0.292535             0.198122        47.504752
070      0.4779      -0.835306        0.284525             0.875000         0.727755
070      0.3543      -0.447110        0.121544             0.043082         1.911802
070      0.4606      -0.793420        0.296145             0.823563         2.052228
070      0.4706      -0.819514        0.266814             0.854649         1.285547
070      0.5151      -0.893669        0.171572             0.928592         0.269219
070      0.4392      -0.713690        0.462088             0.632784        27.272871
070      0.4467      -0.748045        0.328140             0.748192         3.295556
070      0.5433      -0.920931        0.117408             0.950502         0.139751
070      0.4159      -0.599673        0.366614             0.179322        33.225714
070      0.3224      -0.389837        0.072545             0.032073         0.969230
070      0.5027      -0.876073        0.143171             0.915020         0.282471
070      0.4317      -0.655767        0.488909             0.250914        85.840837
070      0.4543      -0.770457        0.429768             0.773069         6.098507
070      0.4902      -0.856367        0.209801             0.896098         0.510120
070      0.3787      -0.504669        0.171651             0.055894         2.751261
070      0.3933      -0.535318        0.191944             0.074800         6.911993
070      1.0000      -0.962604        0.011013             0.123155        32.407881
070      0.4054      -0.570849        0.278330             0.110171        11.519542
070      0.4798      -0.839539        0.217707             0.878082         0.843517
070      0.4622      -0.794673        0.232572             0.825159         1.419795
070      0.3586      -0.458339        0.120272             0.044053         1.939555
070      0.5188      -0.895898        0.137855             0.930812         0.290245
070      0.3310      -0.404669        0.080916             0.036996         1.136319
070      0.3814      -0.505706        0.175304             0.072616         5.603410
070      0.3955      -0.538931        0.188921             0.075073         5.724959
070      0.4072      -0.572327        0.249567             0.102886        13.345836
070      0.3626      -0.464131        0.128263             0.048392         2.794855
071      0.5228      -0.900528        0.154953             0.934517         0.228050
071      0.4407      -0.714160        0.472996             0.625158        30.253390
071      0.4090      -0.584753        0.246216             0.163995        23.808342
071      0.4482      -0.751057        0.381746             0.748728         6.205127
071      0.5504      -0.924785        0.136182             0.953009         0.157714
071      0.3840      -0.515755        0.230903             0.072549         5.959157
071      0.4639      -0.798719        0.368211             0.821278         3.661159
071      0.4724      -0.821258        0.254452             0.853573         1.335628
071      0.4818      -0.842301        0.245188             0.881535         0.817946
071      0.4255      -0.631030        0.366148             0.180115        52.835129
071      0.3662      -0.473220        0.139279             0.044364         2.085949
071      0.4925      -0.861654        0.225953             0.899814         0.563378
071      0.4559      -0.778413        0.315204             0.800302         2.607683
071      0.0000      -0.000595        0.000000             0.000595         0.000000
071      0.5055      -0.876731        0.125155             0.915449         0.234707
071      0.4332      -0.668173        0.499518             0.385507        62.320733
071      0.3976      -0.546336        0.168439             0.059591         4.628813
071      0.4175      -0.605919        0.245580             0.190240        24.525648
071      0.3381      -0.417298        0.107156             0.044896         1.457582
071      0.5590      -0.922801        0.638838             0.873696        76.034509
071      0.5271      -0.905562        0.120107             0.938746         0.166201
071      0.4497      -0.759976        0.364081             0.772585         3.364977
071      0.4574      -0.784451        0.337970             0.803769         2.674544
071      0.4422      -0.727518        0.490413             0.688225        14.566651
071      0.3865      -0.517996        0.181604             0.071450         5.070096
071      0.4655      -0.805364        0.339560             0.836632         1.663000
071      0.4107      -0.584594        0.237448             0.131061        17.859778
071      0.4838      -0.846273        0.207672             0.886245         0.566446
071      0.3996      -0.552144        0.206442             0.087994         8.841582
071      0.2719      -0.310196        0.054469             0.028903         0.654634
071      0.3696      -0.479480        0.171079             0.050978         3.818099
071      0.5085      -0.885662        0.158106             0.921996         0.312748
071      0.4949      -0.864539        0.200353             0.904166         0.484439
071      0.4192      -0.612771        0.290896             0.236818        39.840953
071      0.3442      -0.430684        0.115296             0.037770         1.468990
071      0.4347      -0.666729        0.372115             0.248494        51.501915
071      0.4271      -0.637580        0.328031             0.179560        44.259746
071      0.4742      -0.827796        0.264151             0.866753         0.733171
071      0.4590      -0.785364        0.357747             0.800242         5.230008
071      0.5698      -0.939242        0.118257             0.963563         0.094734
071      0.4672      -0.812898        0.309367             0.848094         1.412523
071      0.4859      -0.849335        0.210357             0.888824         0.579367
071      0.4512      -0.764174        0.358747             0.768371         5.281903
071      0.4125      -0.586411        0.276218             0.105765        13.004884
071      0.4437      -0.726923        0.543664             0.688106         8.368149
071      0.4974      -0.817921        0.168197             0.222682        33.050088
071      0.5318      -0.911180        0.109888             0.942892         0.166163
071      0.2965      -0.347879        0.053307             0.027134         0.636202
071      0.3888      -0.525408        0.194444             0.076794         6.078145
071      0.4362      -0.705130        0.397667             0.601349        28.112877
071      0.4208      -0.614299        0.294248             0.148605        19.542722
071      0.4286      -0.642742        0.296723             0.308720        47.807658
071      0.5117      -0.888181        0.175267             0.924543         0.276327
071      0.4760      -0.830157        0.229070             0.868332         0.827373
071      0.3495      -0.434850        0.116663             0.041111         1.989555
071      0.3728      -0.485566        0.180622             0.056878         3.692693
071      0.4016      -0.558409        0.214118             0.141159        13.212664
071      0.4606      -0.792148        0.213024             0.820575         1.430046
071      0.4689      -0.812783        0.291809             0.847245         1.502281
071      0.5848      -0.947618        0.088210             0.968951         0.072775
071      0.4142      -0.591692        0.274488             0.102432        16.414061
071      0.4528      -0.770018        0.329551             0.779869         4.517994
071      0.5372      -0.913477        0.152887             0.944884         0.177546
071      0.4452      -0.730046        0.455114             0.678473        11.029454
071      0.5000      -0.870300        0.188306             0.908598         0.438071
071      0.4880      -0.853680        0.199047             0.892367         0.623922
071      0.3115      -0.371966        0.073594             0.030819         0.957672
071      0.4301      -0.650065        0.428000             0.264658        34.543900
071      0.4224      -0.617830        0.286453             0.176866        32.151491
071      0.5151      -0.892029        0.136590             0.928344         0.253989
071      0.3911      -0.531375        0.190111             0.069312         5.360231
071      0.3758      -0.492466        0.142826             0.063150         3.770312
071      0.4377      -0.691018        0.521775             0.508720        31.253209
071      0.3543      -0.448740        0.121614             0.047570         1.816752
071      0.4779      -0.836259        0.214741             0.875061         0.724159
071      0.4622      -0.798151        0.210586             0.829685         1.285847
071      0.4035      -0.564269        0.196898             0.112827        14.268522
071      0.4706      -0.820413        0.188255             0.855378         0.982793
071      0.4159      -0.597481        0.295288             0.116917        10.951056
071      0.4467      -0.733251        0.541202             0.640266        38.714202
071      0.5433      -0.919579        0.109026             0.949312         0.133292
071      0.3224      -0.389629        0.095916             0.034465         1.222259
071      1.0000      -0.998647        0.004602             0.999306         0.001240
071      0.5027      -0.873279        0.149229             0.911930         0.279752
071      0.4543      -0.770423        0.381884             0.771045         4.435409
071      0.4317      -0.649399        0.410794             0.234660        34.731130
071      0.4902      -0.855549        0.268883             0.894477         0.604278
071      0.4392      -0.704233        0.594232             0.499492       106.653466
071      0.3787      -0.502297        0.152213             0.069744         5.345302
071      0.4239      -0.624634        0.281915             0.146864        33.955979
071      0.5188      -0.897096        0.141245             0.931950         0.233809
071      0.3933      -0.534715        0.176319             0.082690         8.054405
071      0.3586      -0.456929        0.132353             0.047856         2.374308
071      0.4798      -0.838631        0.325007             0.878227         0.927687
071      0.4054      -0.566340        0.196461             0.108582        10.551042
071      0.3310      -0.403075        0.093710             0.036651         1.175682
071      0.3814      -0.502289        0.171836             0.069625         3.819345
071      0.3626      -0.463487        0.143804             0.055616         3.440403
071      0.3955      -0.541555        0.188481             0.063686         5.746854
071      0.4072      -0.571069        0.230816             0.094255         8.502379
072      0.5504      -0.927118        0.089836             0.954460         0.114125
072      0.4559      -0.773746        0.350220             0.781902         3.650293
072      0.5228      -0.899961        0.193171             0.934934         0.254908
072      0.4090      -0.578831        0.227264             0.128391        16.941111
072      0.4407      -0.711678        0.442776             0.624799        12.977718
072      0.3662      -0.472612        0.144185             0.050617         2.369769
072      0.0000      -0.013117        0.000000             0.023534         0.000000
072      0.3381      -0.419271        0.098413             0.037265         1.551772
072      0.4724      -0.822473        0.315910             0.857670         1.098815
072      0.4332      -0.679360        0.524988             0.514514        33.009971
072      0.4482      -0.752133        0.446944             0.730698        10.761414
072      0.4175      -0.602292        0.267101             0.124522        15.024255
072      0.4639      -0.801856        0.237468             0.834194         1.508304
072      0.3840      -0.511740        0.177079             0.053877         3.058292
072      0.4255      -0.636373        0.339805             0.268117        43.332498
072      0.5055      -0.880112        0.149580             0.916146         0.475721
072      0.4818      -0.842801        0.257442             0.881948         0.702531
072      0.3976      -0.544352        0.235181             0.079614         6.817709
072      0.4925      -0.860397        0.156868             0.899317         0.408620
072      0.5590      -0.932589        0.110185             0.958970         0.102689
072      0.4574      -0.785139        0.318482             0.804491         2.970890
072      0.4422      -0.714819        0.372485             0.606373        22.759848
072      0.4107      -0.585957        0.209334             0.144799        19.666390
072      0.5271      -0.905069        0.127873             0.938318         0.186991
072      0.4655      -0.806485        0.292192             0.841366         1.427442
072      0.4347      -0.665170        0.270269             0.191385        41.633696
072      0.3442      -0.429205        0.105085             0.040313         1.928045
072      0.4742      -0.827434        0.223453             0.866844         0.820936
072      0.3696      -0.481944        0.149652             0.052199         2.800608
072      0.4497      -0.756555        0.340736             0.761998         3.824456
072      0.2719      -0.307500        0.049923             0.025853         0.557455
072      0.4192      -0.610440        0.336093             0.159873        24.675103
072      0.3865      -0.519437        0.194115             0.070764         7.172506
072      0.4838      -0.846725        0.250433             0.883966         1.031345
072      0.5085      -0.884348        0.149613             0.922496         0.225563
072      0.4271      -0.638318        0.456477             0.265027        64.683578
072      0.4949      -0.864761        0.232293             0.903399         0.488106
072      0.3996      -0.548958        0.143208             0.084306         7.313564
072      0.5698      -0.938754        0.108168             0.963669         0.098359
072      0.4590      -0.788021        0.263728             0.811991         2.997995
072      0.4437      -0.727137        0.347206             0.680849        10.323680
072      0.4125      -0.588137        0.310079             0.122083        17.201151
072      0.2965      -0.346836        0.072243             0.031154         0.908019
072      0.4859      -0.852427        0.212264             0.891798         0.540374
072      0.4672      -0.810640        0.295489             0.843345         1.422658
072      0.5318      -0.909360        0.134896             0.942010         0.179411
072      0.4760      -0.828873        0.218132             0.865150         0.750047
072      0.4362      -0.689684        0.378125             0.503642        63.631339
072      0.3888      -0.526150        0.173594             0.073391         5.413773
072      0.3495      -0.438484        0.102908             0.048580         2.269081
072      0.4208      -0.613511        0.323386             0.119904        17.515682
072      0.3728      -0.487894        0.182834             0.050532         3.133437
072      0.5117      -0.887500        0.166238             0.925008         0.284579
072      0.4016      -0.556400        0.212955             0.086671         9.051573
072      0.4286      -0.644101        0.376153             0.180367        50.158703
072      0.4512      -0.764549        0.357987             0.776246         2.976041
072      0.4974      -0.819765        0.197524             0.127222        25.347184
072      0.4606      -0.796489        0.260129             0.828337         1.664627
072      0.5848      -0.946836        0.088179             0.968607         0.073366
072      0.4452      -0.739765        0.347059             0.712118         7.522283
072      0.5372      -0.915494        0.129903             0.946732         0.165116
072      0.4142      -0.593086        0.265593             0.111061        14.349685
072      0.4689      -0.813746        0.260823             0.848846         1.379961
072      0.4880      -0.855220        0.206995             0.893839         0.582762
072      0.4377      -0.705085        0.491516             0.617558        16.790507
072      0.3758      -0.493283        0.164611             0.061030         4.362128
072      0.4779      -0.834811        0.277565             0.873881         0.829955
072      0.3115      -0.370150        0.070568             0.030802         1.033880
072      0.4035      -0.561767        0.256739             0.083561         9.764153
072      0.5151      -0.892936        0.142594             0.927801         0.247208
072      0.3911      -0.528391        0.202068             0.076524         5.654049
072      0.4224      -0.621481        0.434228             0.176933        55.167314
072      0.4528      -0.771181        0.279131             0.787886         3.448968
072      0.3543      -0.447886        0.121665             0.041566         2.134211
072      0.4301      -0.654552        0.374431             0.269896        88.658263
072      0.5000      -0.873607        0.161095             0.910606         0.369386
072      1.0000      -0.963268        0.012989             0.087797        31.769972
072      0.4622      -0.797867        0.322729             0.826566         2.892262
072      0.4467      -0.740787        0.546708             0.699035        13.501384
072      0.4392      -0.707160        0.529481             0.598005        24.223179
072      0.5433      -0.919506        0.153404             0.949618         0.181038
072      0.4159      -0.598314        0.275224             0.131389        29.813708
072      0.4902      -0.859375        0.169839             0.898650         0.460709
072      0.4798      -0.839757        0.248945             0.873939         1.838367
072      0.4706      -0.820436        0.198688             0.858052         0.725680
072      0.3224      -0.389452        0.105435             0.033754         0.985240
072      0.3787      -0.501022        0.169282             0.047103         3.202129
072      0.4543      -0.771458        0.328118             0.786659         3.024957
072      0.5188      -0.888472        0.645825             0.816300       137.928158
072      0.4054      -0.568735        0.231893             0.107079        11.380104
072      0.4239      -0.639668        0.399142             0.321786        82.853756
072      0.3586      -0.458113        0.097090             0.050120         2.332940
072      0.3933      -0.532789        0.214236             0.071127         5.113061
072      0.4317      -0.663206        0.435658             0.367357        89.794770
072      0.5027      -0.875012        0.180848             0.913364         0.368268
072      0.3310      -0.404306        0.106110             0.036821         1.180433
072      0.3814      -0.504900        0.209294             0.063858         4.110621
072      0.4072      -0.575312        0.251077             0.097369         8.523759
072      0.3955      -0.542072        0.223064             0.091991         8.781553
072      0.3626      -0.465359        0.142379             0.044379         2.022033
073      0.4559      -0.776360        0.326241             0.796146         3.220799
073      0.3662      -0.472787        0.147254             0.052993         3.220241
073      0.4175      -0.606436        0.308717             0.126988        20.105261
073      0.0000       0.002815        0.000000             0.014074         0.000000
073      0.4090      -0.578645        0.256153             0.091154         9.665761
073      0.4255      -0.634491        0.296544             0.208767        37.522195
073      0.4407      -0.688474        0.554826             0.223926       103.731006
073      0.5055      -0.880056        0.171508             0.917268         0.422056
073      0.4818      -0.841190        0.247787             0.880004         0.978277
073      0.4724      -0.823997        0.211506             0.859805         0.864648
073      0.4332      -0.672772        0.716728             0.420525        85.538316
073      0.5228      -0.901809        0.129318             0.935613         0.182440
073      0.4482      -0.752149        0.411180             0.749814         6.290288
073      0.4639      -0.802098        0.233811             0.833886         1.412386
073      0.5504      -0.926981        0.125323             0.954937         0.136111
073      0.4925      -0.864020        0.199897             0.902075         0.505119
073      0.3381      -0.416682        0.111502             0.038536         1.415809
073      0.3840      -0.513913        0.205921             0.070865         4.944138
073      0.3976      -0.546872        0.182635             0.069405         6.990417
073      0.4574      -0.781047        0.269754             0.800034         2.583472
073      0.2719      -0.308737        0.063710             0.023160         0.388856
073      0.4497      -0.752194        0.365934             0.731683        14.040458
073      0.4107      -0.581407        0.270125             0.108448        11.983499
073      0.3696      -0.481242        0.149953             0.058758         4.081649
073      0.5271      -0.905078        0.170319             0.938146         0.226664
073      0.4192      -0.609675        0.241562             0.137940        30.072567
073      0.4347      -0.677215        0.475660             0.383179        76.442083
073      0.4271      -0.640360        0.346890             0.224188        59.836674
073      0.5085      -0.884643        0.163678             0.921580         0.303044
073      0.5590      -0.931578        0.113928             0.957673         0.134344
073      0.4949      -0.867007        0.159593             0.906163         0.378145
073      0.4742      -0.827303        0.234424             0.865675         0.952619
073      0.4655      -0.806474        0.277000             0.839827         1.569036
073      0.4422      -0.725089        0.346703             0.690565         7.100414
073      0.3442      -0.429998        0.104596             0.040597         1.819560
073      0.3996      -0.551443        0.196418             0.089705         9.501873
073      0.4838      -0.843802        0.193851             0.881659         0.833533
073      0.3865      -0.519790        0.209374             0.077425         6.237985
073      0.4590      -0.786193        0.314996             0.805003         2.848484
073      0.4208      -0.616896        0.337308             0.091195        10.743888
073      0.2965      -0.346665        0.063132             0.028114         0.807677
073      0.4512      -0.764222        0.361370             0.770531         4.272174
073      0.5117      -0.886966        0.185712             0.923111         0.288823
073      0.5318      -0.861148        0.129556             0.165198        36.528162
073      0.5698      -0.939103        0.086687             0.963243         0.093642
073      0.4974      -0.867589        0.180117             0.907326         0.332670
073      0.4362      -0.699144        0.465020             0.597831        23.076992
073      0.3728      -0.484928        0.169734             0.053398         2.775223
073      0.4672      -0.808549        0.265230             0.842376         1.071700
073      0.4286      -0.644027        0.395824             0.299970        49.642505
073      0.4125      -0.591766        0.274743             0.121730        19.523475
073      0.4760      -0.828384        0.243133             0.863618         1.103630
073      0.4437      -0.723685        0.485730             0.601010        59.022601
073      0.3495      -0.438300        0.140176             0.044504         2.058078
073      0.4016      -0.559035        0.231381             0.110265        13.709249
073      0.4859      -0.848681        0.213270             0.888414         0.469553
073      0.4606      -0.792749        0.234138             0.820503         1.920620
073      0.3888      -0.522428        0.125879             0.063712         4.657534
073      0.5848      -0.947532        0.072985             0.969221         0.058624
073      0.3115      -0.370220        0.074374             0.033672         1.100850
073      0.4689      -0.816131        0.328335             0.851473         1.509894
073      0.4224      -0.621302        0.280254             0.234194        28.912292
073      0.4528      -0.767029        0.358065             0.782706         3.008812
073      0.5151      -0.844050        0.174580             0.205164        28.697416
073      0.3758      -0.496269        0.166005             0.056480         3.631376
073      0.4142      -0.593522        0.290797             0.181344        31.359107
073      0.4301      -0.648966        0.392925             0.179392        51.743085
073      0.4377      -0.706478        0.423690             0.638548        15.050430
073      0.5000      -0.873102        0.244980             0.911785         0.496667
073      0.4779      -0.834427        0.256607             0.872606         0.825198
073      0.5372      -0.915538        0.108425             0.946328         0.136750
073      0.4035      -0.564050        0.268649             0.110283        13.315029
073      0.3543      -0.448343        0.136642             0.046771         2.304976
073      0.4622      -0.796682        0.365599             0.821291         2.586962
073      0.4452      -0.739024        0.511253             0.694611        16.548016
073      0.4880      -0.854310        0.233769             0.894183         0.634384
073      0.3911      -0.532197        0.172583             0.078086         7.258822
073      0.3224      -0.388850        0.101089             0.030715         0.878225
073      0.4706      -0.818090        0.310491             0.855669         0.990580
073      1.0000      -0.963952        0.011561             0.275095        31.597120
073      0.4239      -0.630388        0.392490             0.288823        48.519321
073      0.5188      -0.894888        0.150122             0.931068         0.202588
073      0.4159      -0.597928        0.281754             0.147818        16.395903
073      0.4543      -0.776521        0.348251             0.794648         3.357967
073      0.3787      -0.497782        0.179903             0.051484         2.961671
073      0.4392      -0.715609        0.428503             0.669799        11.186074
073      0.5027      -0.877865        0.141660             0.915335         0.297632
073      0.5433      -0.920818        0.134842             0.949908         0.138367
073      0.4317      -0.657069        0.299448             0.259561        36.883338
073      0.4798      -0.838424        0.290715             0.875669         1.195855
073      0.4054      -0.566046        0.205222             0.084699         9.538882
073      0.4467      -0.732730        0.510525             0.637347        36.337489
073      0.3586      -0.456386        0.105612             0.047277         2.456333
073      0.4902      -0.858803        0.166891             0.896239         0.518349
073      0.3310      -0.405566        0.091781             0.036671         1.375854
073      0.3933      -0.532974        0.242197             0.065851         5.620053
073      0.3814      -0.503494        0.145862             0.065070         5.110164
073      0.4072      -0.573305        0.256044             0.097786        13.000136
073      0.3626      -0.464507        0.138240             0.053518         2.596572
073      0.3955      -0.539655        0.227644             0.118003        13.527186
074      0.4559      -0.776738        0.376455             0.792619         4.924849
074      0.4090      -0.580402        0.257742             0.123521        18.788948
074      0.4639      -0.803134        0.300759             0.836578         1.961320
074      0.4925      -0.862425        0.245776             0.902363         0.469598
074      0.4175      -0.604470        0.235453             0.120263        15.733576
074      0.3662      -0.475022        0.116005             0.047801         2.985095
074      0.3381      -0.417882        0.101611             0.035511         1.733249
074      0.0000       0.014609        0.000000             0.013514         0.000000
074      0.5228      -0.901329        0.174975             0.935935         0.201493
074      0.4482      -0.745011        0.432100             0.699449        18.812797
074      0.5055      -0.879770        0.145138             0.917757         0.349920
074      0.4724      -0.821362        0.305171             0.851125         3.476238
074      0.3976      -0.546728        0.199906             0.078389         8.179809
074      0.5504      -0.926837        0.095885             0.954189         0.140474
074      0.4332      -0.676322        0.525673             0.487955        24.154562
074      0.4255      -0.630544        0.304849             0.119701        20.842821
074      0.4407      -0.712911        0.566070             0.629189        19.830168
074      0.4818      -0.841837        0.210256             0.879763         0.770141
074      0.3840      -0.511775        0.217151             0.070734         4.689436
074      0.4574      -0.780975        0.212713             0.800234         2.801913
074      0.4107      -0.587688        0.259958             0.147655        25.199929
074      0.2719      -0.309697        0.041051             0.027133         0.507690
074      0.4949      -0.865840        0.184303             0.906439         0.371585
074      0.4192      -0.611172        0.260060             0.169704        24.308254
074      0.4497      -0.748386        0.328638             0.731366         6.233273
074      0.3996      -0.551147        0.214007             0.098751        12.147054
074      0.5271      -0.904339        0.143339             0.938302         0.194489
074      0.5085      -0.884909        0.157028             0.921432         0.246865
074      0.4655      -0.806476        0.215258             0.837133         1.332641
074      0.3442      -0.430847        0.108896             0.033893         1.491763
074      0.4742      -0.827871        0.251288             0.863550         1.301691
074      0.3696      -0.481063        0.130333             0.054781         2.925955
074      0.5590      -0.930840        0.093191             0.957527         0.096875
074      0.4422      -0.721640        0.560987             0.664763        18.825051
074      0.4347      -0.686629        0.450834             0.532370        21.823686
074      0.4838      -0.845245        0.223352             0.884580         0.660245
074      0.3865      -0.519028        0.156110             0.064390         3.850323
074      0.4271      -0.633356        0.309380             0.161651        30.912190
074      0.4590      -0.786110        0.257411             0.814105         1.250055
074      0.4125      -0.587633        0.262811             0.128104        21.281306
074      0.5117      -0.888806        0.154932             0.925343         0.248897
074      0.4512      -0.761034        0.301724             0.771234         3.098961
074      0.5318      -0.910157        0.113781             0.942527         0.162866
074      0.2965      -0.349138        0.071588             0.027210         0.759820
074      0.4208      -0.617703        0.241950             0.218678        28.849055
074      0.4974      -0.870362        0.207988             0.909061         0.470289
074      0.4016      -0.551826        0.232811             0.088294        11.811755
074      0.3495      -0.441618        0.131798             0.050237         2.219304
074      0.4672      -0.812684        0.282906             0.847706         1.534502
074      0.5698      -0.939218        0.057370             0.963714         0.053788
074      0.3728      -0.485672        0.194194             0.047564         3.050810
074      0.4760      -0.831045        0.222222             0.868013         1.051005
074      0.4437      -0.728090        0.449388             0.655018        24.953251
074      0.4362      -0.684584        0.538053             0.500369        39.044180
074      0.3888      -0.524752        0.164710             0.070734         5.980852
074      0.4859      -0.850026        0.267386             0.888641         0.726448
074      0.4606      -0.790621        0.341362             0.811289         3.416497
074      0.4286      -0.649357        0.385389             0.296516        69.946039
074      0.4142      -0.593462        0.235908             0.069080         4.638450
074      0.4528      -0.767173        0.345359             0.777619         3.687756
074      0.5151      -0.891907        0.186596             0.928006         0.309825
074      0.4224      -0.619715        0.326478             0.193470        40.483458
074      0.5372      -0.895661        0.968077             0.700044       286.958650
074      0.3115      -0.370135        0.080583             0.027557         0.930676
074      0.4689      -0.814401        0.230989             0.848338         1.067799
074      0.5000      -0.873196        0.162136             0.911402         0.350847
074      0.4779      -0.833514        0.245744             0.869196         1.267715
074      0.4622      -0.798857        0.295512             0.829576         1.661581
074      0.4035      -0.563148        0.225860             0.110851        11.817244
074      0.5848      -0.946607        0.086802             0.968546         0.074913
074      0.3543      -0.447067        0.076256             0.038842         2.099390
074      0.3911      -0.530694        0.211446             0.070037         7.401472
074      0.4452      -0.728864        0.465920             0.669145        12.628415
074      0.4880      -0.856114        0.225744             0.895201         0.650838
074      0.3758      -0.493773        0.150589             0.059229         3.811897
074      0.4159      -0.596432        0.318466             0.121457        22.932534
074      0.4301      -0.650858        0.368317             0.303163        52.783723
074      0.4377      -0.693484        0.536032             0.483952        57.562784
074      0.4543      -0.772579        0.335097             0.784120         3.303295
074      0.5433      -0.920051        0.140023             0.949945         0.148617
074      0.4239      -0.630767        0.316870             0.161541        44.640416
074      0.4706      -0.817513        0.223971             0.853364         1.102562
074      0.5188      -0.896428        0.156486             0.931881         0.216920
074      0.3224      -0.388090        0.080629             0.035146         1.088948
074      0.5027      -0.877535        0.210165             0.915292         0.383450
074      0.3586      -0.453481        0.126944             0.050654         2.624550
074      0.4798      -0.837107        0.313564             0.873656         1.044588
074      1.0000      -0.962995        0.011700             0.605252        59.558513
074      0.3933      -0.534138        0.170829             0.071344         4.719336
074      0.4317      -0.657871        0.537245             0.285336       112.047048
074      0.4467      -0.742078        0.373148             0.720113         8.016027
074      0.3787      -0.498210        0.191057             0.055577         3.352762
074      0.4902      -0.859284        0.198470             0.898685         0.514790
074      0.4054      -0.567016        0.229092             0.084299         7.077691
074      0.4392      -0.688156        0.630295             0.326110       109.296401
074      0.3310      -0.408185        0.091616             0.042652         1.550897
074      0.3626      -0.467308        0.181836             0.049310         2.830260
074      0.3955      -0.543327        0.243743             0.107637        12.138521
074      0.3814      -0.509302        0.220104             0.072666         5.588600
074      0.4072      -0.573064        0.264950             0.110833        12.911569
075      0.4175      -0.603445        0.265478             0.136089        21.596594
075      0.4559      -0.776423        0.319271             0.786457         5.159607
075      0.4482      -0.748907        0.362113             0.740708         7.108529
075      0.4925      -0.863836        0.246117             0.901966         0.598502
075      0.5228      -0.900224        0.107286             0.934759         0.176596
075      0.0000      -0.004089        0.000000             0.009067         0.000000
075      0.5055      -0.880444        0.122033             0.917799         0.259475
075      0.4332      -0.670724        0.466336             0.454574        50.460904
075      0.4090      -0.577376        0.229885             0.096281        14.337385
075      0.5504      -0.878574        0.134343             0.276743        27.307926
075      0.3662      -0.475086        0.125831             0.047488         3.044894
075      0.4639      -0.800540        0.329834             0.823808         3.223029
075      0.4818      -0.842428        0.254270             0.882219         0.837879
075      0.3840      -0.511463        0.162074             0.057689         4.702360
075      0.3976      -0.544686        0.197736             0.082073         7.447807
075      0.3381      -0.417614        0.114807             0.035929         1.062127
075      0.4724      -0.822784        0.219624             0.858894         1.006868
075      0.4407      -0.716850        0.399608             0.654628        16.653239
075      0.4255      -0.635868        0.508449             0.306933        86.313294
075      0.4574      -0.783403        0.288045             0.806958         2.376577
075      0.4192      -0.607509        0.332274             0.155524        30.284708
075      0.4497      -0.757102        0.412782             0.756181         5.563234
075      0.2719      -0.309511        0.048464             0.023548         0.480826
075      0.5271      -0.906592        0.134277             0.939207         0.200390
075      0.5085      -0.883769        0.196214             0.921248         0.339479
075      0.4107      -0.580274        0.235273             0.097024        10.605760
075      0.4655      -0.808587        0.328859             0.842759         1.606071
075      0.4838      -0.843410        0.280346             0.882812         0.813345
075      0.5590      -0.932704        0.112185             0.959218         0.115414
075      0.3696      -0.480853        0.155991             0.050926         3.237303
075      0.4949      -0.867332        0.184602             0.907310         0.342770
075      0.4347      -0.672473        0.588954             0.357980        98.062361
075      0.3442      -0.429198        0.092885             0.036942         1.836944
075      0.4742      -0.824732        0.230485             0.861575         1.025209
075      0.4271      -0.635285        0.353327             0.132249        23.315861
075      0.4422      -0.714183        0.623084             0.567019        57.460042
075      0.3996      -0.552459        0.230091             0.080124         9.046667
075      0.3865      -0.519975        0.218915             0.068277         4.151176
075      0.4590      -0.789707        0.331625             0.813070         2.314154
075      0.4208      -0.614695        0.300982             0.104523        18.189135
075      0.4512      -0.760832        0.392669             0.752014         9.692705
075      0.4125      -0.591719        0.245057             0.139694        16.039604
075      0.2965      -0.347477        0.046764             0.025607         0.805571
075      0.5318      -0.909742        0.119853             0.942695         0.150625
075      0.5117      -0.888668        0.137970             0.924910         0.288666
075      0.4672      -0.808672        0.291598             0.840075         1.940046
075      0.5698      -0.939285        0.116336             0.963275         0.107080
075      0.4974      -0.866983        0.213921             0.905824         0.478790
075      0.4362      -0.683264        0.588247             0.409340       138.886334
075      0.4859      -0.850546        0.250561             0.888146         0.830890
075      0.4760      -0.830553        0.237495             0.867428         0.892989
075      0.4016      -0.559534        0.212431             0.085586        10.671652
075      0.3728      -0.488196        0.120610             0.058308         3.631001
075      0.3495      -0.438347        0.131218             0.041422         1.930036
075      0.4286      -0.645106        0.362622             0.237707        69.023466
075      0.3888      -0.523417        0.203843             0.073380         4.745801
075      0.4606      -0.792505        0.412492             0.814916         3.629251
075      0.4437      -0.741116        0.327602             0.732420         4.677403
075      0.4528      -0.767164        0.387488             0.774062         5.357892
075      0.4224      -0.619147        0.229583             0.154830        19.732934
075      0.3115      -0.371061        0.069592             0.027996         0.776631
075      0.4142      -0.595844        0.241442             0.147897        21.191926
075      0.5372      -0.898428        0.945904             0.754756       202.984000
075      0.5151      -0.891762        0.154279             0.927232         0.312474
075      0.4689      -0.815666        0.324660             0.852149         1.152516
075      0.5848      -0.947218        0.086992             0.968715         0.072032
075      0.5000      -0.873412        0.160814             0.911136         0.406527
075      0.4377      -0.690059        0.617723             0.489824       105.679622
075      0.3758      -0.494215        0.127827             0.060917         3.500069
075      0.4779      -0.837394        0.281173             0.876060         0.951205
075      0.4880      -0.855591        0.178075             0.896284         0.513351
075      0.4622      -0.796551        0.264614             0.822123         1.928668
075      0.4035      -0.565138        0.235764             0.086930         8.772573
075      0.4452      -0.739228        0.488061             0.698908        16.739053
075      0.3543      -0.450823        0.112622             0.050343         2.407614
075      0.3911      -0.528885        0.172499             0.057205         4.553007
075      0.4301      -0.645988        0.303057             0.156814        20.350199
075      0.4543      -0.767865        0.476289             0.755712        16.954850
075      0.3224      -0.388860        0.091981             0.032363         1.012429
075      0.5433      -0.872274        0.129883             0.137628        37.776933
075      0.4239      -0.629472        0.335608             0.148985        25.933560
075      0.4159      -0.599787        0.348092             0.156629        38.345687
075      0.5188      -0.895563        0.146741             0.930581         0.229684
075      0.4706      -0.818105        0.321474             0.853348         1.764831
075      1.0000      -0.998375        0.006138             0.999172         0.001682
075      0.5027      -0.878364        0.172932             0.916459         0.343524
075      0.4798      -0.839993        0.207925             0.878962         0.526895
075      0.3787      -0.499502        0.146418             0.052498         3.341966
075      0.4392      -0.687890        0.396379             0.355381        86.172538
075      0.4902      -0.858020        0.169438             0.897042         0.495634
075      0.4317      -0.666816        0.460184             0.394283        98.272460
075      0.4467      -0.745604        0.387582             0.739257         6.563050
075      0.4054      -0.567499        0.298654             0.090318        10.636048
075      0.3310      -0.403886        0.115957             0.039275         1.773515
075      0.3933      -0.534436        0.180631             0.070745         6.933712
075      0.3586      -0.457483        0.148634             0.044252         2.234028
075      0.3814      -0.506276        0.172054             0.060736         4.273377
075      0.4072      -0.570588        0.235646             0.099292        11.309781
075      0.3955      -0.540132        0.162379             0.068068         5.174655
075      0.3626      -0.466204        0.139022             0.043125         1.786378
076      0.4559      -0.779155        0.369034             0.801250         2.728074
076      0.4255      -0.634861        0.367155             0.206416        43.095376
076      0.4332      -0.669792        0.385492             0.388193        72.785800
076      0.5055      -0.879733        0.144581             0.917943         0.255226
076      0.4090      -0.576139        0.328351             0.104359        14.972204
076      0.0000      -0.001039        0.000000             0.015928         0.000000
076      0.4724      -0.821184        0.253504             0.857126         1.054002
076      0.4639      -0.801617        0.302380             0.832531         1.577920
076      0.3662      -0.471212        0.123910             0.046645         2.609472
076      0.4482      -0.752244        0.447307             0.750114         5.621667
076      0.3840      -0.513864        0.186612             0.068276         5.404140
076      0.5228      -0.901399        0.140320             0.935523         0.212685
076      0.4925      -0.859398        0.227593             0.898556         0.598121
076      0.4407      -0.715658        0.474501             0.644539        20.338778
076      0.3976      -0.543965        0.188976             0.084301         8.762220
076      0.3381      -0.417452        0.088591             0.036620         1.723513
076      0.4175      -0.604633        0.275197             0.127729        20.974791
076      0.4818      -0.842438        0.266178             0.881101         0.688860
076      0.5504      -0.925741        0.106067             0.954356         0.114459
076      0.4574      -0.782535        0.329812             0.802774         2.298287
076      0.3696      -0.479889        0.144343             0.052303         3.160053
076      0.5085      -0.883019        0.210177             0.920523         0.321803
076      0.2719      -0.309110        0.041177             0.023463         0.512389
076      0.4107      -0.581977        0.274977             0.078026        11.899416
076      0.4347      -0.672462        0.555706             0.330433        85.097516
076      0.3865      -0.518805        0.193623             0.053369         2.877893
076      0.4655      -0.804411        0.347976             0.834924         2.092714
076      0.5271      -0.907216        0.145930             0.940145         0.204125
076      0.4422      -0.716350        0.441305             0.617767        20.938220
076      0.3996      -0.552209        0.176196             0.088480        11.645596
076      0.5590      -0.931579        0.142575             0.958251         0.134221
076      0.4271      -0.635512        0.302938             0.202542        33.898265
076      0.4497      -0.759152        0.366110             0.758871         6.922217
076      0.4949      -0.864266        0.242453             0.903899         0.476337
076      0.4742      -0.826544        0.241327             0.862673         1.255855
076      0.4838      -0.845938        0.178507             0.885533         0.498698
076      0.4192      -0.607978        0.261423             0.169172        32.010856
076      0.3442      -0.427597        0.130558             0.043130         1.837046
076      0.4590      -0.789186        0.316217             0.814034         2.641842
076      0.2965      -0.346285        0.064791             0.027382         0.786341
076      0.5117      -0.888840        0.163049             0.924900         0.288101
076      0.3728      -0.487780        0.133563             0.050592         3.089951
076      0.4672      -0.811340        0.232894             0.844020         1.692345
076      0.4760      -0.830235        0.295048             0.867341         1.277466
076      0.4974      -0.870416        0.197800             0.909186         0.375277
076      0.5318      -0.910208        0.119385             0.942639         0.156160
076      0.4362      -0.678605        0.488271             0.413663        75.484907
076      0.3888      -0.523837        0.197827             0.066970         5.853122
076      0.5698      -0.939013        0.100644             0.963556         0.090505
076      0.4125      -0.591575        0.299550             0.161960        26.181704
076      0.4016      -0.557985        0.232849             0.087770         8.270960
076      0.4286      -0.644816        0.428553             0.263511        63.862535
076      0.4859      -0.851035        0.214939             0.891596         0.622669
076      0.4512      -0.764304        0.336514             0.773788         4.145747
076      0.4208      -0.614747        0.317035             0.152666        31.491658
076      0.4437      -0.730118        0.484727             0.695190        10.563538
076      0.4606      -0.792888        0.297130             0.815627         2.381126
076      0.3495      -0.439370        0.111004             0.037188         1.369209
076      0.5151      -0.891717        0.168927             0.927275         0.297338
076      0.3115      -0.371032        0.086384             0.033515         0.838549
076      0.3758      -0.495807        0.196369             0.059024         4.906291
076      0.5372      -0.904844        0.633912             0.848940       120.596398
076      0.5848      -0.947476        0.089859             0.969051         0.071583
076      0.4779      -0.835821        0.254352             0.874477         0.941731
076      0.4689      -0.815080        0.308332             0.849571         1.509877
076      0.4035      -0.563833        0.243432             0.088106        10.871510
076      0.4377      -0.681202        0.390597             0.308985        58.295298
076      0.5000      -0.872524        0.191606             0.911721         0.385499
076      0.4142      -0.597684        0.225881             0.118816        16.847554
076      0.4528      -0.767947        0.318618             0.774796         5.295782
076      0.3911      -0.529872        0.204138             0.060381         4.659017
076      0.4301      -0.654311        0.324306             0.212580        73.866443
076      0.4880      -0.854803        0.219231             0.894997         0.638190
076      0.4452      -0.738262        0.335977             0.700530         7.142871
076      0.4622      -0.798182        0.391498             0.828123         2.525459
076      0.4224      -0.621620        0.267396             0.128750        18.333926
076      0.3543      -0.447884        0.133916             0.040187         2.076654
076      0.3787      -0.501389        0.165904             0.063539         4.070734
076      0.5188      -0.897600        0.169101             0.932943         0.217627
076      0.3224      -0.389785        0.118082             0.030848         0.852463
076      0.5433      -0.920938        0.096133             0.950672         0.104833
076      0.4706      -0.818798        0.267208             0.853390         1.141363
076      0.5027      -0.877171        0.171993             0.915551         0.375593
076      0.4392      -0.700720        0.398207             0.558466        19.484142
076      1.0000      -0.998615        0.005064             0.999294         0.001342
076      0.4159      -0.598106        0.190100             0.092992        11.082782
076      0.4798      -0.837618        0.235526             0.876859         0.582420
076      0.4543      -0.772050        0.334775             0.783660         3.920059
076      0.4054      -0.566198        0.227046             0.077735         7.967981
076      0.4902      -0.856530        0.189679             0.895848         0.487972
076      0.4467      -0.744533        0.355393             0.707985         9.158971
076      0.4317      -0.647365        0.267405             0.148397        42.655973
076      0.4239      -0.623781        0.303700             0.194283        35.365036
076      0.3933      -0.533902        0.202120             0.070346         5.079583
076      0.3586      -0.458840        0.131323             0.047774         3.303270
076      0.3814      -0.509436        0.169248             0.060197         4.164309
076      0.3310      -0.406236        0.119968             0.031846         0.992829
076      0.4072      -0.572521        0.271292             0.088023        10.965413
076      0.3955      -0.541918        0.206781             0.067057         6.265612
076      0.3626      -0.462462        0.130949             0.045931         2.663034
077      0.4639      -0.802999        0.306888             0.834704         1.924609
077      0.4090      -0.579892        0.259114             0.090123        10.492835
077      0.3976      -0.544483        0.222426             0.061636         5.134117
077      0.4175      -0.602682        0.209909             0.147205        27.871777
077      0.5055      -0.880820        0.223708             0.918158         0.464061
077      0.4559      -0.774674        0.352829             0.766170        12.328615
077      0.4724      -0.820003        0.274057             0.855912         1.083090
077      0.5228      -0.900668        0.142227             0.935035         0.228156
077      0.3381      -0.420277        0.096941             0.037106         1.569146
077      0.4818      -0.842162        0.206045             0.879565         0.647764
077      0.4925      -0.860472        0.192783             0.899791         0.502339
077      0.4482      -0.748652        0.446677             0.741825         7.033433
077      0.4407      -0.695139        0.574719             0.358067       137.261521
077      0.3662      -0.472933        0.118357             0.052616         2.433727
077      0.5504      -0.926015        0.094278             0.954218         0.096320
077      0.3840      -0.513972        0.152551             0.055912         3.150707
077      0.4332      -0.666301        0.333528             0.198003        74.444057
077      0.0000      -0.007252        0.000000             0.015348         0.000000
077      0.4255      -0.634852        0.339325             0.203505        44.905233
077      0.4574      -0.780486        0.299868             0.803619         2.216185
077      0.4107      -0.585691        0.215397             0.109587        16.129157
077      0.4655      -0.803053        0.273175             0.832326         1.742584
077      0.5271      -0.905917        0.132718             0.939022         0.204388
077      0.5085      -0.884146        0.156556             0.921245         0.267983
077      0.4192      -0.609698        0.268337             0.103984        13.899050
077      0.3996      -0.551732        0.237950             0.082091         9.135298
077      0.4838      -0.847337        0.262517             0.885546         0.728329
077      0.3442      -0.429634        0.123309             0.037834         1.658186
077      0.3696      -0.481393        0.101116             0.047937         2.668829
077      0.4497      -0.755699        0.398561             0.748076         7.410304
077      0.4949      -0.864082        0.197062             0.902661         0.478189
077      0.5590      -0.931850        0.098233             0.958711         0.091840
077      0.4742      -0.824233        0.247766             0.863221         1.038077
077      0.2719      -0.310403        0.037688             0.024304         0.499345
077      0.4422      -0.722742        0.459532             0.676144        12.839399
077      0.4347      -0.670818        0.536660             0.307195       142.530349
077      0.3865      -0.519416        0.177941             0.060833         3.702904
077      0.4271      -0.633840        0.305044             0.169708        28.223574
077      0.4590      -0.788217        0.369722             0.811253         2.795943
077      0.4125      -0.589233        0.314663             0.132134        27.290970
077      0.5117      -0.887789        0.152692             0.924679         0.250568
077      0.4672      -0.811192        0.275321             0.844497         1.236791
077      0.5318      -0.910282        0.164416             0.942726         0.201038
077      0.4512      -0.761241        0.346271             0.763393         4.316159
077      0.4208      -0.612488        0.210044             0.124992        18.945511
077      0.5698      -0.939588        0.070689             0.963606         0.060633
077      0.4974      -0.869884        0.186902             0.907364         0.464851
077      0.4016      -0.557227        0.262908             0.087624        13.615183
077      0.2965      -0.347502        0.061616             0.028214         0.923609
077      0.3495      -0.438975        0.113590             0.037339         1.573364
077      0.4760      -0.830261        0.250947             0.868855         0.849860
077      0.3728      -0.487023        0.139935             0.055574         4.722669
077      0.4859      -0.848824        0.261292             0.886308         0.880323
077      0.4437      -0.731189        0.430468             0.697548        11.879863
077      0.4362      -0.673426        0.378060             0.304716        60.484143
077      0.3888      -0.523667        0.197013             0.073412         7.166498
077      0.4606      -0.792626        0.359784             0.816283         2.989041
077      0.4286      -0.641609        0.377701             0.232076        44.633503
077      0.4142      -0.595530        0.246642             0.152866        25.163900
077      0.5151      -0.891894        0.118225             0.928022         0.182044
077      0.5372      -0.869971        0.143974             0.322425        95.449958
077      0.4689      -0.815038        0.293659             0.850413         1.326632
077      0.4528      -0.764513        0.426660             0.758749        11.217411
077      0.4224      -0.616856        0.235849             0.138657        17.670606
077      0.5848      -0.947742        0.072884             0.969408         0.055889
077      0.3543      -0.450093        0.103137             0.047819         2.548892
077      0.3115      -0.371773        0.092905             0.029975         0.937150
077      0.3758      -0.492090        0.155755             0.053196         2.911608
077      0.4035      -0.564021        0.255821             0.087482        11.093338
077      0.4779      -0.834994        0.247885             0.872835         0.879167
077      0.5000      -0.873304        0.157272             0.911358         0.332343
077      0.4880      -0.855649        0.208043             0.895068         0.538045
077      0.4452      -0.735190        0.462883             0.691429        11.591159
077      0.4622      -0.794400        0.267395             0.820435         1.633939
077      0.3911      -0.530781        0.244678             0.062628         5.374174
077      0.4377      -0.696505        0.473398             0.567927        36.090440
077      0.4159      -0.600557        0.212736             0.137372        23.139750
077      0.4301      -0.653001        0.417005             0.242193        75.417948
077      0.5188      -0.896020        0.187049             0.931024         0.319892
077      0.5433      -0.919997        0.119020             0.949496         0.139756
077      0.4706      -0.821461        0.269877             0.859852         0.889542
077      0.4543      -0.774114        0.342037             0.789418         3.587668
077      0.4239      -0.631641        0.351473             0.260904        45.748786
077      1.0000      -0.998668        0.006833             0.999322         0.001779
077      0.3586      -0.456607        0.128441             0.042102         1.900386
077      0.3787      -0.500492        0.180175             0.053861         3.572635
077      0.3224      -0.387819        0.064761             0.031472         1.431520
077      0.4467      -0.740732        0.379211             0.724911         5.535160
077      0.5027      -0.875416        0.152967             0.913874         0.272053
077      0.4054      -0.569199        0.259536             0.104233        12.503118
077      0.4798      -0.839885        0.247717             0.880135         0.778027
077      0.4902      -0.859636        0.211653             0.898776         0.570355
077      0.3933      -0.535864        0.225014             0.063296         4.746608
077      0.4392      -0.700307        0.729889             0.455804       130.055625
077      0.4317      -0.663265        0.656789             0.407947        61.142223
077      0.3626      -0.465309        0.144327             0.049354         2.891170
077      0.4072      -0.574923        0.192903             0.097915        10.007217
077      0.3814      -0.504645        0.174098             0.060253         5.308283
077      0.3310      -0.406288        0.089837             0.036229         1.445749
077      0.3955      -0.543046        0.248716             0.057973         3.677419
078      0.4559      -0.777653        0.336644             0.781713         8.897327
078      0.5055      -0.880082        0.160608             0.917689         0.303775
078      0.4175      -0.605049        0.343985             0.097193        10.704924
078      0.0000       0.002301        0.000000             0.007232         0.000000
078      0.4407      -0.714119        0.495586             0.633323        21.785286
078      0.4724      -0.823662        0.289563             0.861693         0.929386
078      0.4090      -0.578784        0.250780             0.103074        11.076310
078      0.5228      -0.901946        0.124273             0.935930         0.201169
078      0.4639      -0.794977        0.282879             0.815391         2.547381
078      0.5504      -0.926157        0.117847             0.954494         0.125405
078      0.3662      -0.474507        0.088552             0.052936         2.767211
078      0.3976      -0.546460        0.209771             0.064915         5.376634
078      0.4925      -0.860802        0.212377             0.900243         0.509645
078      0.4818      -0.840122        0.223635             0.877403         0.817605
078      0.3381      -0.416515        0.083707             0.038277         1.439826
078      0.3840      -0.511677        0.139580             0.052659         4.318303
078      0.4482      -0.741966        0.508511             0.698468        16.107532
078      0.4255      -0.632308        0.391444             0.156772        67.736695
078      0.4332      -0.680743        0.387283             0.542617        22.371411
078      0.4574      -0.783166        0.323565             0.804195         2.473008
078      0.5085      -0.883813        0.196376             0.920575         0.416247
078      0.2719      -0.308425        0.046325             0.022876         0.721244
078      0.5271      -0.904451        0.127212             0.937360         0.184210
078      0.4107      -0.584964        0.232427             0.090611        10.740512
078      0.4192      -0.607308        0.219483             0.111486        14.516017
078      0.3696      -0.478070        0.187707             0.051956         3.255787
078      0.4655      -0.805526        0.279751             0.836423         1.715320
078      0.4838      -0.845464        0.262968             0.885095         0.720742
078      0.4497      -0.756062        0.393868             0.753577         6.848146
078      0.4742      -0.826752        0.171295             0.863008         0.827285
078      0.4422      -0.713448        0.405806             0.598274        16.246305
078      0.3865      -0.519550        0.166433             0.056857         3.947264
078      0.5590      -0.931256        0.100253             0.958258         0.084615
078      0.4949      -0.863360        0.178065             0.902814         0.383860
078      0.3996      -0.549290        0.218415             0.075187        10.137516
078      0.3442      -0.429076        0.134362             0.038902         1.666839
078      0.4271      -0.648284        0.453628             0.297377        89.019594
078      0.4347      -0.676509        0.504439             0.407893        42.440935
078      0.4590      -0.789536        0.369705             0.807728         4.665054
078      0.5117      -0.889188        0.129678             0.926269         0.205272
078      0.5318      -0.909017        0.117132             0.941598         0.149851
078      0.4512      -0.761515        0.381230             0.758465         7.658842
078      0.4125      -0.589293        0.201043             0.112682        14.363108
078      0.4672      -0.814076        0.246733             0.849250         1.378436
078      0.2965      -0.346354        0.062929             0.025316         0.585651
078      0.4208      -0.614714        0.235516             0.096986        18.321406
078      0.3728      -0.486693        0.187386             0.056930         3.331026
078      0.3888      -0.525151        0.142436             0.068248         7.205922
078      0.4760      -0.831604        0.240496             0.867719         0.961035
078      0.4859      -0.850013        0.158441             0.891354         0.358078
078      0.4437      -0.732462        0.401007             0.707068         6.252348
078      0.4016      -0.557314        0.206090             0.095033        10.557267
078      0.4286      -0.642186        0.302243             0.143432        26.947624
078      0.3495      -0.439938        0.110431             0.039911         2.242976
078      0.4974      -0.870046        0.146548             0.908938         0.304793
078      0.5698      -0.938741        0.082445             0.963136         0.078814
078      0.4606      -0.791236        0.262249             0.819888         1.550757
078      0.4362      -0.686167        0.644135             0.491361        53.316605
078      0.5151      -0.893646        0.186345             0.930178         0.262659
078      0.4528      -0.771847        0.278192             0.786262         2.562393
078      0.3115      -0.369730        0.074256             0.027798         0.945957
078      0.4142      -0.591525        0.223759             0.133682        13.491766
078      0.4224      -0.618718        0.272921             0.189750        32.776439
078      0.5372      -0.915539        0.124414             0.946716         0.143201
078      0.4689      -0.816917        0.243922             0.852176         1.070061
078      0.3758      -0.494467        0.184334             0.054849         3.548421
078      0.4779      -0.812656        0.814380             0.568606       317.023468
078      0.3543      -0.448300        0.119395             0.040947         2.250592
078      0.4880      -0.855161        0.183021             0.894375         0.468796
078      0.4622      -0.793416        0.251124             0.818031         1.975775
078      0.3911      -0.531295        0.216810             0.067091         7.925399
078      0.4035      -0.563350        0.202396             0.083126         7.766723
078      0.4301      -0.648715        0.335632             0.268087        43.604345
078      0.4452      -0.740358        0.309011             0.724675         5.984938
078      0.5848      -0.947419        0.078457             0.968899         0.066103
078      0.5000      -0.871144        0.197094             0.908938         0.428506
078      0.5188      -0.897179        0.162537             0.932235         0.239153
078      0.4377      -0.683649        0.731524             0.330141       195.162466
078      0.3224      -0.390953        0.064713             0.031486         1.258431
078      0.4543      -0.775016        0.403229             0.793310         3.623390
078      0.5433      -0.921072        0.112677             0.950585         0.153029
078      0.4159      -0.597147        0.293247             0.104438        11.481900
078      0.4239      -0.627202        0.343099             0.113971        15.611490
078      0.4706      -0.819149        0.228045             0.853849         1.174976
078      0.3787      -0.499849        0.128878             0.061062         4.558875
078      0.3586      -0.458780        0.143104             0.041769         2.369170
078      0.4798      -0.838383        0.185176             0.876446         0.859256
078      0.4902      -0.857630        0.200985             0.896535         0.585646
078      0.4054      -0.570483        0.272225             0.098757        12.341514
078      0.4467      -0.743708        0.411556             0.736348         3.657383
078      0.5027      -0.875733        0.225212             0.913346         0.419013
078      1.0000      -0.998698        0.005059             0.999336         0.001394
078      0.3933      -0.537663        0.198462             0.066433         8.464991
078      0.4317      -0.659188        0.445435             0.356466        60.519545
078      0.4392      -0.707807        0.353262             0.602978        17.966256
078      0.3310      -0.403771        0.096516             0.035036         1.549228
078      0.3814      -0.506972        0.176614             0.064773         5.626691
078      0.3626      -0.463317        0.156552             0.044418         2.595043
078      0.4072      -0.574103        0.242389             0.119043        14.370803
078      0.3955      -0.541607        0.237271             0.084333         9.074639
079      0.4559      -0.781109        0.334632             0.802339         3.748925
079      0.5228      -0.898994        0.164751             0.933918         0.246194
079      0.4090      -0.577548        0.235426             0.100189        13.253318
079      0.4407      -0.702955        0.421895             0.529281        32.619111
079      0.4175      -0.605278        0.255423             0.131296        18.494344
079      0.4925      -0.862304        0.253819             0.901016         0.679743
079      0.0000       0.002083        0.000000             0.012979         0.000000
079      0.4482      -0.744858        0.355311             0.704208        12.177323
079      0.4639      -0.803656        0.260660             0.834716         1.664906
079      0.5055      -0.879526        0.179991             0.916994         0.318886
079      0.3381      -0.417068        0.115794             0.039391         2.098815
079      0.5504      -0.919035        0.456592             0.897247        72.573312
079      0.3662      -0.475299        0.161926             0.041945         2.464931
079      0.4255      -0.629752        0.283307             0.133866        21.451877
079      0.3840      -0.513870        0.171813             0.060067         5.703184
079      0.4818      -0.841798        0.236846             0.881154         0.840730
079      0.3976      -0.548117        0.244094             0.081147         7.787046
079      0.4724      -0.822000        0.208604             0.857222         0.891642
079      0.4332      -0.666387        0.502653             0.342875        68.989672
079      0.4574      -0.782669        0.309081             0.801727         2.613607
079      0.4192      -0.606243        0.375948             0.146819        49.776654
079      0.4107      -0.583499        0.348098             0.075821        12.308763
079      0.4655      -0.805871        0.271892             0.838750         1.385474
079      0.2719      -0.308348        0.062340             0.025163         0.605812
079      0.4271      -0.647957        0.443715             0.350832        62.567025
079      0.5271      -0.907012        0.159039             0.939362         0.233908
079      0.5085      -0.883797        0.154276             0.920811         0.321665
079      0.4497      -0.760301        0.387674             0.763746         4.900557
079      0.3696      -0.481349        0.157744             0.046669         2.631609
079      0.4422      -0.726358        0.577791             0.689800        15.204415
079      0.5590      -0.932748        0.119212             0.959180         0.115467
079      0.4949      -0.866182        0.166136             0.905586         0.326144
079      0.3865      -0.514956        0.188203             0.064525         5.402441
079      0.3442      -0.428367        0.075060             0.032693         1.362797
079      0.4838      -0.848300        0.324165             0.886281         0.947204
079      0.4742      -0.825195        0.247560             0.859740         1.256001
079      0.3996      -0.550854        0.207100             0.078942         9.902009
079      0.4347      -0.667393        0.463339             0.282368        62.960882
079      0.4590      -0.787053        0.333814             0.810229         2.715261
079      0.4208      -0.611873        0.297878             0.134408        23.592565
079      0.4125      -0.589848        0.274812             0.121622        12.242824
079      0.2965      -0.347608        0.066285             0.030643         0.812176
079      0.4672      -0.809928        0.364446             0.837295         3.797817
079      0.5117      -0.887480        0.149100             0.924214         0.284675
079      0.5318      -0.910389        0.129288             0.943387         0.145482
079      0.5698      -0.939782        0.084347             0.963634         0.081586
079      0.4512      -0.765262        0.358117             0.774876         4.656108
079      0.4286      -0.643922        0.451052             0.280801        50.795957
079      0.3495      -0.440324        0.104307             0.037340         1.491343
079      0.3728      -0.486342        0.185338             0.052213         3.466146
079      0.4606      -0.789354        0.307924             0.809284         2.795080
079      0.4437      -0.728681        0.455642             0.663442        20.749914
079      0.4974      -0.867108        0.160911             0.905845         0.400903
079      0.3888      -0.523461        0.167631             0.055267         4.362308
079      0.4859      -0.850832        0.211987             0.890075         0.611284
079      0.4760      -0.832014        0.234653             0.870816         0.685267
079      0.4016      -0.559696        0.182270             0.075911         7.942451
079      0.4362      -0.687858        0.445908             0.491389        48.940518
079      0.4224      -0.625663        0.297465             0.216020        37.234883
079      0.4142      -0.593520        0.253872             0.114658        14.779434
079      0.4689      -0.812001        0.290665             0.845493         1.740940
079      0.3115      -0.370700        0.080318             0.032729         0.907685
079      0.5848      -0.947399        0.087005             0.969079         0.069655
079      0.5151      -0.892799        0.145237             0.928784         0.223048
079      0.4528      -0.767893        0.439562             0.782054         4.502270
079      0.5372      -0.913902        0.152345             0.945313         0.193458
079      0.4622      -0.802487        0.318021             0.836651         1.826201
079      0.4301      -0.655510        0.515120             0.352383        60.002287
079      0.3758      -0.494962        0.154430             0.045159         3.094928
079      0.5000      -0.873697        0.167517             0.911293         0.395665
079      0.3543      -0.447579        0.124590             0.043913         2.095300
079      0.4452      -0.729777        0.483052             0.663233        19.964172
079      0.4880      -0.852508        0.225049             0.891703         0.628968
079      0.3911      -0.531174        0.180061             0.070796         6.026607
079      0.4779      -0.835469        0.256579             0.873370         0.830453
079      0.4035      -0.565397        0.255624             0.095619        14.356709
079      0.4377      -0.705624        0.404983             0.634651        10.370419
079      0.4706      -0.819468        0.265113             0.855568         1.026528
079      0.4159      -0.595856        0.264620             0.098231        12.694473
079      0.4239      -0.623509        0.252462             0.119112        19.832660
079      0.3224      -0.387646        0.084577             0.031162         1.166546
079      0.5188      -0.898939        0.147586             0.933200         0.237647
079      1.0000      -0.998574        0.006505             0.999279         0.001649
079      0.5433      -0.921141        0.102976             0.950643         0.128562
079      0.4543      -0.771072        0.354099             0.784810         2.751376
079      0.4317      -0.657097        0.383389             0.222974        95.599347
079      0.5027      -0.877404        0.149460             0.914466         0.330642
079      0.3586      -0.455504        0.148597             0.046986         2.393169
079      0.3787      -0.500503        0.200852             0.048553         3.402841
079      0.4467      -0.746685        0.457955             0.729527         8.056696
079      0.3933      -0.534453        0.202918             0.083147        10.881517
079      0.4902      -0.855571        0.252050             0.895651         0.485895
079      0.4798      -0.837654        0.166184             0.877100         0.608420
079      0.4054      -0.565355        0.196080             0.100109        12.800513
079      0.4392      -0.712783        0.486127             0.648172        16.654545
079      0.3310      -0.403698        0.107002             0.033700         1.399193
079      0.3814      -0.507637        0.174854             0.059888         4.675737
079      0.3626      -0.467242        0.193458             0.049095         3.831862
079      0.3955      -0.541240        0.178165             0.062410         6.984612
079      0.4072      -0.572145        0.237887             0.107310        15.033975
080      0.4559      -0.775947        0.390369             0.787597         4.112418
080      0.4175      -0.600316        0.388098             0.129916        35.447244
080      0.4639      -0.801759        0.228010             0.830056         2.010991
080      0.0000       0.007188        0.000000             0.002812         0.000000
080      0.4724      -0.822600        0.245452             0.859613         0.891599
080      0.5504      -0.924400        0.135009             0.952953         0.168771
080      0.5228      -0.899587        0.149921             0.934422         0.201796
080      0.4925      -0.862891        0.211031             0.901106         0.607969
080      0.5055      -0.881447        0.160882             0.918956         0.263100
080      0.4090      -0.579953        0.193739             0.088397        12.941905
080      0.3840      -0.513387        0.173153             0.056353         4.154570
080      0.3976      -0.545734        0.238337             0.077997         7.678246
080      0.4482      -0.747781        0.326044             0.731875         5.257614
080      0.4818      -0.843863        0.256839             0.882931         0.652738
080      0.4407      -0.721997        0.397382             0.683341         7.317458
080      0.4332      -0.672891        0.391699             0.379781        80.666655
080      0.4255      -0.641209        0.335004             0.306825        53.843410
080      0.3662      -0.473772        0.136540             0.050316         2.799406
080      0.3381      -0.415644        0.083479             0.035172         1.681221
080      0.4574      -0.780681        0.361308             0.792650         5.775957
080      0.4192      -0.606197        0.308748             0.109422        16.069482
080      0.4655      -0.807616        0.274265             0.841903         1.214151
080      0.5271      -0.904963        0.123190             0.938775         0.171344
080      0.4107      -0.584172        0.270575             0.112869        19.596729
080      0.5590      -0.931613        0.100300             0.957997         0.100609
080      0.5085      -0.885100        0.173696             0.922412         0.302753
080      0.2719      -0.311722        0.039152             0.020556         0.487670
080      0.4497      -0.758403        0.491284             0.766641         7.166312
080      0.3996      -0.551622        0.201298             0.085575         9.842208
080      0.4422      -0.712587        0.343619             0.603541        15.922878
080      0.4742      -0.825447        0.156087             0.862419         0.764140
080      0.4347      -0.681113        0.659364             0.434109       128.264929
080      0.4838      -0.845666        0.235444             0.884700         0.739128
080      0.3696      -0.481812        0.171520             0.043291         3.536460
080      0.3865      -0.517975        0.135722             0.059013         4.030517
080      0.4271      -0.642641        0.318920             0.313866        47.348519
080      0.4949      -0.865653        0.213566             0.904806         0.541439
080      0.3442      -0.428062        0.096813             0.036200         1.650135
080      0.4590      -0.787487        0.427468             0.810209         3.301597
080      0.4672      -0.813816        0.322371             0.848759         1.609305
080      0.5318      -0.910816        0.146199             0.942934         0.203774
080      0.4208      -0.624656        0.323464             0.185322        48.342020
080      0.5698      -0.939475        0.086310             0.963587         0.082531
080      0.5117      -0.888500        0.175298             0.925006         0.357990
080      0.2965      -0.345516        0.066369             0.028119         0.809789
080      0.4437      -0.727462        0.567455             0.677350        22.165769
080      0.4125      -0.588769        0.252761             0.084750        11.902710
080      0.4859      -0.850634        0.225348             0.891209         0.580936
080      0.4512      -0.761797        0.349246             0.765500         5.153916
080      0.4016      -0.556403        0.233767             0.081475         7.895392
080      0.4760      -0.829219        0.283202             0.864213         1.422041
080      0.4974      -0.867747        0.151302             0.905672         0.383022
080      0.4362      -0.679506        0.481606             0.399628        90.693793
080      0.3728      -0.486591        0.168663             0.045753         2.551322
080      0.4286      -0.643222        0.333671             0.160262        36.826013
080      0.3888      -0.523066        0.166928             0.062097         4.678434
080      0.3495      -0.439909        0.117331             0.037291         1.781080
080      0.4606      -0.793594        0.291144             0.819322         2.003426
080      0.5848      -0.947006        0.114210             0.968463         0.091002
080      0.5372      -0.914056        0.138911             0.945666         0.157446
080      0.4689      -0.813244        0.258323             0.845225         1.488156
080      0.4880      -0.854884        0.154632             0.893175         0.441718
080      0.4224      -0.624709        0.225380             0.137875        26.570858
080      0.4528      -0.767247        0.268294             0.772681         7.588185
080      0.4452      -0.735013        0.449181             0.692950        14.541775
080      0.5151      -0.891947        0.129783             0.928378         0.225161
080      0.4142      -0.597197        0.288476             0.143406        22.047428
080      0.3115      -0.371925        0.077292             0.029603         0.992840
080      0.4035      -0.562356        0.212468             0.079600         9.644629
080      0.4779      -0.835219        0.187768             0.873938         0.567684
080      0.4377      -0.697131        0.356120             0.565897        27.290614
080      0.5000      -0.849369        0.916604             0.591397       389.173664
080      0.4301      -0.653550        0.295081             0.270578        60.930134
080      0.3758      -0.494169        0.160339             0.049556         3.265688
080      0.3911      -0.531616        0.166789             0.070053         7.890448
080      0.4622      -0.793822        0.309180             0.821594         1.858572
080      0.3543      -0.448288        0.123411             0.037247         2.032711
080      1.0000      -0.998619        0.005823             0.999287         0.001693
080      0.5433      -0.921234        0.125233             0.951000         0.154494
080      0.5188      -0.898000        0.152777             0.932975         0.252298
080      0.4706      -0.818997        0.386010             0.850950         1.950608
080      0.4239      -0.623222        0.313356             0.169844        41.650107
080      0.4467      -0.745153        0.366793             0.735072         5.980740
080      0.3224      -0.390603        0.118771             0.034059         1.189477
080      0.4159      -0.597650        0.285524             0.084878        10.540672
080      0.4543      -0.767919        0.428347             0.760700         9.897510
080      0.4902      -0.857522        0.198681             0.897475         0.550126
080      0.5027      -0.875525        0.209574             0.913197         0.409278
080      0.4054      -0.569619        0.183777             0.116891        15.124672
080      0.4798      -0.838587        0.179321             0.876453         0.666130
080      0.4317      -0.667297        0.456659             0.451731        46.013720
080      0.4392      -0.704803        0.397267             0.606469        20.641714
080      0.3787      -0.499091        0.143718             0.053916         4.369212
080      0.3933      -0.534837        0.158714             0.073500         6.778116
080      0.3586      -0.456763        0.117200             0.041737         2.487867
080      0.3310      -0.404469        0.120873             0.032522         0.999019
080      0.4072      -0.571909        0.253694             0.112753        14.746417
080      0.3814      -0.507481        0.210713             0.058184         4.664089
080      0.3955      -0.542144        0.165718             0.073897         6.786120
080      0.3626      -0.467241        0.131242             0.046866         2.431814
081      0.4559      -0.779052        0.306484             0.795382         3.183914
081      0.4175      -0.603826        0.243233             0.129398        19.071197
081      0.4482      -0.748520        0.451098             0.740424         6.506554
081      0.0000       0.010517        0.000000             0.011736         0.000000
081      0.5504      -0.917897        0.549155             0.874861       108.298869
081      0.5228      -0.870553        0.744824             0.474922       347.743403
081      0.5055      -0.881073        0.173293             0.918003         0.324792
081      0.4639      -0.804447        0.335693             0.834717         1.964996
081      0.4090      -0.578796        0.240016             0.105456        13.449683
081      0.3976      -0.546648        0.206877             0.077857         7.479434
081      0.3662      -0.472821        0.157301             0.040878         2.526322
081      0.4818      -0.841274        0.189695             0.881567         0.530081
081      0.4925      -0.859214        0.221151             0.897485         0.540384
081      0.4407      -0.709617        0.573948             0.602173        34.085832
081      0.4724      -0.820241        0.294006             0.853580         1.386011
081      0.3381      -0.416238        0.131899             0.033757         1.664907
081      0.4255      -0.631471        0.299042             0.201680        28.410875
081      0.4332      -0.667962        0.438096             0.404231        76.589467
081      0.3840      -0.515010        0.166839             0.061378         3.986389
081      0.4574      -0.785039        0.294777             0.809944         2.224915
081      0.4192      -0.611151        0.353403             0.095918        13.793117
081      0.4497      -0.755662        0.401116             0.750480         4.984582
081      0.2719      -0.310331        0.050240             0.021997         0.537400
081      0.5085      -0.884201        0.223888             0.921366         0.355683
081      0.5271      -0.862667        0.164556             0.220034        94.181679
081      0.5590      -0.932608        0.134974             0.959076         0.132682
081      0.4655      -0.806002        0.276816             0.840463         1.455623
081      0.4949      -0.865554        0.169600             0.904341         0.431763
081      0.3696      -0.480835        0.138625             0.048450         3.033269
081      0.4107      -0.581683        0.291327             0.067167         8.058577
081      0.4838      -0.846383        0.210478             0.886405         0.572221
081      0.4742      -0.825121        0.236536             0.864566         0.930191
081      0.3442      -0.427956        0.076377             0.038485         1.808151
081      0.3996      -0.551498        0.207985             0.077641         8.222158
081      0.4422      -0.719189        0.431174             0.646612        17.064275
081      0.4271      -0.641640        0.357502             0.254870        53.001126
081      0.3865      -0.517805        0.204623             0.051227         4.389217
081      0.4347      -0.675050        0.591603             0.407234        94.128674
081      0.4590      -0.787051        0.330956             0.808090         2.860029
081      0.4512      -0.761649        0.419986             0.769697         5.904653
081      0.4208      -0.619287        0.327860             0.160960        41.581617
081      0.5117      -0.886914        0.125943             0.923323         0.282519
081      0.4672      -0.809392        0.286654             0.841171         1.850587
081      0.4125      -0.590319        0.281058             0.126685        18.112060
081      0.5698      -0.939598        0.092257             0.963631         0.076198
081      0.5318      -0.909803        0.152865             0.942658         0.171949
081      0.2965      -0.346462        0.075924             0.030139         1.021392
081      0.4974      -0.870215        0.191947             0.908487         0.475499
081      0.3728      -0.489136        0.134567             0.050840         4.381038
081      0.4760      -0.832160        0.211372             0.870907         0.697611
081      0.3888      -0.526429        0.174295             0.062006         6.550723
081      0.4016      -0.559793        0.237063             0.074358         9.113800
081      0.3495      -0.436308        0.130086             0.037299         2.221761
081      0.4859      -0.851212        0.235171             0.890364         0.611148
081      0.4286      -0.643042        0.353123             0.152559        43.835308
081      0.4437      -0.729694        0.583202             0.688523        11.588613
081      0.4606      -0.792556        0.269343             0.819348         1.822575
081      0.4362      -0.671535        0.281325             0.197683        49.167031
081      0.4528      -0.764746        0.404522             0.761881        10.297758
081      0.4224      -0.621820        0.446243             0.200841        37.459576
081      0.5151      -0.892038        0.167283             0.928124         0.243508
081      0.4689      -0.814943        0.229662             0.849959         1.057526
081      0.5372      -0.913647        0.120852             0.944847         0.167355
081      0.3115      -0.370319        0.091912             0.027773         0.806679
081      0.5848      -0.947584        0.076250             0.969355         0.059955
081      0.4142      -0.592739        0.291977             0.108215        13.655154
081      0.4779      -0.833608        0.188069             0.870099         1.037824
081      0.5000      -0.872818        0.172493             0.911919         0.334043
081      0.4301      -0.651962        0.513305             0.315845        76.516839
081      0.4377      -0.698866        0.455312             0.605106        18.204841
081      0.3543      -0.447721        0.143943             0.037424         2.053737
081      0.4452      -0.735757        0.418197             0.707554         7.142438
081      0.4622      -0.801186        0.253294             0.833909         1.346870
081      0.4880      -0.852440        0.213201             0.891132         0.687197
081      0.3758      -0.493044        0.119207             0.046712         2.408825
081      0.4543      -0.772333        0.322236             0.782939         3.521820
081      0.4035      -0.563271        0.232268             0.080530        10.296166
081      0.5188      -0.894178        0.153034             0.930258         0.222765
081      0.3911      -0.528395        0.202782             0.053516         4.155663
081      0.4239      -0.624975        0.233982             0.117522        19.435084
081      0.4706      -0.822780        0.253743             0.858906         1.133501
081      0.5433      -0.921539        0.120406             0.951190         0.127927
081      0.3224      -0.387901        0.095347             0.032775         1.104513
081      1.0000      -0.967200        0.013413             0.103109        39.794517
081      0.4798      -0.837531        0.242028             0.876970         0.754636
081      0.4159      -0.599354        0.307358             0.119128        16.984483
081      0.4317      -0.660540        0.484163             0.368608        73.850504
081      0.4392      -0.701472        0.600829             0.582356        30.632714
081      0.5027      -0.876068        0.203549             0.914318         0.423039
081      0.4902      -0.857799        0.210179             0.897110         0.543297
081      0.3586      -0.458439        0.156373             0.045588         3.472567
081      0.4467      -0.746478        0.403392             0.733391         6.210145
081      0.3787      -0.500576        0.153504             0.052062         3.527691
081      0.4054      -0.567804        0.231137             0.078016        10.512571
081      0.3933      -0.534653        0.246143             0.065484         7.289812
081      0.3310      -0.405706        0.085887             0.029346         1.270899
081      0.3626      -0.466447        0.177901             0.047630         3.326328
081      0.3814      -0.505353        0.179223             0.053443         4.553999
081      0.4072      -0.572687        0.373530             0.095784        14.663767
081      0.3955      -0.542798        0.217890             0.065752         6.973819
082      0.4559      -0.778935        0.344273             0.802742         2.236723
082      0.4724      -0.823141        0.286178             0.859551         1.407404
082      0.4090      -0.575684        0.258324             0.075253         8.558100
082      0.4639      -0.803504        0.325911             0.832079         2.109309
082      0.4818      -0.843227        0.200678             0.882620         0.538343
082      0.5055      -0.879242        0.180891             0.917234         0.328754
082      0.4175      -0.608471        0.295799             0.139105        31.871220
082      0.4925      -0.860464        0.186090             0.900529         0.434848
082      0.4255      -0.633400        0.350145             0.175708        50.580162
082      0.4407      -0.719078        0.572471             0.667463        14.722769
082      0.4332      -0.671502        0.539191             0.417930        62.433617
082      0.4482      -0.752921        0.329836             0.746508         4.577108
082      0.5228      -0.900303        0.137756             0.935184         0.172677
082      0.4574      -0.783168        0.376978             0.798171         4.766758
082      0.0000      -0.001487        0.000000             0.013087         0.000000
082      0.3381      -0.417415        0.095732             0.035538         1.491174
082      0.4742      -0.827014        0.264781             0.864765         0.898364
082      0.4107      -0.582088        0.249655             0.089227        12.793205
082      0.3976      -0.546416        0.174261             0.089334        10.443244
082      0.5085      -0.860375        1.024598             0.658519       252.075614
082      0.4838      -0.846868        0.258663             0.883495         1.259394
082      0.4655      -0.804932        0.260036             0.830860         2.068692
082      0.5504      -0.925012        0.114266             0.953599         0.112144
082      0.4422      -0.721904        0.376433             0.668010        14.463959
082      0.4497      -0.756449        0.356777             0.751172         5.668403
082      0.4949      -0.863566        0.207801             0.901743         0.500411
082      0.4347      -0.685735        0.506759             0.546371        33.547977
082      0.4192      -0.610863        0.251692             0.115375        27.040427
082      0.4271      -0.635577        0.251619             0.087799        11.888916
082      0.4590      -0.790065        0.339368             0.814949         2.136879
082      0.3662      -0.474039        0.157853             0.045964         2.468084
082      0.4125      -0.588316        0.275806             0.081225         8.197001
082      0.3840      -0.513007        0.153237             0.060684         4.714119
082      0.4512      -0.750360        0.481475             0.695190        16.531202
082      0.4760      -0.831255        0.221882             0.869994         0.731976
082      0.4672      -0.810607        0.259427             0.841913         1.482015
082      0.4859      -0.851630        0.184287             0.889967         0.625033
082      0.5117      -0.891020        0.151518             0.928004         0.252940
082      0.4974      -0.871300        0.168654             0.910750         0.324770
082      0.4208      -0.614444        0.304596             0.151686        25.110341
082      0.4437      -0.728192        0.404733             0.667867        12.653020
082      0.4362      -0.676562        0.610047             0.278578       109.740564
082      0.4286      -0.648822        0.493444             0.344054        64.124759
082      0.5271      -0.905503        0.131915             0.939007         0.177670
082      0.3442      -0.430803        0.099987             0.034926         1.492709
082      0.4606      -0.793340        0.323256             0.820057         2.454897
082      0.2719      -0.309256        0.047013             0.023373         0.672065
082      0.4142      -0.590131        0.247519             0.092906        14.436442
082      0.4779      -0.835529        0.255174             0.872487         1.134926
082      0.5590      -0.930809        0.096511             0.957391         0.100304
082      0.4528      -0.766187        0.382416             0.767055         5.383035
082      0.4689      -0.813058        0.244495             0.849575         1.200303
082      0.3996      -0.552957        0.223339             0.075018         7.943476
082      0.4880      -0.853739        0.222600             0.893105         0.662220
082      0.4224      -0.621220        0.309477             0.210327        47.347842
082      0.5151      -0.892448        0.195466             0.927635         0.317175
082      0.5000      -0.847076        0.865052             0.517766       438.285866
082      0.4452      -0.733905        0.479872             0.694417        12.603027
082      0.4301      -0.650238        0.371121             0.241582        53.588358
082      0.4377      -0.697992        0.416391             0.587415        23.014505
082      0.4622      -0.795880        0.310087             0.822963         1.895886
082      0.4159      -0.603789        0.229560             0.125357        17.494647
082      0.4543      -0.774932        0.323282             0.789914         3.611976
082      0.4798      -0.838516        0.248623             0.880274         0.562397
082      0.4706      -0.820021        0.230380             0.857195         0.981875
082      0.5188      -0.897151        0.133207             0.932469         0.187473
082      0.5318      -0.909185        0.123453             0.941481         0.190904
082      0.4239      -0.632058        0.372617             0.278751        38.462329
082      0.4902      -0.857933        0.206205             0.898718         0.481403
082      0.3696      -0.480217        0.185709             0.043084         2.618464
082      0.3495      -0.439105        0.087172             0.034033         1.605850
082      0.2965      -0.346921        0.058589             0.025405         0.592286
082      0.5027      -0.878299        0.174395             0.915785         0.387586
082      0.3865      -0.519741        0.156881             0.063653         6.309549
082      0.4467      -0.739066        0.435469             0.697603        20.538047
082      0.4317      -0.652005        0.505651             0.192097        34.891691
082      0.4016      -0.556666        0.256943             0.085925        13.005201
082      0.5698      -0.938058        0.104546             0.962796         0.096546
082      0.4392      -0.709595        0.617179             0.620339        35.670470
082      0.5372      -0.916904        0.125492             0.947760         0.141990
082      0.3728      -0.487287        0.159611             0.046853         4.039071
082      0.3543      -0.449176        0.141539             0.037136         1.783810
082      0.3888      -0.522876        0.156866             0.071904         8.639377
082      0.3115      -0.371377        0.063194             0.027198         0.933182
082      0.5848      -0.946365        0.090397             0.968153         0.080871
082      0.4035      -0.564750        0.246751             0.098837        10.102137
082      0.5433      -0.919973        0.117308             0.950226         0.147704
082      0.3758      -0.492246        0.152950             0.052986         3.925201
082      0.3224      -0.390051        0.089274             0.030788         1.515369
082      0.3586      -0.457085        0.146077             0.044700         2.834674
082      0.3911      -0.530045        0.196770             0.067689         6.867927
082      1.0000      -0.998664        0.006760             0.999316         0.001869
082      0.4054      -0.567650        0.232855             0.096800        12.026263
082      0.3626      -0.462219        0.104321             0.040863         2.610391
082      0.3310      -0.405869        0.080337             0.037329         1.805311
082      0.3787      -0.501222        0.167517             0.054932         3.798718
082      0.3933      -0.533998        0.175225             0.068858         8.392904
082      0.4072      -0.572136        0.303360             0.107811        13.989876
082      0.3814      -0.505717        0.167693             0.060943         4.536067
082      0.3955      -0.540164        0.208426             0.061984         6.330676
083      0.4559      -0.778766        0.307325             0.795776         2.866000
083      0.4175      -0.603629        0.339357             0.135024        27.002965
083      0.4639      -0.802090        0.260870             0.833802         1.482061
083      0.4255      -0.635320        0.348346             0.215279        47.083602
083      0.4482      -0.752818        0.426046             0.752153         6.251307
083      0.4090      -0.577474        0.210556             0.101739        15.238718
083      0.4724      -0.821202        0.262725             0.860331         0.972447
083      0.5504      -0.884741        0.116222             0.075317        13.109371
083      0.0000      -0.001016        0.000000             0.001887         0.000000
083      0.5055      -0.873244        0.660759             0.836513        93.124036
083      0.5228      -0.901948        0.144814             0.936534         0.232606
083      0.3662      -0.474072        0.148924             0.050820         3.069686
083      0.4925      -0.860711        0.195532             0.900395         0.486395
083      0.3840      -0.514461        0.163315             0.060999         5.128111
083      0.4818      -0.840476        0.208661             0.879826         0.692176
083      0.4407      -0.710727        0.407619             0.610022        19.960764
083      0.4332      -0.670344        0.514145             0.388033        43.916704
083      0.3976      -0.547435        0.255425             0.070591         8.507319
083      0.3381      -0.416801        0.100077             0.037053         1.591675
083      0.4574      -0.782305        0.332888             0.801867         2.484273
083      0.4655      -0.806169        0.256624             0.839167         1.384046
083      0.4107      -0.583234        0.249968             0.101193        17.352991
083      0.4192      -0.609447        0.232243             0.157213        29.229122
083      0.4742      -0.826204        0.227222             0.862790         0.908877
083      0.4271      -0.635547        0.234831             0.195668        40.014163
083      0.2719      -0.308097        0.070633             0.022169         0.469131
083      0.4497      -0.757509        0.382569             0.756775         4.354031
083      0.5085      -0.874086        0.742329             0.796333       182.140544
083      0.5271      -0.906007        0.138788             0.939878         0.172464
083      0.5590      -0.932701        0.093550             0.958824         0.079757
083      0.3696      -0.479115        0.140985             0.047307         3.189703
083      0.3865      -0.515520        0.205125             0.055486         4.651171
083      0.4422      -0.727914        0.362520             0.700656         7.098721
083      0.3996      -0.550646        0.167636             0.106576        12.182986
083      0.4949      -0.864895        0.134889             0.904584         0.317726
083      0.4347      -0.674107        0.461555             0.315596       152.376347
083      0.3442      -0.426822        0.096647             0.038096         1.707054
083      0.4838      -0.847194        0.198251             0.887856         0.582215
083      0.4590      -0.789888        0.222524             0.818215         1.838467
083      0.4672      -0.811293        0.278665             0.843684         1.235819
083      0.5117      -0.886779        0.167031             0.923742         0.265686
083      0.4125      -0.588773        0.258754             0.111903        20.220515
083      0.4512      -0.759959        0.288926             0.756287         4.866066
083      0.5318      -0.911113        0.144983             0.943237         0.194292
083      0.4208      -0.615544        0.253054             0.110989        20.072718
083      0.4760      -0.828596        0.276274             0.864726         1.213234
083      0.2965      -0.345928        0.082308             0.031102         1.032562
083      0.4286      -0.645104        0.406906             0.236908        40.021888
083      0.5698      -0.939715        0.108178             0.963707         0.094713
083      0.4974      -0.868013        0.172046             0.905716         0.443465
083      0.3728      -0.488701        0.150861             0.051981         3.314884
083      0.3495      -0.440345        0.119380             0.038900         2.104296
083      0.4437      -0.728477        0.549556             0.664790        26.435105
083      0.4606      -0.793671        0.312488             0.822404         2.621742
083      0.3888      -0.524982        0.184339             0.066605         5.846767
083      0.4016      -0.557158        0.232659             0.070861         6.797613
083      0.4362      -0.677979        0.396105             0.369546       112.196920
083      0.4859      -0.851334        0.216913             0.891363         0.598269
083      0.4142      -0.592037        0.216577             0.129752        14.779941
083      0.4528      -0.766236        0.290959             0.773732         3.102850
083      0.3115      -0.369348        0.074619             0.027722         1.041751
083      0.4779      -0.803490        0.756540             0.396211       343.175986
083      0.5848      -0.946381        0.068516             0.968216         0.056579
083      0.4224      -0.620377        0.319609             0.142093        33.488296
083      0.5151      -0.890748        0.144485             0.926788         0.261650
083      0.5372      -0.870887        0.134727             0.282105        36.929527
083      0.4301      -0.664520        0.580236             0.407987        87.583971
083      0.4689      -0.813276        0.210486             0.847545         1.223622
083      0.5000      -0.872173        0.172068             0.910100         0.355155
083      0.4452      -0.734542        0.435834             0.697384         9.789431
083      0.3543      -0.447606        0.100157             0.035065         1.542817
083      0.4622      -0.796281        0.329685             0.825664         1.811714
083      0.4880      -0.853453        0.199215             0.893163         0.533346
083      0.4035      -0.562497        0.199364             0.071958        10.042065
083      0.4377      -0.706201        0.435658             0.646332        10.378933
083      0.4543      -0.771709        0.399009             0.778490         7.273011
083      0.3758      -0.495239        0.167194             0.053450         3.963782
083      0.4159      -0.600807        0.228038             0.097106        15.707572
083      0.3224      -0.388547        0.072213             0.029801         1.060942
083      0.3911      -0.529781        0.259220             0.054330         4.437518
083      1.0000      -0.969090        0.007079             0.645078        29.305468
083      0.5188      -0.896664        0.144426             0.932159         0.185666
083      0.4239      -0.629749        0.355702             0.206169        58.381690
083      0.4706      -0.817799        0.264339             0.854600         1.435429
083      0.4798      -0.838833        0.191433             0.875268         1.011554
083      0.5433      -0.921251        0.117375             0.950907         0.132079
083      0.4317      -0.661193        0.481727             0.350425        52.880308
083      0.4467      -0.743757        0.382643             0.727194         7.507866
083      0.5027      -0.875218        0.154668             0.912844         0.372681
083      0.3586      -0.458699        0.162443             0.041780         2.751758
083      0.4902      -0.858450        0.174965             0.897483         0.442758
083      0.4054      -0.570019        0.179825             0.080705         9.499980
083      0.4392      -0.709444        0.498161             0.624538        20.418618
083      0.3787      -0.501605        0.208651             0.052960         5.292162
083      0.3310      -0.402764        0.085179             0.031055         1.442928
083      0.3933      -0.536949        0.213133             0.063739         5.784313
083      0.3626      -0.465772        0.155808             0.040546         2.453573
083      0.4072      -0.571961        0.331265             0.096560        15.972899
083      0.3814      -0.503196        0.193837             0.048765         3.788440
083      0.3955      -0.542053        0.218173             0.087839        11.969843
084      0.4818      -0.842704        0.169205             0.880516         0.647569
084      0.4255      -0.629972        0.369475             0.177738        42.183498
084      0.4090      -0.582041        0.213738             0.138365        29.521628
084      0.4175      -0.603379        0.265646             0.114473        19.939005
084      0.0000       0.010488        0.000000             0.015306         0.000000
084      0.5055      -0.880607        0.177721             0.918537         0.463757
084      0.4925      -0.863163        0.184891             0.902715         0.444094
084      0.4639      -0.803707        0.253786             0.836114         1.239544
084      0.5504      -0.924938        0.101498             0.953503         0.099555
084      0.4559      -0.781372        0.324048             0.801412         2.644922
084      0.3381      -0.418512        0.113835             0.034048         1.465080
084      0.4482      -0.752469        0.442707             0.751125         5.530067
084      0.4332      -0.660933        0.412785             0.189940        66.476464
084      0.4724      -0.819632        0.298660             0.854277         1.547006
084      0.5228      -0.900363        0.108156             0.935808         0.149073
084      0.3976      -0.547319        0.209411             0.066522         5.993676
084      0.3840      -0.513413        0.167585             0.055020         3.746347
084      0.4407      -0.705626        0.695851             0.515176       116.870701
084      0.3662      -0.473177        0.158760             0.042744         2.412943
084      0.4574      -0.781516        0.273032             0.800901         1.935574
084      0.4107      -0.581811        0.251825             0.095496        14.875115
084      0.4271      -0.635530        0.306201             0.157029        31.642343
084      0.2719      -0.311950        0.062276             0.024192         0.516828
084      0.4742      -0.827520        0.260909             0.862265         1.318964
084      0.4655      -0.803702        0.279418             0.836763         1.156797
084      0.5590      -0.891423        0.097770             0.329793        19.892349
084      0.4192      -0.612730        0.233244             0.177582        29.779356
084      0.5271      -0.906074        0.145247             0.939365         0.191782
084      0.5085      -0.884249        0.124790             0.921857         0.216166
084      0.4838      -0.847438        0.234301             0.886057         1.029116
084      0.4497      -0.756046        0.397360             0.762095         4.802008
084      0.3442      -0.426933        0.114006             0.040023         1.791259
084      0.4347      -0.675176        0.391054             0.385074        66.517895
084      0.4949      -0.866735        0.209379             0.904683         0.669557
084      0.3696      -0.480740        0.152327             0.049991         3.021946
084      0.3996      -0.555204        0.252532             0.084855        11.024027
084      0.4422      -0.721465        0.428839             0.642554        22.015485
084      0.3865      -0.519456        0.214666             0.063773         5.121329
084      0.4590      -0.786355        0.313414             0.810374         2.222427
084      0.4125      -0.591667        0.245856             0.075482         8.904828
084      0.4672      -0.809858        0.297142             0.844549         1.326349
084      0.4208      -0.615618        0.281798             0.112015        17.050306
084      0.5698      -0.938441        0.103082             0.962982         0.095516
084      0.4286      -0.647307        0.286239             0.209076        39.023301
084      0.5318      -0.908914        0.133911             0.941772         0.196581
084      0.2965      -0.347299        0.078508             0.022806         0.594036
084      0.5117      -0.890264        0.169759             0.926040         0.286381
084      0.4512      -0.764456        0.372556             0.769388         4.409293
084      0.4760      -0.828560        0.211587             0.865513         0.884147
084      0.4859      -0.848971        0.258938             0.887755         0.745960
084      0.4016      -0.557285        0.285867             0.071403         7.792642
084      0.4362      -0.673880        0.442447             0.291964        58.516106
084      0.3495      -0.438929        0.120367             0.038818         2.110107
084      0.3728      -0.485641        0.151871             0.048296         3.217485
084      0.4974      -0.824626        0.230420             0.173393        37.377522
084      0.3888      -0.524147        0.177001             0.066165         6.923007
084      0.4437      -0.721874        0.503312             0.620842        28.133919
084      0.4606      -0.789252        0.311931             0.814082         2.124803
084      0.4142      -0.593920        0.311103             0.071386         7.113503
084      0.4689      -0.812594        0.295613             0.846346         1.787472
084      0.4224      -0.623299        0.347502             0.166344        33.479528
084      0.5372      -0.913946        0.145535             0.945275         0.189273
084      0.4528      -0.766740        0.472631             0.765575         6.558645
084      0.5848      -0.947443        0.101022             0.968931         0.089970
084      0.4301      -0.653912        0.355331             0.258506        57.958468
084      0.3115      -0.370278        0.100057             0.026494         0.986959
084      0.4880      -0.855604        0.267526             0.895955         0.630991
084      0.5151      -0.892659        0.141724             0.928279         0.232933
084      0.4622      -0.796840        0.263701             0.823710         2.705041
084      0.4779      -0.834906        0.256345             0.872574         0.982954
084      0.4035      -0.563790        0.192560             0.075924        11.181358
084      0.4377      -0.680524        0.431092             0.387497        39.073902
084      0.5000      -0.873563        0.188263             0.911927         0.372252
084      0.3543      -0.448081        0.097052             0.040819         2.648155
084      0.3758      -0.494079        0.136008             0.055621         5.428429
084      0.3911      -0.530020        0.166520             0.052319         4.263032
084      0.4452      -0.730366        0.416926             0.663801        26.135522
084      0.4239      -0.632347        0.317344             0.235513        42.415957
084      0.4706      -0.818495        0.319727             0.853126         1.580025
084      0.4159      -0.596545        0.318587             0.083226        13.555469
084      0.4543      -0.771154        0.363272             0.780281         4.710261
084      0.5433      -0.921142        0.136126             0.950782         0.159074
084      1.0000      -0.968418        0.010756             0.511689        45.233264
084      0.4317      -0.657327        0.372807             0.219986        38.525008
084      0.5188      -0.896854        0.125382             0.931579         0.194913
084      0.3224      -0.389461        0.103624             0.032871         1.212882
084      0.4392      -0.703362        0.439128             0.565213        22.173830
084      0.4902      -0.858325        0.194346             0.898090         0.515351
084      0.4054      -0.566641        0.270850             0.099921        14.086166
084      0.4798      -0.838549        0.346729             0.877659         0.923168
084      0.3586      -0.456046        0.143823             0.047834         2.998748
084      0.5027      -0.872554        0.259120             0.896216        13.072648
084      0.3933      -0.534634        0.184403             0.058503         4.927463
084      0.3787      -0.500196        0.191100             0.049495         3.243369
084      0.4467      -0.739580        0.502671             0.697523        14.850195
084      0.3310      -0.405938        0.109817             0.028121         1.070812
084      0.4072      -0.571006        0.220603             0.099201        15.177552
084      0.3626      -0.464957        0.151116             0.045672         3.097337
084      0.3955      -0.539209        0.196270             0.062982         6.495722
084      0.3814      -0.506698        0.168688             0.054011         4.370610
085      0.4559      -0.776080        0.414552             0.792711         3.635825
085      0.4090      -0.579114        0.200131             0.099856        16.048598
085      0.5228      -0.902392        0.162721             0.936064         0.272635
085      0.5504      -0.926242        0.115170             0.954419         0.116970
085      0.4639      -0.802154        0.236305             0.833891         1.426708
085      0.4175      -0.606478        0.292424             0.096244        18.805796
085      0.5055      -0.880507        0.178401             0.917365         0.349793
085      0.4407      -0.717509        0.589566             0.647120        19.445393
085      0.4482      -0.750990        0.352689             0.742502         5.878022
085      0.0000      -0.002907        0.000000             0.016194         0.000000
085      0.4255      -0.631311        0.294738             0.164061        24.726482
085      0.3381      -0.415576        0.120428             0.033010         1.520247
085      0.4724      -0.823607        0.271656             0.859986         0.945339
085      0.3840      -0.512008        0.188725             0.048573         3.944707
085      0.4818      -0.839745        0.166664             0.877835         0.651742
085      0.3976      -0.546660        0.248736             0.065658         8.358584
085      0.4925      -0.861608        0.176438             0.900756         0.450314
085      0.3662      -0.474455        0.106665             0.047992         3.869113
085      0.4332      -0.673190        0.452208             0.417268       102.475729
085      0.4574      -0.784421        0.244345             0.811186         1.470492
085      0.5271      -0.905035        0.147682             0.938638         0.199784
085      0.4655      -0.804891        0.302255             0.834527         1.499972
085      0.5590      -0.932424        0.114352             0.958696         0.105996
085      0.5085      -0.885337        0.125214             0.922760         0.221085
085      0.4107      -0.584412        0.259989             0.081827        11.127549
085      0.2719      -0.309276        0.049421             0.023671         0.581609
085      0.4192      -0.610145        0.232078             0.099111        14.467686
085      0.3996      -0.550757        0.220128             0.063228         6.789598
085      0.4497      -0.752728        0.368630             0.739842         6.545665
085      0.3442      -0.428902        0.139070             0.034630         1.354331
085      0.4949      -0.866674        0.184101             0.905116         0.479941
085      0.4422      -0.713284        0.810227             0.560113       103.448750
085      0.3696      -0.479100        0.171434             0.045384         2.491532
085      0.4838      -0.847017        0.226549             0.886040         0.801798
085      0.3865      -0.517345        0.170905             0.066588         6.299187
085      0.4271      -0.640908        0.341713             0.240335        51.982120
085      0.4742      -0.825960        0.281490             0.864174         0.997938
085      0.4347      -0.671228        0.371752             0.358959        82.582695
085      0.4590      -0.790976        0.387865             0.821509         2.233388
085      0.4672      -0.808548        0.315937             0.838826         2.186474
085      0.5318      -0.910331        0.115624             0.942381         0.168915
085      0.5698      -0.939629        0.109778             0.963765         0.093279
085      0.5117      -0.888448        0.171876             0.925943         0.274063
085      0.4125      -0.588941        0.300519             0.101542        13.758576
085      0.2965      -0.346674        0.063678             0.026599         0.905568
085      0.4208      -0.613691        0.319204             0.135399        33.828629
085      0.4512      -0.762021        0.489529             0.764260         7.063057
085      0.4437      -0.733240        0.398502             0.703410        10.101724
085      0.3728      -0.488321        0.163059             0.058096         4.360227
085      0.4974      -0.869232        0.148133             0.908296         0.303926
085      0.4016      -0.557254        0.203201             0.084731        11.959757
085      0.4286      -0.646336        0.371461             0.278674        32.933364
085      0.3888      -0.524374        0.203877             0.068487         5.197197
085      0.4859      -0.850580        0.232630             0.890973         0.577788
085      0.3495      -0.437367        0.117142             0.038826         2.154923
085      0.4362      -0.685849        0.827521             0.471289       126.396763
085      0.4760      -0.829949        0.222809             0.864266         1.243838
085      0.4606      -0.792255        0.234313             0.818447         2.203039
085      0.5151      -0.893354        0.188013             0.929680         0.268351
085      0.4689      -0.813069        0.275927             0.850140         0.940666
085      0.4142      -0.597121        0.205949             0.145658        31.878882
085      0.3115      -0.372127        0.079334             0.025794         0.892715
085      0.5848      -0.948019        0.070479             0.969401         0.058984
085      0.5372      -0.914237        0.122466             0.945475         0.152859
085      0.4224      -0.620390        0.261974             0.101448        16.262950
085      0.4528      -0.768576        0.336311             0.773124         4.324117
085      0.4622      -0.800324        0.260194             0.828997         1.825388
085      0.4035      -0.562685        0.178525             0.100836        15.412048
085      0.5000      -0.872504        0.234629             0.911596         0.454981
085      0.3758      -0.494638        0.157994             0.050677         3.514550
085      0.3911      -0.532144        0.217327             0.055031         5.927772
085      0.4301      -0.653243        0.401533             0.258746        95.919363
085      0.3543      -0.448147        0.103800             0.043092         2.571397
085      0.4452      -0.735671        0.424561             0.707848         8.976750
085      0.4880      -0.851280        0.220768             0.890951         0.532717
085      0.4377      -0.701885        0.459209             0.606785        15.662158
085      0.4779      -0.835006        0.175800             0.874001         0.588971
085      0.4706      -0.820285        0.247876             0.858962         0.991143
085      0.3224      -0.390599        0.094407             0.029279         1.128698
085      0.5433      -0.919471        0.139650             0.949506         0.158589
085      0.5188      -0.896080        0.136458             0.931388         0.193442
085      0.4239      -0.625423        0.252105             0.142475        36.709156
085      0.4159      -0.597320        0.312123             0.098987        16.436274
085      1.0000      -0.998464        0.007106             0.999222         0.001831
085      0.4543      -0.769971        0.343887             0.776529         4.006788
085      0.3787      -0.504105        0.139879             0.052429         4.586357
085      0.3933      -0.531527        0.224844             0.062464         7.415712
085      0.4317      -0.668252        0.399036             0.440556        36.352091
085      0.3586      -0.457165        0.150343             0.040462         2.319266
085      0.4392      -0.698076        0.485910             0.500111        71.843723
085      0.5027      -0.878455        0.206582             0.917655         0.361715
085      0.4054      -0.568432        0.255114             0.113655        21.137754
085      0.4902      -0.857334        0.152352             0.896304         0.488955
085      0.4467      -0.743028        0.348408             0.733099         5.199125
085      0.4798      -0.838264        0.193157             0.875134         0.947023
085      0.3310      -0.404711        0.106854             0.027953         1.312180
085      0.3955      -0.540044        0.180049             0.058898         4.133611
085      0.3814      -0.506198        0.185420             0.050140         4.037792
085      0.4072      -0.570854        0.225989             0.070926         9.111119
085      0.3626      -0.464390        0.165113             0.043596         3.252641
086      0.4559      -0.776625        0.339794             0.789784         3.651709
086      0.4090      -0.576779        0.252180             0.100687        12.923680
086      0.4175      -0.604232        0.298377             0.105773        20.691562
086      0.5055      -0.878845        0.195110             0.916566         0.386003
086      0.5228      -0.902572        0.189289             0.936793         0.245377
086      0.4482      -0.747580        0.425428             0.724895         9.198134
086      0.3662      -0.472185        0.173325             0.041366         2.356128
086      0.4925      -0.859540        0.208051             0.899002         0.464974
086      0.0000       0.020552        0.000000             0.007301         0.000000
086      0.4724      -0.821233        0.267743             0.856209         1.272884
086      0.4332      -0.657161        0.263853             0.201909        56.000601
086      0.4639      -0.804992        0.332166             0.838126         1.669612
086      0.3840      -0.512585        0.182149             0.061241         4.740754
086      0.4818      -0.842542        0.193402             0.880671         0.776916
086      0.4407      -0.700024        0.429885             0.391533       111.726007
086      0.4255      -0.634218        0.472407             0.240506        45.593819
086      0.5504      -0.925416        0.120174             0.954400         0.118472
086      0.3976      -0.549970        0.190615             0.063886         7.460828
086      0.3381      -0.418313        0.115884             0.033029         1.772906
086      0.4574      -0.784278        0.298826             0.804037         3.164064
086      0.4107      -0.581268        0.243115             0.104619        14.136513
086      0.5085      -0.884321        0.167994             0.921463         0.281235
086      0.4497      -0.747996        0.480342             0.684489        40.496756
086      0.5271      -0.904819        0.117029             0.938688         0.150533
086      0.4192      -0.609278        0.292538             0.113726        17.646017
086      0.4655      -0.806990        0.317469             0.839703         1.652311
086      0.3696      -0.480024        0.128230             0.049540         4.354395
086      0.4949      -0.864776        0.160211             0.904648         0.360459
086      0.4347      -0.678686        0.404423             0.444738        55.811824
086      0.4742      -0.827366        0.296039             0.862171         1.334404
086      0.4838      -0.846793        0.245980             0.886052         0.650702
086      0.2719      -0.307793        0.045762             0.022071         0.545524
086      0.4422      -0.720952        0.407556             0.666855         9.086893
086      0.3865      -0.515968        0.170296             0.059759         4.756348
086      0.4271      -0.638342        0.340854             0.204895        60.623761
086      0.5590      -0.930841        0.094233             0.957888         0.098889
086      0.3996      -0.554657        0.230418             0.074581         8.357221
086      0.3442      -0.428932        0.135695             0.030573         1.487098
086      0.4125      -0.593913        0.277269             0.097875        12.983084
086      0.4590      -0.787547        0.274897             0.813356         1.758520
086      0.4208      -0.613375        0.231647             0.101044        13.922221
086      0.5318      -0.909516        0.155701             0.942066         0.203796
086      0.5117      -0.876814        0.787279             0.790030       215.932458
086      0.4672      -0.809570        0.241711             0.840211         2.289557
086      0.4512      -0.759740        0.426301             0.755235         4.708963
086      0.4974      -0.870195        0.217984             0.908856         0.473204
086      0.2965      -0.346904        0.059697             0.024254         0.756995
086      0.4286      -0.647734        0.418835             0.244129        98.328159
086      0.4362      -0.694835        0.484685             0.571317        31.949775
086      0.4859      -0.850360        0.168975             0.889189         0.458131
086      0.3888      -0.524602        0.196778             0.055489         4.795383
086      0.3728      -0.489259        0.126090             0.043372         2.895522
086      0.4437      -0.723524        0.383729             0.625844        13.590658
086      0.4760      -0.832136        0.236504             0.871144         0.815683
086      0.5698      -0.939067        0.101865             0.963453         0.100809
086      0.4016      -0.557315        0.214187             0.073012         8.820685
086      0.4606      -0.792880        0.309095             0.818156         2.231186
086      0.4142      -0.594532        0.309704             0.143483        27.697401
086      0.3495      -0.440352        0.131779             0.032664         2.066877
086      0.4224      -0.623526        0.312545             0.110687        22.755201
086      0.5372      -0.915392        0.120281             0.946360         0.169915
086      0.4689      -0.814378        0.225093             0.850473         1.057813
086      0.5151      -0.892209        0.167975             0.928313         0.305626
086      0.4528      -0.767469        0.275548             0.769819         5.463530
086      0.3115      -0.369881        0.072457             0.023121         0.754441
086      0.5000      -0.872585        0.200216             0.911339         0.373355
086      0.4452      -0.738653        0.414506             0.709624         9.967387
086      0.4779      -0.834321        0.183693             0.872745         0.683512
086      0.4880      -0.852761        0.270698             0.892458         0.667609
086      0.4301      -0.658889        0.507362             0.390744        94.189934
086      0.3758      -0.492474        0.193476             0.046193         4.108573
086      0.3911      -0.530162        0.206936             0.064538         7.563565
086      0.4377      -0.692585        0.479875             0.495281        48.835839
086      0.5848      -0.947125        0.082661             0.968789         0.076143
086      0.4622      -0.795703        0.398862             0.820654         2.510028
086      0.4159      -0.598432        0.341601             0.108131        21.327318
086      0.5433      -0.920665        0.128670             0.949976         0.145380
086      0.4239      -0.626704        0.364129             0.138778        31.786398
086      0.4035      -0.560416        0.231877             0.092534        10.703282
086      0.5188      -0.897223        0.169424             0.932277         0.306378
086      0.3543      -0.446985        0.130338             0.034419         2.112639
086      0.4706      -0.819259        0.253925             0.854370         1.221661
086      0.4543      -0.775598        0.290090             0.793050         2.655850
086      0.3224      -0.389830        0.079122             0.032112         1.218846
086      0.5027      -0.874776        0.170534             0.912929         0.352830
086      0.4798      -0.838853        0.181884             0.878383         0.734192
086      1.0000      -0.998651        0.005785             0.999313         0.001523
086      0.4902      -0.857953        0.198140             0.896028         0.523884
086      0.3787      -0.500554        0.199803             0.050946         4.193806
086      0.4317      -0.652718        0.362025             0.158640        52.881161
086      0.3933      -0.534486        0.179920             0.062691         5.287894
086      0.4467      -0.743186        0.442692             0.719221         7.976017
086      0.4392      -0.705809        0.661061             0.591752        39.499244
086      0.3586      -0.456598        0.115211             0.039443         2.918950
086      0.4054      -0.570844        0.272195             0.088245        11.168945
086      0.3310      -0.402934        0.095935             0.030492         1.224024
086      0.3814      -0.507174        0.142045             0.053799         5.195802
086      0.3955      -0.540454        0.216349             0.063959         5.144469
086      0.3626      -0.465719        0.144504             0.047366         3.228265
086      0.4072      -0.572539        0.255737             0.072783         8.267594
087      0.5228      -0.901332        0.123000             0.935445         0.215391
087      0.5055      -0.879712        0.177531             0.916980         0.307753
087      0.4559      -0.776972        0.288673             0.796443         2.222553
087      0.5504      -0.924511        0.120202             0.953381         0.125434
087      0.4925      -0.861057        0.195156             0.900246         0.478588
087      0.4639      -0.799030        0.344981             0.827853         2.041334
087      0.0000       0.003303        0.000000             0.001718         0.000000
087      0.4482      -0.752324        0.366345             0.749438         3.716155
087      0.4175      -0.605861        0.296183             0.090205         9.941405
087      0.4818      -0.844555        0.251901             0.883713         0.797499
087      0.4090      -0.581120        0.243034             0.106199        17.871019
087      0.4407      -0.723078        0.400122             0.679432         9.449847
087      0.3976      -0.547618        0.124879             0.062103         7.359822
087      0.4255      -0.632786        0.377615             0.165779        37.755593
087      0.4724      -0.822946        0.239467             0.862146         0.706610
087      0.3662      -0.472866        0.126710             0.048234         2.663664
087      0.3381      -0.418129        0.132101             0.031790         1.446997
087      0.4332      -0.681786        0.525082             0.532192        43.711376
087      0.3840      -0.512808        0.273093             0.052741         4.617287
087      0.4574      -0.782608        0.364298             0.801887         2.709571
087      0.5085      -0.884513        0.177187             0.922338         0.314445
087      0.5271      -0.904862        0.128046             0.938298         0.167371
087      0.5590      -0.930715        0.120497             0.957329         0.126626
087      0.4192      -0.609008        0.256601             0.120740        19.806630
087      0.4655      -0.805065        0.258285             0.836221         1.406611
087      0.4497      -0.756256        0.499733             0.751618        10.875724
087      0.2719      -0.310120        0.052628             0.020439         0.396129
087      0.4422      -0.715328        0.404061             0.615563        15.933862
087      0.4949      -0.852784        0.772098             0.747430       230.250367
087      0.4107      -0.584154        0.242977             0.100277        17.353921
087      0.3442      -0.429898        0.107958             0.035244         1.617626
087      0.4838      -0.845644        0.291405             0.884783         0.892112
087      0.4742      -0.826500        0.208817             0.862613         0.880633
087      0.4347      -0.668773        0.361624             0.308477        43.416220
087      0.4271      -0.637841        0.271061             0.220092        46.890571
087      0.3996      -0.551547        0.237338             0.085131        13.474012
087      0.3696      -0.481136        0.162081             0.041699         3.137688
087      0.3865      -0.518782        0.159892             0.047816         4.410377
087      0.4590      -0.787692        0.224554             0.809375         1.709006
087      0.5117      -0.888519        0.134330             0.924038         0.228270
087      0.5318      -0.909782        0.162327             0.942188         0.201382
087      0.4208      -0.616483        0.254776             0.100655        20.199733
087      0.4512      -0.763689        0.321141             0.775505         2.914241
087      0.4672      -0.811988        0.274421             0.847700         1.165640
087      0.5698      -0.939353        0.095665             0.963728         0.084424
087      0.2965      -0.348175        0.077565             0.025636         0.828752
087      0.4974      -0.867782        0.160079             0.906188         0.414878
087      0.4125      -0.585203        0.291368             0.075445        10.648120
087      0.4437      -0.713960        0.487403             0.431780       186.072265
087      0.4859      -0.850770        0.236090             0.890131         0.597333
087      0.4362      -0.673859        0.338477             0.166614        69.196691
087      0.3495      -0.438150        0.113457             0.040106         2.182198
087      0.4286      -0.643644        0.369972             0.265184        69.148771
087      0.4760      -0.832702        0.278186             0.870295         1.227504
087      0.4016      -0.552881        0.166970             0.066051         8.603499
087      0.4606      -0.792916        0.280875             0.819966         2.072859
087      0.3888      -0.523890        0.150343             0.050244         4.301714
087      0.3728      -0.485837        0.167940             0.043279         2.817863
087      0.5151      -0.892438        0.150238             0.928234         0.224656
087      0.4224      -0.620809        0.303431             0.095598        15.915635
087      0.4528      -0.763956        0.425964             0.756147        10.146053
087      0.5372      -0.915735        0.134980             0.946867         0.182756
087      0.4689      -0.812276        0.256108             0.845073         1.068879
087      0.3115      -0.371243        0.079000             0.024407         0.928668
087      0.4142      -0.593732        0.305895             0.140626        30.430271
087      0.5000      -0.872839        0.142680             0.911241         0.329295
087      0.5848      -0.947206        0.091100             0.968701         0.082421
087      0.4452      -0.730472        0.504646             0.643277        19.600842
087      0.4880      -0.854752        0.191527             0.894908         0.493465
087      0.4377      -0.686112        0.460897             0.450638        62.661800
087      0.3543      -0.448477        0.120721             0.035799         1.633740
087      0.4622      -0.793991        0.363686             0.815106         3.346781
087      0.4779      -0.835083        0.227519             0.873658         0.939730
087      0.4035      -0.564614        0.237881             0.083364         7.952085
087      0.4301      -0.652047        0.293012             0.244640        79.221444
087      0.5188      -0.897947        0.182732             0.933143         0.240203
087      0.3911      -0.528456        0.157103             0.049983         4.217315
087      0.3758      -0.492789        0.140893             0.050488         5.294750
087      0.4239      -0.630657        0.431500             0.235331        97.103982
087      0.4543      -0.769703        0.412920             0.747887        21.744352
087      0.4706      -0.816124        0.306201             0.848321         1.403319
087      0.4159      -0.600949        0.267948             0.112741        28.536448
087      0.5433      -0.920645        0.104008             0.949930         0.121472
087      0.3224      -0.388463        0.088855             0.033270         1.408795
087      1.0000      -0.968051        0.014830             0.081025        14.592216
087      0.5027      -0.875896        0.157845             0.913999         0.285319
087      0.4467      -0.736877        0.439292             0.690028        15.169905
087      0.4392      -0.712015        0.468906             0.634591        13.573110
087      0.4902      -0.856544        0.256146             0.895709         0.636928
087      0.3586      -0.456758        0.139267             0.041089         2.452086
087      0.4798      -0.839162        0.233123             0.878679         0.692957
087      0.4054      -0.569637        0.308014             0.092002        11.259642
087      0.4317      -0.655054        0.412003             0.202389        49.272257
087      0.3933      -0.536052        0.258033             0.063176         6.007639
087      0.3787      -0.499709        0.177642             0.048437         2.711356
087      0.3310      -0.407975        0.105980             0.029491         1.318505
087      0.3626      -0.465641        0.174790             0.039659         2.484280
087      0.4072      -0.569904        0.295264             0.077915         9.824881
087      0.3955      -0.539878        0.256663             0.063115         6.515666
087      0.3814      -0.507961        0.178270             0.048939         3.919242
088      0.4559      -0.774848        0.363436             0.787921         3.933804
088      0.5228      -0.900537        0.143165             0.935168         0.214684
088      0.4175      -0.605356        0.296662             0.082908        11.524637
088      0.4482      -0.747064        0.489518             0.716829        11.906372
088      0.4639      -0.799809        0.310505             0.826754         1.715854
088      0.5504      -0.887180        0.076919             0.129119        19.839328
088      0.4090      -0.577342        0.235200             0.089290        13.285578
088      0.0000      -0.007748        0.000000             0.003099         0.000000
088      0.4724      -0.806661        0.841421             0.681175       226.449841
088      0.3381      -0.417319        0.103645             0.034739         2.038413
088      0.5055      -0.879951        0.202793             0.917348         0.419029
088      0.3976      -0.548613        0.190348             0.064008         7.597395
088      0.4925      -0.858747        0.216204             0.897577         0.549228
088      0.3840      -0.513820        0.159399             0.054063         4.613488
088      0.4818      -0.842211        0.271248             0.881798         0.842504
088      0.4332      -0.671661        0.548635             0.454822        56.140919
088      0.4255      -0.630888        0.422862             0.185695        26.039985
088      0.3662      -0.472089        0.150344             0.046893         2.773922
088      0.4407      -0.710088        0.652184             0.601586        59.284740
088      0.4574      -0.785127        0.382307             0.808799         2.592469
088      0.4655      -0.808195        0.354787             0.837880         1.715757
088      0.5085      -0.884677        0.177389             0.922004         0.253939
088      0.5271      -0.905021        0.170954             0.938342         0.280128
088      0.4497      -0.756707        0.362166             0.754452         3.398755
088      0.4192      -0.610039        0.304654             0.091428        19.972306
088      0.2719      -0.309682        0.055547             0.020555         0.537754
088      0.5590      -0.932074        0.099135             0.958267         0.101947
088      0.4107      -0.582293        0.252335             0.085331        17.867882
088      0.4949      -0.825563        0.176434             0.126989        16.936238
088      0.3865      -0.518347        0.186588             0.045431         3.748054
088      0.4838      -0.845648        0.277056             0.885261         0.839899
088      0.3996      -0.552092        0.258987             0.075382        12.173044
088      0.4742      -0.824063        0.234682             0.860883         0.982453
088      0.4347      -0.669057        0.260771             0.232825        27.374258
088      0.3442      -0.429143        0.125966             0.033252         1.829687
088      0.4271      -0.635653        0.408723             0.139396        22.081358
088      0.4422      -0.722655        0.430534             0.664099        13.276132
088      0.3696      -0.480749        0.152295             0.044323         3.555192
088      0.4590      -0.786265        0.381824             0.805052         3.074752
088      0.5117      -0.888164        0.159448             0.925026         0.261078
088      0.4672      -0.809184        0.315969             0.837066         1.869204
088      0.5318      -0.910896        0.112808             0.943373         0.139342
088      0.4512      -0.761692        0.483028             0.759264         8.805292
088      0.2965      -0.346524        0.085040             0.021327         0.677420
088      0.4208      -0.614638        0.275310             0.108998        23.034553
088      0.5698      -0.938262        0.106834             0.962696         0.100661
088      0.4974      -0.868295        0.220773             0.907283         0.514572
088      0.4286      -0.639995        0.424834             0.172541        51.506170
088      0.4437      -0.725336        0.351016             0.639210        14.299567
088      0.4125      -0.588208        0.280144             0.105659        14.421293
088      0.4859      -0.851668        0.234776             0.891826         0.631410
088      0.4760      -0.831405        0.274011             0.869672         0.691913
088      0.3888      -0.523319        0.169501             0.053461         4.926028
088      0.4016      -0.557683        0.202275             0.080455         6.573159
088      0.3728      -0.484982        0.152003             0.047663         2.848538
088      0.4362      -0.697136        0.459390             0.591449        23.965407
088      0.3495      -0.440656        0.085250             0.034380         1.849577
088      0.5151      -0.891934        0.141338             0.927944         0.230711
088      0.4606      -0.791402        0.328095             0.812337         3.895462
088      0.4528      -0.770028        0.324622             0.784135         2.571236
088      0.4689      -0.815294        0.282359             0.850599         1.508702
088      0.5372      -0.913128        0.146809             0.944574         0.211594
088      0.4224      -0.622694        0.325779             0.175997        44.012745
088      0.3115      -0.371085        0.089686             0.026366         0.961073
088      0.5848      -0.947482        0.070987             0.969259         0.060920
088      0.4880      -0.845480        0.791611             0.792020       150.236357
088      0.5000      -0.873786        0.187241             0.912309         0.366514
088      0.4142      -0.594832        0.267464             0.089491        16.233972
088      0.4452      -0.737996        0.422638             0.717206        10.513936
088      0.4301      -0.650416        0.435608             0.270328        85.377506
088      0.4035      -0.561513        0.209706             0.070777         7.774613
088      0.3911      -0.532224        0.172036             0.057763         6.979244
088      0.4779      -0.834114        0.236574             0.871601         0.749808
088      0.4377      -0.690320        0.496443             0.445137        58.937332
088      0.4622      -0.797771        0.224300             0.825656         2.088481
088      0.3758      -0.494189        0.137643             0.051454         3.877912
088      0.5188      -0.896803        0.126979             0.931697         0.195199
088      0.3543      -0.447229        0.133076             0.035581         1.994605
088      0.4543      -0.776653        0.283929             0.798218         2.314808
088      0.4706      -0.818549        0.187083             0.852869         1.002880
088      0.5433      -0.920442        0.121452             0.950405         0.136873
088      0.4239      -0.626521        0.293985             0.140542        28.093957
088      0.3224      -0.390005        0.103781             0.029840         0.958510
088      0.4902      -0.859646        0.190623             0.899507         0.448890
088      0.4159      -0.599489        0.252211             0.138809        25.096169
088      0.4467      -0.740101        0.440314             0.706950        12.173833
088      1.0000      -0.998556        0.005281             0.999256         0.001474
088      0.5027      -0.875814        0.223911             0.913910         0.400191
088      0.4317      -0.656136        0.443586             0.223618        76.059707
088      0.4054      -0.566428        0.256655             0.064917         8.180149
088      0.4392      -0.703789        0.555975             0.589605        26.800929
088      0.3933      -0.536493        0.193408             0.057051         5.658106
088      0.4798      -0.826813        0.740079             0.757952       130.614318
088      0.3787      -0.502485        0.162260             0.053438         4.488867
088      0.3586      -0.457288        0.135477             0.038877         1.602549
088      0.3310      -0.404799        0.117315             0.030023         1.314641
088      0.4072      -0.569101        0.232740             0.086772        11.723680
088      0.3955      -0.539163        0.202784             0.059840         7.172246
088      0.3814      -0.507782        0.141113             0.053980         4.043408
088      0.3626      -0.466588        0.171224             0.043249         2.609802
089      0.4559      -0.779008        0.346500             0.802346         2.495902
089      0.5228      -0.902091        0.147578             0.936157         0.201108
089      0.4090      -0.578662        0.281809             0.072458        11.387195
089      0.3662      -0.473092        0.133436             0.042265         2.814609
089      0.4175      -0.604636        0.426500             0.137218        39.958474
089      0.4332      -0.679891        0.545248             0.475692       121.524187
089      0.4482      -0.752122        0.431393             0.746285         6.976953
089      0.5055      -0.881730        0.185643             0.919043         0.364572
089      0.4724      -0.819533        0.312146             0.856311         1.215650
089      0.4407      -0.709890        0.460757             0.599826        27.023525
089      0.0000      -0.008206        0.000000             0.014518         0.000000
089      0.4925      -0.860442        0.243540             0.899283         0.590863
089      0.4639      -0.801815        0.299212             0.826489         3.623010
089      0.3840      -0.512579        0.211703             0.054741         4.648973
089      0.4255      -0.635427        0.395935             0.291160        78.943150
089      0.3381      -0.416622        0.123876             0.029605         1.605337
089      0.4818      -0.844414        0.220659             0.884234         0.715290
089      0.5504      -0.926512        0.124586             0.954758         0.107305
089      0.3976      -0.546300        0.211039             0.056043         5.350412
089      0.4574      -0.784530        0.354728             0.808133         2.816066
089      0.5271      -0.906885        0.144156             0.939912         0.228897
089      0.4107      -0.583436        0.231148             0.099732        15.119462
089      0.4192      -0.610037        0.257571             0.117584        21.771446
089      0.4655      -0.805413        0.274552             0.836061         1.650178
089      0.5085      -0.885191        0.133350             0.923227         0.200483
089      0.4347      -0.667118        0.309367             0.139957        39.147020
089      0.2719      -0.309229        0.040434             0.022060         0.671459
089      0.4742      -0.824898        0.232054             0.861778         0.799211
089      0.3696      -0.481409        0.140217             0.043159         2.734445
089      0.4949      -0.864722        0.189795             0.903659         0.488292
089      0.4497      -0.756541        0.302377             0.759298         3.677597
089      0.4271      -0.633791        0.216538             0.166840        60.417158
089      0.4422      -0.722129        0.491180             0.643550        31.433576
089      0.3865      -0.518079        0.194518             0.064350         6.382283
089      0.3996      -0.550244        0.215410             0.084800        11.104395
089      0.5590      -0.932486        0.110835             0.958962         0.112302
089      0.3442      -0.428625        0.101554             0.032324         1.556127
089      0.4838      -0.847052        0.228265             0.885921         0.592777
089      0.4590      -0.784956        0.373832             0.803330         3.083428
089      0.5318      -0.909569        0.122023             0.941871         0.196938
089      0.4125      -0.590408        0.265266             0.077902        11.558915
089      0.5117      -0.886699        0.170189             0.922530         0.411854
089      0.4208      -0.616990        0.210411             0.138801        28.276476
089      0.4672      -0.809572        0.249680             0.843176         1.550859
089      0.2965      -0.346588        0.089864             0.020816         0.533813
089      0.4974      -0.869095        0.215372             0.908489         0.497133
089      0.4512      -0.760073        0.371076             0.751100         6.888611
089      0.3728      -0.487731        0.191914             0.052062         3.504142
089      0.4286      -0.644171        0.338262             0.203467        35.292058
089      0.4760      -0.829125        0.252349             0.864383         1.095242
089      0.4437      -0.737341        0.375957             0.710309        10.346434
089      0.4016      -0.555652        0.184268             0.075763        11.990162
089      0.3495      -0.439124        0.108330             0.033147         2.030448
089      0.4362      -0.685186        0.439443             0.503429        39.673685
089      0.4606      -0.789509        0.370160             0.807931         3.715282
089      0.3888      -0.523522        0.161686             0.052966         5.929946
089      0.4859      -0.851597        0.207143             0.891251         0.605425
089      0.5698      -0.939053        0.090912             0.963260         0.090286
089      0.5372      -0.914809        0.129948             0.946300         0.162962
089      0.4142      -0.594534        0.290194             0.106686        21.234334
089      0.5151      -0.891440        0.154180             0.927560         0.254794
089      0.4224      -0.623242        0.305898             0.131536        29.888834
089      0.4689      -0.813642        0.253729             0.845484         1.655611
089      0.4528      -0.766822        0.423038             0.779753         4.933065
089      0.4377      -0.688605        0.484217             0.440068        64.519870
089      0.3115      -0.369643        0.074984             0.023893         0.980765
089      0.5000      -0.869148        0.221413             0.891844        10.265092
089      0.3758      -0.495922        0.133291             0.053693         3.608944
089      0.4301      -0.646618        0.296353             0.193397        54.528440
089      0.4452      -0.730769        0.641031             0.671751        29.117587
089      0.4622      -0.795920        0.344911             0.819939         2.577276
089      0.4779      -0.834208        0.242225             0.872501         1.074024
089      0.3543      -0.448231        0.111818             0.038422         2.903190
089      0.4035      -0.562550        0.247502             0.078154        14.222319
089      0.4880      -0.812137        0.227613             0.209532        27.879948
089      0.3911      -0.528890        0.177140             0.066853         6.115844
089      0.5848      -0.909670        0.097654             0.307055        55.366374
089      0.5433      -0.920258        0.114320             0.950173         0.133459
089      0.5188      -0.858778        0.199505             0.367976        19.554157
089      0.4706      -0.818470        0.280672             0.851812         1.575669
089      0.4239      -0.631600        0.294860             0.181874        43.391030
089      0.4317      -0.666050        0.472640             0.388204       108.652607
089      0.4159      -0.597260        0.291611             0.091584        10.514689
089      0.4392      -0.685600        0.394316             0.217990        86.589056
089      0.4543      -0.773021        0.351742             0.787312         3.649905
089      0.5027      -0.876627        0.157932             0.914074         0.368467
089      0.3224      -0.389261        0.076967             0.025025         1.126923
089      0.4054      -0.568284        0.260632             0.090792        14.173440
089      0.3787      -0.501023        0.154228             0.052365         4.018831
089      0.4467      -0.743780        0.492506             0.710678        18.374350
089      1.0000      -0.970463        0.010497             0.197515        75.333536
089      0.4902      -0.856311        0.239513             0.896377         0.551575
089      0.4798      -0.796783        0.255927             0.137238        28.050380
089      0.3933      -0.535667        0.206731             0.056599         5.571041
089      0.3586      -0.456425        0.162234             0.037202         2.234717
089      0.3310      -0.404848        0.110252             0.027019         1.389063
089      0.3814      -0.504858        0.164685             0.052312         3.462843
089      0.4072      -0.573559        0.292206             0.079498        11.008090
089      0.3955      -0.538864        0.191368             0.054688         4.827561
089      0.3626      -0.463631        0.146866             0.037473         2.274431
090      0.4559      -0.778316        0.408022             0.798259         2.402438
090      0.4724      -0.816719        0.334756             0.848847         1.658889
090      0.3586      -0.457630        0.179690             0.043081         3.647293
090      0.3888      -0.526007        0.193596             0.050978         4.777072
090      0.4090      -0.574778        0.326584             0.090519        13.463968
090      0.4407      -0.715714        0.563128             0.653978        20.441298
090      0.4925      -0.858523        0.216962             0.897867         0.540735
090      0.0000       0.007160        0.000000             0.008148         0.000000
090      0.4255      -0.631914        0.457683             0.195800        64.737822
090      0.5228      -0.861126        0.212942             0.165936        26.901110
090      0.4742      -0.827862        0.295681             0.867946         0.972597
090      0.4574      -0.780798        0.310691             0.802072         2.353093
090      0.4107      -0.582938        0.248506             0.086205        12.533923
090      0.4949      -0.862010        0.306150             0.899931         0.676057
090      0.3626      -0.465751        0.157566             0.038249         2.620653
090      0.2719      -0.311543        0.058996             0.021180         0.517511
090      0.3911      -0.530225        0.220271             0.057215         4.669478
090      0.4422      -0.702254        0.649061             0.337894       221.696640
090      0.4271      -0.634551        0.346416             0.176588        56.880079
090      0.5271      -0.905044        0.201435             0.938168         0.272252
090      0.4590      -0.789173        0.413632             0.815343         2.780361
090      0.4760      -0.829602        0.284345             0.865575         1.130003
090      0.4125      -0.589069        0.328177             0.090842        19.987784
090      0.2965      -0.350316        0.087643             0.021267         0.560563
090      0.4974      -0.870516        0.218243             0.908733         0.411152
090      0.3933      -0.536385        0.236610             0.059309         6.732877
090      0.4437      -0.725057        0.528718             0.654933        19.682653
090      0.5318      -0.909333        0.226324             0.941867         0.264214
090      0.3662      -0.473773        0.178344             0.043237         2.416819
090      0.4286      -0.649654        0.477998             0.269852       106.249069
090      0.4779      -0.832674        0.368312             0.869158         1.144719
090      0.4606      -0.793380        0.390126             0.820933         2.079836
090      0.4142      -0.595978        0.321280             0.116096        19.575429
090      0.5000      -0.871635        0.235321             0.910289         0.470078
090      0.3115      -0.372081        0.086847             0.023985         0.898156
090      0.3955      -0.542664        0.208528             0.070385         9.720683
090      0.4452      -0.731504        0.392574             0.679558        15.298585
090      0.5372      -0.916010        0.131751             0.946467         0.180518
090      0.3696      -0.481299        0.149685             0.045504         2.970043
090      0.4301      -0.649928        0.382497             0.193923        56.128393
090      0.4798      -0.835005        0.355481             0.873264         0.959319
090      0.4622      -0.795881        0.448416             0.821301         2.654560
090      0.3224      -0.389551        0.105796             0.028212         1.242898
090      0.4159      -0.601605        0.396749             0.150906        41.393188
090      0.5027      -0.874449        0.300356             0.912400         0.556205
090      0.4317      -0.652889        0.458619             0.169360        49.792915
090      0.5433      -0.919938        0.166493             0.949635         0.169001
090      0.3976      -0.548793        0.173227             0.075491         8.011161
090      0.4467      -0.745472        0.376283             0.732017         4.824752
090      0.3728      -0.488575        0.134120             0.047684         3.372138
090      0.4818      -0.841151        0.361745             0.878595         1.087175
090      0.4639      -0.798158        0.440998             0.819565         3.143014
090      0.4175      -0.604679        0.294734             0.134788        26.108304
090      0.5055      -0.880844        0.258644             0.918178         0.416420
090      0.3310      -0.406946        0.120564             0.033726         1.682926
090      0.4332      -0.660625        0.276493             0.285425        86.961923
090      0.4482      -0.748558        0.454750             0.735064         5.991658
090      0.3996      -0.551410        0.171468             0.075672         8.854446
090      0.5504      -0.897365        0.738637             0.606002       212.014131
090      0.3758      -0.493956        0.196640             0.046686         3.835124
090      0.4838      -0.843449        0.429616             0.880770         1.385600
090      0.4655      -0.802832        0.328027             0.834620         1.763845
090      0.4192      -0.606563        0.405155             0.092405        17.861844
090      0.5085      -0.883919        0.265485             0.921323         0.423056
090      0.3381      -0.415499        0.118020             0.034598         1.787716
090      0.4347      -0.662077        0.403075             0.165291        34.838088
090      0.4497      -0.753353        0.498631             0.731284        17.950612
090      0.5590      -0.931988        0.149773             0.958548         0.130693
090      0.4016      -0.554037        0.298479             0.078595         8.646121
090      0.3787      -0.500138        0.194818             0.041141         2.980219
090      0.4859      -0.849417        0.242479             0.888965         0.691402
090      0.4672      -0.808462        0.313307             0.837662         1.577456
090      0.5117      -0.886677        0.209688             0.923407         0.345905
090      0.4208      -0.616931        0.249661             0.139425        28.344359
090      0.3442      -0.431249        0.144229             0.034148         2.009733
090      0.4362      -0.672094        0.430443             0.271180        52.579514
090      0.4035      -0.563205        0.218866             0.068449         7.434606
090      0.4512      -0.761373        0.454219             0.769741         3.496146
090      0.5698      -0.937244        0.136511             0.961886         0.130172
090      0.3814      -0.506583        0.169559             0.053007         3.669382
090      0.4880      -0.852059        0.252066             0.891635         0.517394
090      0.4689      -0.810711        0.319207             0.842178         1.446060
090      0.5151      -0.893037        0.212873             0.928538         0.321819
090      0.4224      -0.619965        0.333233             0.121205        19.098048
090      0.4902      -0.858040        0.234266             0.897126         0.611703
090      0.3495      -0.437968        0.128528             0.039395         1.959582
090      0.4377      -0.684378        0.408533             0.276704        20.639678
090      0.5848      -0.946904        0.116213             0.968728         0.085548
090      0.4054      -0.568884        0.259020             0.081306        12.790722
090      0.4528      -0.768064        0.316507             0.779235         2.588341
090      0.3840      -0.512343        0.188941             0.046519         4.022547
090      0.4706      -0.815931        0.303683             0.848365         1.592747
090      0.5188      -0.895990        0.154421             0.931017         0.220672
090      0.4239      -0.625052        0.290619             0.083812        14.123807
090      0.3543      -0.446205        0.122952             0.036178         2.467149
090      1.0000      -0.998669        0.009506             0.999319         0.002635
090      0.4392      -0.705116        0.806063             0.572242        55.348602
090      0.4543      -0.769314        0.366705             0.781341         2.941000
090      0.4072      -0.571612        0.264943             0.086341        11.648245
090      0.3865      -0.518200        0.193007             0.061447         6.189242
091      0.4925      -0.860894        0.291761             0.900341         0.508884
091      0.4724      -0.820783        0.306326             0.854687         1.577603
091      0.4407      -0.717126        0.527450             0.654259        12.895981
091      0.3586      -0.457012        0.132296             0.039283         2.573082
091      0.0000      -0.006642        0.000000             0.000362         0.000000
091      0.4090      -0.577626        0.224422             0.078590        11.012476
091      0.5228      -0.861348        0.172312             0.073351         7.937841
091      0.4255      -0.631624        0.425916             0.116382        33.628652
091      0.4559      -0.775911        0.450344             0.792914         3.163887
091      0.3888      -0.523048        0.184685             0.065895         6.206518
091      0.4949      -0.862932        0.322477             0.902548         0.659384
091      0.4742      -0.825603        0.361802             0.862198         1.101140
091      0.3626      -0.465149        0.152270             0.042575         2.739851
091      0.2719      -0.309236        0.065969             0.021427         0.448560
091      0.4422      -0.708528        0.577461             0.521048        83.029771
091      0.5271      -0.904113        0.215469             0.937718         0.270658
091      0.4574      -0.781809        0.330728             0.789646         6.814213
091      0.4271      -0.644596        0.481700             0.248878        58.552922
091      0.4107      -0.582526        0.238832             0.088538        16.993032
091      0.3911      -0.529219        0.217122             0.058445         5.863652
091      0.4974      -0.869574        0.296800             0.908154         0.570546
091      0.4760      -0.828168        0.404736             0.859734         4.047277
091      0.4437      -0.723688        0.405337             0.634933        23.984740
091      0.5318      -0.909371        0.199424             0.940657         0.277283
091      0.2965      -0.346490        0.076235             0.023688         0.812762
091      0.4125      -0.592003        0.284617             0.110639        25.145224
091      0.3662      -0.476266        0.156150             0.039454         2.605669
091      0.4590      -0.787137        0.404351             0.810557         2.574131
091      0.4286      -0.646849        0.485828             0.247270        79.630986
091      0.3933      -0.536561        0.247112             0.061947         5.261907
091      0.5000      -0.870960        0.206880             0.910035         0.377602
091      0.4779      -0.832494        0.377440             0.866531         1.712933
091      0.5372      -0.915370        0.185632             0.946086         0.219003
091      0.4452      -0.733670        0.493175             0.697935         9.190868
091      0.3696      -0.480739        0.162332             0.039758         2.924853
091      0.4606      -0.795947        0.419229             0.822558         2.555718
091      0.3115      -0.372655        0.097706             0.025871         0.851201
091      0.4142      -0.595269        0.252041             0.114013        19.723131
091      0.3955      -0.541304        0.214066             0.059983         6.838313
091      0.4301      -0.650274        0.417960             0.229361        73.474918
091      0.5027      -0.876133        0.211697             0.915034         0.371541
091      0.4798      -0.836860        0.332206             0.873378         1.161143
091      0.3728      -0.487692        0.171476             0.039285         2.660854
091      0.4622      -0.795546        0.471716             0.818556         3.418565
091      0.5433      -0.881203        0.192691             0.114105        17.748254
091      0.3224      -0.389586        0.100891             0.025260         0.954765
091      0.4467      -0.737355        0.437480             0.690050         8.678459
091      0.4159      -0.598483        0.321865             0.119102        21.315207
091      0.3976      -0.547197        0.279852             0.069484         7.950546
091      0.4317      -0.659836        0.599796             0.276897       121.809187
091      0.5055      -0.879623        0.311333             0.917102         0.502735
091      0.4818      -0.839285        0.291941             0.876855         0.797242
091      0.3758      -0.494824        0.186205             0.051673         4.922238
091      0.4639      -0.801939        0.303342             0.830424         1.533327
091      0.5504      -0.926919        0.170765             0.954595         0.181860
091      0.3310      -0.406067        0.130312             0.032465         1.421719
091      0.4482      -0.748939        0.539516             0.735059         9.936016
091      0.4175      -0.602628        0.325881             0.093721        13.247172
091      0.3996      -0.550107        0.269761             0.054725         5.525681
091      0.4332      -0.659254        0.487190             0.320048        25.758820
091      0.5085      -0.882908        0.197173             0.920297         0.350116
091      0.4838      -0.847516        0.333967             0.887038         0.730004
091      0.5590      -0.931619        0.200626             0.958157         0.198387
091      0.3787      -0.501855        0.178669             0.051363         4.385686
091      0.4655      -0.804504        0.288698             0.833148         1.703711
091      0.4497      -0.759783        0.389608             0.767649         3.729978
091      0.3381      -0.417720        0.118773             0.030661         1.608514
091      0.4192      -0.612143        0.340050             0.149663        31.801667
091      0.4016      -0.557991        0.254291             0.065557        10.547996
091      0.4347      -0.675344        0.639280             0.409794       133.448133
091      0.5117      -0.887154        0.206245             0.923038         0.304509
091      0.4859      -0.849999        0.283818             0.888670         0.846322
091      0.3814      -0.506789        0.257639             0.053122         5.353268
091      0.5698      -0.939191        0.129243             0.963384         0.123859
091      0.4512      -0.761872        0.383402             0.766977         4.478118
091      0.4672      -0.808356        0.422393             0.837012         2.278518
091      0.3442      -0.429765        0.124757             0.037732         2.195900
091      0.4208      -0.612682        0.348313             0.092868        23.792179
091      0.4035      -0.560420        0.235922             0.081106        11.260805
091      0.4362      -0.680833        0.627640             0.375008        89.158053
091      0.5151      -0.891083        0.213851             0.926823         0.322899
091      0.4880      -0.852863        0.288230             0.891144         0.740456
091      0.5848      -0.947062        0.130624             0.968673         0.095924
091      0.3840      -0.512711        0.138892             0.047330         4.871276
091      0.3495      -0.438471        0.131358             0.035298         2.059470
091      0.4528      -0.767876        0.431007             0.778017         3.790844
091      0.4689      -0.812697        0.477634             0.843485         2.325282
091      0.4224      -0.617851        0.407364             0.096781        14.048361
091      0.4054      -0.566221        0.242329             0.065850         7.765628
091      0.4377      -0.683171        0.417382             0.363128        79.944002
091      0.5188      -0.895585        0.213039             0.930284         0.324902
091      0.4902      -0.857300        0.231227             0.896619         0.509390
091      1.0000      -0.998493        0.007983             0.999234         0.002069
091      0.3865      -0.518210        0.224234             0.049496         4.688760
091      0.4706      -0.808547        0.763720             0.723992       194.231305
091      0.3543      -0.446804        0.157789             0.031950         2.342710
091      0.4239      -0.621828        0.386584             0.142802        38.803788
091      0.4543      -0.766200        0.497836             0.766861         5.786730
091      0.4072      -0.575203        0.240187             0.083855        14.608528
091      0.4392      -0.696761        0.633201             0.449511       147.102605
092      0.4559      -0.772330        0.429354             0.781961         4.333754
092      0.5228      -0.900135        0.157664             0.934679         0.212112
092      0.4090      -0.578736        0.338614             0.077176        11.482038
092      0.4255      -0.627179        0.377981             0.153249        23.998035
092      0.4724      -0.819794        0.245272             0.855132         0.868030
092      0.4925      -0.857862        0.280403             0.897233         0.661159
092      0.3586      -0.455489        0.160013             0.032630         1.944731
092      0.4407      -0.711404        0.589071             0.647989        16.981232
092      0.0000      -0.011106        0.000000             0.015359         0.000000
092      0.3888      -0.523887        0.195720             0.048150         4.676481
092      0.5271      -0.905142        0.201393             0.937701         0.291165
092      0.4574      -0.786335        0.451856             0.809974         2.995800
092      0.4742      -0.824019        0.341918             0.860428         1.241384
092      0.4949      -0.864797        0.239988             0.903289         0.471405
092      0.4107      -0.583573        0.351723             0.092479        13.849671
092      0.4422      -0.723332        0.454782             0.668091        13.973826
092      0.3626      -0.466125        0.169472             0.040683         2.098988
092      0.2719      -0.311834        0.073838             0.020881         0.513514
092      0.4271      -0.639267        0.420101             0.218502        71.094474
092      0.3911      -0.527590        0.216192             0.051855         4.492542
092      0.5318      -0.909277        0.197962             0.941656         0.269921
092      0.4590      -0.786583        0.422216             0.807276         3.133784
092      0.4760      -0.829870        0.306345             0.864799         1.095867
092      0.4974      -0.867869        0.234289             0.905841         0.464899
092      0.4125      -0.588840        0.365862             0.096893        17.217295
092      0.3662      -0.472415        0.158669             0.046026         3.506714
092      0.4437      -0.724225        0.426913             0.660262        18.824922
092      0.2965      -0.347984        0.072561             0.025144         0.702362
092      0.4286      -0.644511        0.338405             0.245553        43.661132
092      0.3933      -0.535520        0.179727             0.064686         7.822262
092      0.5372      -0.913948        0.193444             0.945031         0.237623
092      0.4606      -0.791342        0.408698             0.814953         2.545688
092      0.4779      -0.835281        0.298918             0.872420         1.077205
092      0.5000      -0.870794        0.325834             0.908027         0.562035
092      0.3696      -0.479225        0.196667             0.047238         3.666155
092      0.4142      -0.594447        0.312630             0.090484        14.215761
092      0.4452      -0.741163        0.477230             0.724490         6.597821
092      0.4301      -0.656401        0.445970             0.307460        60.753953
092      0.3115      -0.371716        0.084185             0.022020         0.721389
092      0.3955      -0.544565        0.233586             0.059301         5.045232
092      0.5433      -0.920919        0.144329             0.950593         0.163829
092      0.4798      -0.837136        0.299291             0.874908         0.991412
092      0.5027      -0.875681        0.216381             0.912781         0.454520
092      0.4622      -0.797535        0.329946             0.827850         1.846047
092      0.3728      -0.487876        0.168787             0.044846         3.570399
092      0.4467      -0.743644        0.370360             0.724707         5.540155
092      0.4159      -0.600593        0.308689             0.092987        16.119505
092      0.4317      -0.657602        0.446478             0.321897       109.690463
092      0.3224      -0.389972        0.080102             0.026926         1.418330
092      0.3976      -0.544709        0.172238             0.055867         6.370554
092      0.5504      -0.887049        0.195086             0.099969        31.989926
092      0.4818      -0.840180        0.292829             0.878932         0.866587
092      0.5055      -0.839107        0.205392             0.221897        81.816762
092      0.4639      -0.801907        0.327182             0.830239         1.903248
092      0.4482      -0.750966        0.422251             0.746080         5.901198
092      0.3758      -0.496011        0.148393             0.044104         3.449619
092      0.4175      -0.606212        0.390989             0.142368        42.560115
092      0.4332      -0.662817        0.525510             0.289766        87.185422
092      0.3310      -0.404809        0.105482             0.031692         1.287015
092      0.3996      -0.552571        0.297644             0.081744        10.165539
092      0.4838      -0.842276        0.547419             0.878464         1.474023
092      0.5590      -0.893606        0.130517             0.191217        19.526494
092      0.4655      -0.804185        0.456725             0.832921         2.371781
092      0.5085      -0.845435        0.244687             0.268289        62.617031
092      0.4192      -0.610593        0.403957             0.113230        22.807275
092      0.3787      -0.502082        0.215380             0.043743         3.452264
092      0.3381      -0.417616        0.120565             0.029551         1.371524
092      0.4016      -0.556011        0.298385             0.064315         6.772194
092      0.4347      -0.681259        0.600334             0.489695        42.956517
092      0.4497      -0.752148        0.520426             0.731215         7.883613
092      0.4859      -0.845884        0.433148             0.882245         1.010703
092      0.5698      -0.939043        0.149467             0.963079         0.137320
092      0.4672      -0.807760        0.443584             0.836593         2.440139
092      0.5117      -0.886999        0.296528             0.923892         0.426797
092      0.4362      -0.669891        0.624518             0.216333       151.745087
092      0.4512      -0.755314        0.689357             0.741269         9.208440
092      0.4035      -0.561815        0.330365             0.074220        10.799772
092      0.3442      -0.428384        0.144765             0.032961         1.958217
092      0.4208      -0.612143        0.343710             0.121281        14.238300
092      0.4880      -0.850692        0.443157             0.888214         1.171199
092      0.3814      -0.504794        0.243627             0.053388         3.223063
092      0.4689      -0.813521        0.429633             0.845508         1.675852
092      0.5848      -0.947188        0.151409             0.968679         0.116788
092      0.5151      -0.853254        0.288571             0.145028        24.146019
092      0.4377      -0.678533        0.551758             0.346864        65.600410
092      0.4528      -0.761673        0.506355             0.761099         4.767179
092      0.4054      -0.567904        0.305134             0.071971        10.658485
092      0.4902      -0.855388        0.364863             0.893618         0.897896
092      0.3495      -0.439527        0.183316             0.035338         2.483752
092      0.4224      -0.620801        0.419784             0.144388        36.321731
092      0.3840      -0.513849        0.197786             0.047306         4.002512
092      0.4706      -0.815853        0.453829             0.848665         2.151242
092      1.0000      -0.998665        0.013675             0.999312         0.003801
092      0.5188      -0.895529        0.291707             0.930307         0.406277
092      0.4392      -0.685106        0.683612             0.341411        57.262425
092      0.4072      -0.573308        0.408753             0.092571        17.647444
092      0.4543      -0.768901        0.586853             0.776817         4.715641
092      0.3543      -0.450210        0.197145             0.035704         2.046348
092      0.4239      -0.625258        0.420679             0.118315        48.683282
092      0.3865      -0.520380        0.170768             0.052131         4.477718
093      0.5228      -0.898532        0.377137             0.932147         0.477802
093      0.4407      -0.703103        0.721062             0.503062        47.279125
093      0.0000       0.012140        0.000000             0.004278         0.000000
093      0.3888      -0.524613        0.223597             0.054954         5.890044
093      0.3586      -0.458566        0.160994             0.029666         2.174734
093      0.4925      -0.860007        0.370532             0.897727         0.853608
093      0.4724      -0.822902        0.422085             0.858721         1.167862
093      0.4559      -0.780701        0.546362             0.797648         3.811496
093      0.4255      -0.631155        0.366603             0.119006        30.579229
093      0.4090      -0.577306        0.380422             0.051118         6.299551
093      0.5271      -0.905490        0.269364             0.938219         0.287733
093      0.4574      -0.777933        0.665922             0.793213         3.709321
093      0.4949      -0.864084        0.236210             0.901845         0.451086
093      0.3911      -0.528325        0.297668             0.050538         5.293674
093      0.4422      -0.689583        0.594554             0.199029        66.790730
093      0.2719      -0.309670        0.063085             0.018865         0.416158
093      0.4742      -0.824916        0.416310             0.859993         1.308596
093      0.3626      -0.465554        0.174265             0.039373         2.992330
093      0.4107      -0.583987        0.326067             0.081381        13.298819
093      0.4271      -0.633023        0.363327             0.125235        37.522313
093      0.5318      -0.908475        0.230083             0.940227         0.277482
093      0.4590      -0.786738        0.537810             0.807483         3.771154
093      0.4974      -0.865187        0.347341             0.903346         0.671541
093      0.3933      -0.536691        0.336405             0.059038         6.142411
093      0.4437      -0.707127        0.826352             0.460795        87.917813
093      0.4760      -0.829925        0.385749             0.866070         1.305771
093      0.2965      -0.349102        0.065065             0.021429         0.736513
093      0.3662      -0.475352        0.161314             0.044523         3.131072
093      0.4125      -0.585954        0.363670             0.094570        15.460157
093      0.5372      -0.913817        0.256335             0.945388         0.281042
093      0.4286      -0.645698        0.371054             0.226539        71.226898
093      0.4606      -0.789703        0.462383             0.803614         3.568993
093      0.3955      -0.541556        0.324288             0.065864         6.586497
093      0.3115      -0.374929        0.102556             0.024912         0.996007
093      0.5000      -0.868574        0.361150             0.905811         0.786062
093      0.4452      -0.723374        0.596341             0.643769        23.577187
093      0.4779      -0.830484        0.395097             0.864662         1.467175
093      0.3696      -0.479494        0.232806             0.039066         2.198872
093      0.4142      -0.590429        0.384197             0.087363        15.397429
093      0.5433      -0.919533        0.228775             0.949122         0.237342
093      0.4622      -0.792142        0.536902             0.807675         4.919364
093      0.4301      -0.653648        0.727639             0.267823       119.409469
093      0.3224      -0.392764        0.098947             0.026038         1.203626
093      0.3976      -0.546396        0.298986             0.070734         9.318776
093      0.5027      -0.875426        0.333951             0.912875         0.620642
093      0.4467      -0.742588        0.662898             0.720479         7.020844
093      0.4798      -0.839031        0.457896             0.873650         1.376752
093      0.3728      -0.488646        0.129650             0.037415         2.705118
093      0.5504      -0.923193        0.258244             0.951867         0.292636
093      0.4159      -0.597239        0.376510             0.126382        26.600965
093      0.4639      -0.799179        0.508425             0.827233         2.647930
093      0.4317      -0.654977        0.349568             0.208720        52.584137
093      0.3310      -0.406049        0.137457             0.028403         1.208397
093      0.3996      -0.552332        0.307165             0.055276         6.180399
093      0.4482      -0.747612        0.531254             0.735935         7.628039
093      0.5055      -0.879417        0.316014             0.916358         0.621752
093      0.5590      -0.931118        0.210827             0.957403         0.196327
093      0.4818      -0.841926        0.260296             0.877355         1.009560
093      0.3758      -0.492295        0.225222             0.047168         4.128787
093      0.4175      -0.600187        0.358096             0.100294        14.594584
093      0.4332      -0.662574        0.491512             0.293798        84.650434
093      0.4016      -0.559408        0.262996             0.076807        11.332471
093      0.4655      -0.804209        0.411217             0.833158         2.313476
093      0.3381      -0.417933        0.131639             0.027950         1.315116
093      0.5698      -0.938014        0.159320             0.962322         0.155937
093      0.4497      -0.749257        0.748645             0.721503        14.439298
093      0.5085      -0.882299        0.287313             0.918370         0.522016
093      0.4838      -0.844851        0.302289             0.882273         0.891776
093      0.4192      -0.608093        0.358119             0.090251        16.701060
093      0.3787      -0.501755        0.196930             0.046396         5.108114
093      0.4035      -0.562340        0.267556             0.074568        14.279156
093      0.4672      -0.806507        0.384250             0.836830         1.736278
093      0.4347      -0.673789        0.499064             0.415921        81.956977
093      0.3442      -0.431303        0.148495             0.030975         1.453376
093      0.4512      -0.760099        0.553901             0.759975         6.176814
093      0.5848      -0.945247        0.155453             0.967171         0.140163
093      0.5117      -0.885319        0.280167             0.922430         0.495238
093      0.4859      -0.848746        0.252797             0.887460         0.720768
093      0.3814      -0.504988        0.216584             0.044167         4.031428
093      0.4208      -0.614533        0.409979             0.140153        26.292679
093      0.4054      -0.568001        0.338401             0.069895        10.809917
093      0.4689      -0.812681        0.310446             0.841344         1.991664
093      0.4362      -0.664715        0.389667             0.186780        48.046231
093      0.3495      -0.440407        0.136204             0.027495         1.357545
093      0.5151      -0.858349        0.270264             0.070371        14.906755
093      0.4880      -0.852702        0.506724             0.888792         1.228864
093      1.0000      -0.970531        0.010084             0.377267        50.512193
093      0.4528      -0.766438        0.373399             0.769335         4.282748
093      0.4224      -0.618481        0.314800             0.126015        28.786824
093      0.4706      -0.819316        0.268421             0.856534         1.089129
093      0.3543      -0.449631        0.150287             0.036638         2.348584
093      0.3840      -0.514099        0.192007             0.054996         4.496896
093      0.4072      -0.569853        0.221711             0.086287        14.709900
093      0.5188      -0.858920        0.208618             0.183489        33.825858
093      0.4377      -0.691930        0.582697             0.450515       158.301689
093      0.4902      -0.854453        0.371720             0.893054         0.942193
093      0.4543      -0.769340        0.423932             0.776333         4.920875
093      0.4239      -0.625712        0.249632             0.116087        19.024623
093      0.3865      -0.518483        0.249974             0.047240         5.607463
093      0.4392      -0.706981        0.619396             0.610704        22.914128
094      0.3888      -0.523067        0.319674             0.046906         3.906405
094      0.5228      -0.898925        0.293791             0.932478         0.363071
094      0.4925      -0.860256        0.325607             0.898065         0.696134
094      0.3586      -0.457832        0.150304             0.037936         2.426320
094      0.4090      -0.580665        0.354528             0.068610        10.830271
094      0.4559      -0.772856        0.416567             0.778665         3.685339
094      0.4407      -0.707583        0.637324             0.596055        25.280207
094      0.0000      -0.002037        0.000000             0.023314         0.000000
094      0.4255      -0.631904        0.444268             0.146295        33.383555
094      0.4724      -0.818508        0.361269             0.850869         1.425481
094      0.5271      -0.905335        0.192565             0.937929         0.234129
094      0.4574      -0.779556        0.645073             0.794371         5.725370
094      0.3911      -0.529694        0.305732             0.066317         6.819812
094      0.4949      -0.863945        0.297371             0.902565         0.637724
094      0.4107      -0.581922        0.300029             0.092879        11.797522
094      0.4271      -0.635577        0.436050             0.094255        20.116426
094      0.4742      -0.826123        0.428345             0.860204         1.976416
094      0.3626      -0.467526        0.162518             0.036793         2.216577
094      0.2719      -0.310213        0.070664             0.018742         0.574979
094      0.4422      -0.716433        0.679603             0.619771        31.815678
094      0.5318      -0.909407        0.173479             0.941530         0.250005
094      0.4590      -0.785903        0.448244             0.800636         3.870915
094      0.3933      -0.536600        0.254192             0.071453         7.925164
094      0.4760      -0.830826        0.335154             0.866410         1.239189
094      0.3662      -0.472614        0.222138             0.040183         3.287339
094      0.2965      -0.348599        0.089925             0.022467         0.730582
094      0.4286      -0.641953        0.598429             0.174271        58.513475
094      0.4437      -0.731111        0.615257             0.687166        15.755887
094      0.4974      -0.869507        0.321093             0.906870         0.675903
094      0.4125      -0.589009        0.325183             0.081469        11.048054
094      0.5372      -0.913685        0.261532             0.944876         0.263265
094      0.4606      -0.792537        0.439939             0.814294         3.864576
094      0.3115      -0.372359        0.101359             0.023671         1.016710
094      0.4452      -0.735321        0.581110             0.692576        12.353525
094      0.5000      -0.863861        0.580467             0.853015        68.549046
094      0.4779      -0.831057        0.376308             0.867997         1.229306
094      0.3955      -0.540831        0.316317             0.059142         8.126613
094      0.4142      -0.592965        0.295016             0.087200        10.151145
094      0.4301      -0.647413        0.591311             0.130672        43.777035
094      0.3696      -0.480455        0.202645             0.043617         4.312143
094      0.4622      -0.796922        0.360535             0.820629         2.044376
094      0.5433      -0.918732        0.190979             0.948006         0.243058
094      0.5027      -0.875724        0.263748             0.912429         0.404910
094      0.4798      -0.838597        0.303224             0.877838         0.932943
094      0.4317      -0.656899        0.385720             0.252288        25.473555
094      0.3224      -0.389378        0.109530             0.029645         1.280888
094      0.4467      -0.743640        0.465213             0.727904         4.526491
094      0.3728      -0.488035        0.185315             0.033515         2.390884
094      0.4159      -0.599710        0.296988             0.096021        24.218844
094      0.3976      -0.546514        0.275274             0.060536         7.116702
094      0.4639      -0.797793        0.315284             0.821960         2.377567
094      0.5504      -0.926191        0.101624             0.954346         0.113932
094      0.5055      -0.880738        0.214208             0.918597         0.359056
094      0.4818      -0.840362        0.381413             0.878751         1.042588
094      0.4332      -0.667703        0.609997             0.396410       130.217269
094      0.3758      -0.493246        0.163956             0.047603         3.643977
094      0.4482      -0.744937        0.348427             0.723504         6.547313
094      0.4175      -0.607243        0.379401             0.115043        33.499847
094      0.3310      -0.405842        0.109968             0.027931         1.439717
094      0.3996      -0.550894        0.171902             0.060075         7.920523
094      0.4655      -0.803533        0.436123             0.836048         1.856451
094      0.5590      -0.895518        0.148872             0.058348         7.530365
094      0.4838      -0.805792        0.311629             0.102565        21.136326
094      0.5085      -0.883963        0.228327             0.920297         0.423173
094      0.4497      -0.749416        0.449219             0.734760         5.480483
094      0.3787      -0.502786        0.192783             0.048791         3.187145
094      0.4347      -0.669823        0.372511             0.258640        48.006613
094      0.3381      -0.417519        0.150907             0.032485         1.832988
094      0.4192      -0.607105        0.287081             0.109359        30.276438
094      0.4016      -0.557010        0.244439             0.066007        10.618588
094      0.5698      -0.939108        0.141920             0.963517         0.121694
094      0.4672      -0.807610        0.285396             0.836548         2.073894
094      0.4859      -0.850394        0.318159             0.889285         0.758939
094      0.5117      -0.889167        0.191686             0.925188         0.308615
094      0.4512      -0.758230        0.495000             0.754004         6.951310
094      0.4362      -0.673807        0.459631             0.216514        48.810520
094      0.3814      -0.505885        0.180523             0.046795         3.920825
094      0.4208      -0.611120        0.315864             0.103780        19.220296
094      0.3442      -0.428302        0.133649             0.035564         1.743929
094      0.4035      -0.563483        0.261062             0.073155         9.143480
094      0.5848      -0.947626        0.092294             0.969083         0.072901
094      0.4880      -0.855869        0.251658             0.895396         0.612445
094      0.4689      -0.812112        0.269158             0.846154         1.216477
094      0.5151      -0.892508        0.213162             0.928785         0.310736
094      0.4528      -0.762359        0.411188             0.753384         6.206636
094      0.3840      -0.514083        0.172530             0.062503         5.514545
094      0.4377      -0.682565        0.425637             0.423726        31.481447
094      0.3495      -0.440536        0.152980             0.037395         2.071328
094      0.4224      -0.622546        0.308718             0.197684        36.340245
094      0.4054      -0.566329        0.218693             0.057098         8.214025
094      1.0000      -0.998622        0.005799             0.999296         0.001526
094      0.4902      -0.817768        0.221381             0.162877        31.667205
094      0.4706      -0.817026        0.279669             0.854681         0.977657
094      0.5188      -0.895088        0.151285             0.930731         0.223535
094      0.4543      -0.767990        0.412266             0.771304         3.835115
094      0.3865      -0.520493        0.227692             0.052146         5.973857
094      0.3543      -0.450143        0.163796             0.033001         2.085006
094      0.4392      -0.700493        0.653561             0.534187        74.181070
094      0.4239      -0.627037        0.322835             0.130011        33.663832
094      0.4072      -0.573268        0.247065             0.085462         9.056302
095      0.4639      -0.802777        0.230849             0.834302         1.368720
095      0.0000      -0.000554        0.000000             0.003657         0.000000
095      0.5228      -0.902083        0.154420             0.936430         0.203489
095      0.4255      -0.628051        0.275033             0.122983        25.636493
095      0.4818      -0.842267        0.218002             0.881744         0.760195
095      0.4482      -0.746076        0.357187             0.722586        10.647475
095      0.4925      -0.859714        0.162539             0.899052         0.599886
095      0.3662      -0.472864        0.145465             0.041237         2.718982
095      0.3976      -0.547448        0.173127             0.074606         8.053154
095      0.4175      -0.604776        0.220193             0.104359        21.897886
095      0.4407      -0.714659        0.530405             0.623353        23.652822
095      0.5504      -0.890209        0.139624             0.470034        75.214722
095      0.5055      -0.880098        0.201890             0.917465         0.383700
095      0.3381      -0.416687        0.108167             0.033596         1.738790
095      0.4724      -0.819563        0.265263             0.850185         2.300175
095      0.4332      -0.677633        0.485103             0.506850        27.646070
095      0.3840      -0.511455        0.197758             0.046254         3.850223
095      0.4559      -0.779621        0.255178             0.801788         1.864437
095      0.4090      -0.577376        0.197608             0.072075         9.855283
095      0.2719      -0.308388        0.053968             0.021392         0.543893
095      0.4655      -0.806478        0.332801             0.840609         1.677132
095      0.5271      -0.905004        0.190336             0.938495         0.267531
095      0.4949      -0.863885        0.206556             0.903122         0.457246
095      0.4192      -0.609061        0.239144             0.113815        24.095561
095      0.4497      -0.755978        0.411585             0.751142         7.418902
095      0.3696      -0.480539        0.128021             0.045323         2.988488
095      0.4422      -0.727402        0.282390             0.696264         4.541979
095      0.4271      -0.637285        0.271329             0.185075        27.727620
095      0.4838      -0.846566        0.244262             0.885345         0.759814
095      0.3996      -0.552632        0.246367             0.061802         6.882789
095      0.4574      -0.783025        0.410258             0.803344         3.111999
095      0.3865      -0.516086        0.162974             0.050183         5.816605
095      0.4742      -0.827080        0.219206             0.864871         0.757069
095      0.4347      -0.675572        0.321481             0.423889        41.087357
095      0.5590      -0.933649        0.091749             0.960002         0.093840
095      0.3442      -0.428802        0.096813             0.029666         1.864154
095      0.5085      -0.844913        0.156327             0.159840        22.036214
095      0.4107      -0.582249        0.262784             0.068102        10.064170
095      0.2965      -0.346670        0.069791             0.023781         0.693927
095      0.4672      -0.810509        0.254117             0.838943         2.231236
095      0.4974      -0.869068        0.192140             0.907083         0.476531
095      0.4286      -0.645642        0.345534             0.212793        65.540203
095      0.4208      -0.619273        0.314137             0.200071        46.759611
095      0.4859      -0.850675        0.211852             0.890112         0.508604
095      0.5318      -0.910252        0.128918             0.942320         0.182373
095      0.4437      -0.728419        0.415574             0.671581        12.848494
095      0.4016      -0.556951        0.231078             0.082735        13.914414
095      0.3728      -0.488441        0.122050             0.039415         3.080448
095      0.4760      -0.830819        0.238590             0.868847         0.862037
095      0.4362      -0.677427        0.403524             0.296583        47.825515
095      0.4512      -0.764647        0.371275             0.768217         4.509305
095      0.4590      -0.789828        0.371991             0.815222         2.527724
095      0.3888      -0.525939        0.190404             0.055847         6.849369
095      0.5698      -0.904266        0.087892             0.111457        20.877495
095      0.4125      -0.592135        0.306413             0.088756        10.039381
095      0.5117      -0.888264        0.187405             0.925452         0.333252
095      0.3495      -0.438983        0.133056             0.032647         2.088567
095      0.3115      -0.371102        0.073544             0.024565         0.863800
095      0.5000      -0.872016        0.166533             0.910872         0.305938
095      0.4689      -0.813141        0.300999             0.848268         1.124756
095      0.4301      -0.650334        0.465828             0.299450        59.990356
095      0.4224      -0.620268        0.352463             0.098520        25.130193
095      0.5372      -0.915207        0.139676             0.946493         0.154045
095      0.4880      -0.854458        0.164135             0.894852         0.403836
095      0.4452      -0.730726        0.454620             0.647444        25.064677
095      0.3758      -0.493999        0.170793             0.044448         4.928957
095      0.4035      -0.558947        0.216102             0.077128         9.789805
095      0.4779      -0.834471        0.212135             0.869968         1.233319
095      0.4377      -0.687579        0.453529             0.350681        85.444519
095      0.3911      -0.529748        0.208021             0.056658         6.694449
095      0.4528      -0.765163        0.306640             0.765678         3.861569
095      0.4606      -0.793963        0.327520             0.819091         2.029075
095      0.4142      -0.593066        0.214314             0.121828        22.324686
095      0.3543      -0.448027        0.116241             0.035809         2.695958
095      0.5848      -0.947752        0.094940             0.968944         0.075704
095      0.5151      -0.892578        0.116008             0.929061         0.193056
095      0.5027      -0.876066        0.153592             0.914243         0.317678
095      0.4706      -0.818358        0.274997             0.853864         1.140800
095      0.3224      -0.389201        0.078400             0.025983         0.888265
095      0.4467      -0.743967        0.535619             0.720729         9.688734
095      0.4317      -0.656228        0.489907             0.200820        68.838301
095      0.5433      -0.920129        0.114456             0.950063         0.123010
095      0.4902      -0.855470        0.212084             0.894548         0.678424
095      0.4239      -0.623772        0.272423             0.125895        17.827935
095      0.4798      -0.837607        0.231009             0.875843         0.715262
095      0.3787      -0.499980        0.143574             0.045139         3.544539
095      0.4054      -0.568042        0.227596             0.077409        10.254585
095      0.4392      -0.702012        0.555791             0.544250        52.903502
095      0.3933      -0.535654        0.207555             0.053715         6.611622
095      0.4159      -0.599264        0.225472             0.097505        23.387154
095      0.4543      -0.772816        0.334346             0.783625         4.628235
095      0.4622      -0.795794        0.273595             0.822057         2.005743
095      0.5188      -0.895377        0.146551             0.930803         0.245122
095      0.3586      -0.456565        0.146243             0.038548         2.640517
095      1.0000      -0.998615        0.006674             0.999293         0.001824
095      0.3310      -0.403468        0.097309             0.027568         1.222045
095      0.4072      -0.573048        0.210017             0.056632         7.362264
095      0.3814      -0.507302        0.139806             0.045986         4.248159
095      0.3955      -0.541090        0.231500             0.060698        10.083996
095      0.3626      -0.464160        0.153099             0.039563         3.544584
096      0.4482      -0.751673        0.365556             0.753127         6.377259
096      0.3381      -0.418704        0.090431             0.027535         1.104802
096      0.4255      -0.627697        0.262580             0.142969        32.172063
096      0.0000      -0.006510        0.000000             0.010634         0.000000
096      0.4175      -0.602493        0.367141             0.088260        19.521404
096      0.5504      -0.926986        0.117643             0.955306         0.124195
096      0.4925      -0.861684        0.213225             0.901465         0.520048
096      0.4639      -0.800892        0.240163             0.831879         1.200050
096      0.4559      -0.777828        0.337893             0.798056         2.579725
096      0.4407      -0.718240        0.435422             0.659210        11.366509
096      0.4724      -0.822300        0.266150             0.857231         1.215063
096      0.4090      -0.578976        0.307188             0.083136        11.885116
096      0.3976      -0.547797        0.242428             0.063231         5.942072
096      0.3662      -0.473542        0.151667             0.038802         2.681728
096      0.5055      -0.880953        0.158432             0.918566         0.294725
096      0.5228      -0.900937        0.147633             0.934842         0.222783
096      0.4818      -0.803212        0.217182             0.200247        17.991050
096      0.3840      -0.514102        0.193981             0.051717         4.978483
096      0.4332      -0.668485        0.423034             0.404661        36.031061
096      0.4497      -0.755312        0.357790             0.746372         8.166403
096      0.5590      -0.933292        0.115523             0.959091         0.112731
096      0.3442      -0.429703        0.094014             0.033974         2.136339
096      0.4192      -0.612496        0.257950             0.132259        30.596081
096      0.4422      -0.729941        0.373052             0.695501         7.771202
096      0.4949      -0.864490        0.140540             0.903446         0.381228
096      0.4574      -0.783967        0.252596             0.806589         1.992004
096      0.4271      -0.636144        0.305467             0.144045        31.423213
096      0.4655      -0.804110        0.332710             0.833168         2.132304
096      0.3996      -0.550931        0.205646             0.070280         8.958648
096      0.4107      -0.581558        0.185124             0.106523        19.126429
096      0.2719      -0.310393        0.055151             0.020180         0.509070
096      0.4742      -0.826230        0.194174             0.863733         0.796456
096      0.4838      -0.846445        0.249502             0.886476         0.827202
096      0.3696      -0.479829        0.146672             0.039787         3.048721
096      0.5085      -0.884590        0.155077             0.920916         0.290168
096      0.5271      -0.905929        0.117717             0.938780         0.190191
096      0.3865      -0.517502        0.158087             0.049499         4.964960
096      0.4347      -0.675265        0.469003             0.411825        48.333823
096      0.4512      -0.763952        0.292756             0.773448         3.570635
096      0.4208      -0.615836        0.278062             0.094136        20.305782
096      0.5698      -0.904392        0.116782             0.143832        58.387273
096      0.4672      -0.806678        0.368851             0.828735         3.550610
096      0.4760      -0.829614        0.200359             0.868435         0.768567
096      0.4016      -0.559651        0.237846             0.067374        12.551835
096      0.4974      -0.867235        0.159085             0.906133         0.411138
096      0.4286      -0.644060        0.378645             0.197181        46.231947
096      0.4437      -0.727376        0.459848             0.660608        40.098981
096      0.4590      -0.789455        0.294409             0.812893         2.298711
096      0.3728      -0.487129        0.155063             0.041367         3.468557
096      0.3495      -0.440445        0.103347             0.034601         2.245656
096      0.2965      -0.345818        0.079920             0.021111         0.753302
096      0.4125      -0.587665        0.234140             0.090684        16.932782
096      0.4859      -0.851424        0.221360             0.892279         0.510598
096      0.5117      -0.888737        0.204802             0.924909         0.339182
096      0.3888      -0.526150        0.234653             0.063351         6.650930
096      0.5318      -0.910590        0.120020             0.942817         0.153903
096      0.4362      -0.674436        0.403621             0.305076       114.396042
096      0.4528      -0.769260        0.335490             0.780352         4.385807
096      0.5848      -0.941430        0.679769             0.904878       110.354459
096      0.4224      -0.621048        0.341820             0.126029        26.183337
096      0.4035      -0.561684        0.180420             0.061402         7.023635
096      0.4689      -0.814238        0.215455             0.848670         1.007227
096      0.5000      -0.872830        0.175177             0.911424         0.355040
096      0.3758      -0.495807        0.116960             0.043194         5.415680
096      0.4452      -0.734857        0.489382             0.698845         8.778987
096      0.3115      -0.369674        0.082009             0.024195         1.067699
096      0.4779      -0.834872        0.284169             0.873071         1.096506
096      0.4606      -0.790237        0.286202             0.810634         3.684906
096      0.4301      -0.656141        0.438679             0.362478        93.851909
096      0.4142      -0.590855        0.311148             0.064377         6.482173
096      0.3543      -0.449915        0.143398             0.035977         2.359792
096      0.3911      -0.529692        0.198948             0.059023         5.705807
096      0.4880      -0.852507        0.181736             0.888683         1.217236
096      0.5372      -0.915028        0.126623             0.946209         0.164542
096      0.5151      -0.856003        0.148290             0.223961        45.761314
096      0.4377      -0.683507        0.380748             0.382428        50.249818
096      1.0000      -0.998539        0.006689             0.999253         0.001765
096      0.4543      -0.769757        0.394733             0.772489         5.594756
096      0.4798      -0.836762        0.171619             0.876378         0.613126
096      0.4239      -0.632261        0.396330             0.254091        97.820456
096      0.5027      -0.878566        0.142346             0.916222         0.269012
096      0.4054      -0.565935        0.234128             0.082680        12.271318
096      0.4706      -0.818615        0.228744             0.854321         0.956143
096      0.4467      -0.744842        0.445691             0.723357        13.687773
096      0.4317      -0.661395        0.374397             0.301534        90.284958
096      0.3224      -0.389629        0.099651             0.025119         0.853048
096      0.4159      -0.598286        0.336654             0.086571        13.040980
096      0.3787      -0.499625        0.155688             0.051747         4.167154
096      0.3586      -0.456230        0.129301             0.035447         2.216512
096      0.4622      -0.797637        0.229207             0.824987         2.377952
096      0.3933      -0.534826        0.177130             0.052346         6.201776
096      0.4902      -0.857322        0.236379             0.896434         0.678129
096      0.5188      -0.897229        0.158177             0.932227         0.228029
096      0.5433      -0.919907        0.092870             0.949722         0.114090
096      0.4392      -0.709041        0.484099             0.634392        18.637181
096      0.4072      -0.572784        0.238317             0.069097         8.729529
096      0.3626      -0.466189        0.168347             0.039716         3.071322
096      0.3310      -0.405417        0.097245             0.026649         1.286306
096      0.3814      -0.508353        0.160734             0.044427         2.766040
096      0.3955      -0.542105        0.190290             0.055747         6.277358
097      0.4925      -0.860969        0.237142             0.900057         0.515755
097      0.4255      -0.630579        0.312866             0.132397        41.385889
097      0.3381      -0.417381        0.139005             0.029971         1.822746
097      0.4332      -0.650887        0.397577             0.147595        65.991918
097      0.5055      -0.880098        0.200518             0.917734         0.396382
097      0.4090      -0.580291        0.221966             0.091882        12.149674
097      0.5228      -0.901360        0.160153             0.935147         0.279856
097      0.5504      -0.925684        0.149205             0.953965         0.154202
097      0.4724      -0.822330        0.262101             0.854988         1.638411
097      0.4639      -0.800536        0.261766             0.828179         1.804137
097      0.4482      -0.747244        0.414882             0.718771        16.819173
097      0.4407      -0.715504        0.562696             0.633372        26.641917
097      0.4175      -0.603641        0.271741             0.126959        26.850062
097      0.3662      -0.472594        0.127749             0.037585         3.025564
097      0.4818      -0.842262        0.224358             0.880455         0.803307
097      0.0000      -0.008184        0.000000             0.007333         0.000000
097      0.3840      -0.510507        0.185037             0.042666         3.964231
097      0.4559      -0.779175        0.310352             0.803086         1.946937
097      0.3976      -0.547221        0.214949             0.063847         9.986416
097      0.4949      -0.862661        0.196160             0.902362         0.438103
097      0.4347      -0.684051        0.397032             0.480978        44.837588
097      0.4271      -0.634461        0.449939             0.124929        32.856011
097      0.3442      -0.428717        0.114969             0.038693         2.462592
097      0.5085      -0.884661        0.159877             0.922436         0.308820
097      0.4107      -0.580735        0.258939             0.087969        22.831180
097      0.3696      -0.481732        0.142066             0.047705         4.891497
097      0.5590      -0.932371        0.130698             0.958814         0.133417
097      0.5271      -0.905701        0.101653             0.939169         0.159301
097      0.4655      -0.806449        0.283144             0.833277         4.688354
097      0.2719      -0.309395        0.047162             0.017672         0.389969
097      0.4838      -0.845769        0.218775             0.885482         0.676677
097      0.3865      -0.517583        0.211977             0.048964         4.514582
097      0.4497      -0.753829        0.454231             0.733009        17.473766
097      0.4192      -0.606813        0.256999             0.082351        21.460824
097      0.4742      -0.827148        0.276942             0.865257         0.865323
097      0.4422      -0.721222        0.455746             0.654023        18.136421
097      0.4574      -0.783446        0.331068             0.804187         2.285407
097      0.3996      -0.549997        0.223804             0.068250         9.501607
097      0.4974      -0.831840        0.157794             0.160308        37.618079
097      0.4362      -0.675585        0.429104             0.358036        46.623341
097      0.5117      -0.888483        0.168074             0.925414         0.307266
097      0.4286      -0.645076        0.307715             0.135328        31.763067
097      0.3495      -0.439094        0.087817             0.037001         2.460015
097      0.4125      -0.589799        0.313818             0.091389        21.422666
097      0.5698      -0.939177        0.109307             0.963520         0.101884
097      0.3728      -0.488092        0.140054             0.044166         3.575497
097      0.4859      -0.849984        0.198182             0.890643         0.547757
097      0.2965      -0.347134        0.071122             0.021343         0.634269
097      0.4672      -0.811472        0.231186             0.845046         1.218662
097      0.5318      -0.910269        0.116550             0.942529         0.148002
097      0.3888      -0.523478        0.172942             0.048101         4.333174
097      0.4512      -0.760066        0.315055             0.763159         4.092644
097      0.4208      -0.617583        0.460153             0.116688        26.871868
097      0.4590      -0.788124        0.289374             0.810921         3.239805
097      0.4437      -0.713772        0.797847             0.539547        98.430145
097      0.4760      -0.828471        0.250543             0.866060         0.997202
097      0.5000      -0.871561        0.169725             0.909646         0.413908
097      0.4016      -0.559537        0.191399             0.062982         6.760840
097      0.4377      -0.684290        0.378459             0.182840       151.626864
097      0.5151      -0.855587        0.154708             0.117198        31.895883
097      0.4301      -0.649259        0.444192             0.160374        61.346450
097      0.3543      -0.448018        0.114405             0.032165         2.223795
097      0.4142      -0.593961        0.235238             0.088281        15.260095
097      0.4689      -0.813704        0.240924             0.846638         1.802869
097      0.4880      -0.852643        0.220200             0.891993         0.601089
097      0.3758      -0.493710        0.167426             0.045695         4.088325
097      0.5848      -0.946764        0.081085             0.968534         0.068598
097      0.3115      -0.371351        0.108394             0.022102         1.072428
097      0.5372      -0.915200        0.107114             0.946245         0.160485
097      0.4224      -0.622109        0.253142             0.174161        49.863868
097      0.3911      -0.530571        0.172526             0.048749         4.277292
097      0.4606      -0.783884        0.656940             0.710328       155.994592
097      0.4528      -0.771177        0.371851             0.789210         3.108720
097      0.5027      -0.875162        0.178221             0.913377         0.289795
097      0.4779      -0.833859        0.189793             0.873702         0.663997
097      0.4452      -0.732811        0.613567             0.668896        40.330729
097      0.5188      -0.895895        0.165729             0.930843         0.272594
097      0.4317      -0.660340        0.473533             0.284443       153.891025
097      0.4392      -0.703958        0.613899             0.580234        78.482226
097      0.4035      -0.563180        0.245545             0.073625        10.562086
097      0.3586      -0.456718        0.156329             0.036839         2.351970
097      0.4159      -0.600264        0.249980             0.094012        19.112412
097      0.4902      -0.856945        0.197616             0.896131         0.665523
097      0.4706      -0.819375        0.314476             0.852981         1.713005
097      0.3933      -0.535332        0.174815             0.061494         7.662173
097      0.3787      -0.501994        0.211107             0.040091         3.640499
097      1.0000      -0.998580        0.006105             0.999277         0.001632
097      0.3224      -0.388322        0.103473             0.025036         1.004802
097      0.4239      -0.629689        0.312060             0.152312        51.555391
097      0.5433      -0.919945        0.121361             0.949929         0.132860
097      0.4622      -0.798914        0.260930             0.828602         1.934586
097      0.4543      -0.773338        0.312182             0.784483         3.342497
097      0.4798      -0.838833        0.215209             0.877220         0.833619
097      0.4467      -0.741448        0.352537             0.689895        19.392310
097      0.4054      -0.568026        0.267934             0.095177        17.017067
097      0.3626      -0.466281        0.119451             0.034603         2.717955
097      0.3955      -0.542555        0.215737             0.056935         6.707151
097      0.3814      -0.505671        0.199750             0.041960         3.532813
097      0.3310      -0.404540        0.109888             0.026422         1.193346
097      0.4072      -0.573213        0.216724             0.067091        10.059937
098      0.4760      -0.829904        0.257601             0.865914         1.281814
098      0.4090      -0.578292        0.245631             0.080235        10.354328
098      0.4639      -0.803465        0.291869             0.835777         1.507888
098      0.5372      -0.914998        0.124740             0.945914         0.158773
098      0.4902      -0.856137        0.222754             0.894802         0.618892
098      0.5085      -0.884423        0.145847             0.921891         0.281785
098      0.3787      -0.498911        0.186103             0.046102         4.540299
098      0.4208      -0.614717        0.390522             0.097932        21.676157
098      0.4528      -0.767913        0.403234             0.777407         3.830223
098      0.4422      -0.719427        0.773456             0.591035       120.626147
098      0.4317      -0.650973        0.287265             0.121697        17.564918
098      0.3955      -0.540244        0.263350             0.052032         5.767284
098      0.3495      -0.439219        0.100130             0.028415         1.383151
098      0.0000       0.000833        0.000000             0.014369         0.000000
098      0.4779      -0.834881        0.278629             0.873015         0.975388
098      0.4925      -0.862932        0.205091             0.903026         0.410240
098      0.4655      -0.804802        0.355868             0.837734         1.568344
098      0.5433      -0.919540        0.104135             0.949527         0.119874
098      0.4437      -0.727089        0.437969             0.677028        11.708046
098      0.4107      -0.582376        0.293818             0.091127        19.732575
098      0.5117      -0.887974        0.170995             0.924392         0.328456
098      0.4543      -0.770943        0.356317             0.782322         3.450204
098      0.4224      -0.619013        0.299141             0.090364        15.234671
098      0.4332      -0.670481        0.490725             0.373492       117.035372
098      0.3976      -0.547291        0.193962             0.066912         8.754232
098      0.3814      -0.505133        0.191633             0.045117         3.506709
098      0.3543      -0.449552        0.143917             0.035475         2.466204
098      0.2719      -0.310037        0.051853             0.018850         0.533964
098      0.4798      -0.839096        0.222861             0.876741         0.829838
098      0.4949      -0.831295        0.347320             0.322547       252.489167
098      0.5504      -0.926697        0.120462             0.954763         0.121101
098      0.4672      -0.808361        0.312168             0.838511         1.756849
098      0.4452      -0.739567        0.489547             0.723357         8.623676
098      0.4559      -0.779577        0.349542             0.799390         2.992552
098      0.5151      -0.892716        0.131883             0.928619         0.187667
098      0.4239      -0.626110        0.336933             0.145760        49.608643
098      0.3996      -0.551156        0.237416             0.075952        13.553621
098      0.4125      -0.590519        0.310633             0.096033        18.860489
098      0.4347      -0.681570        0.600702             0.466949        84.598288
098      0.3586      -0.457511        0.150567             0.040110         2.746907
098      0.3840      -0.512980        0.193188             0.054138         5.577865
098      0.2965      -0.348571        0.071633             0.020796         0.752051
098      0.4818      -0.841310        0.228779             0.880371         0.770090
098      0.4974      -0.870993        0.242686             0.910466         0.516770
098      0.5590      -0.932087        0.117737             0.958528         0.122229
098      0.4689      -0.814548        0.294352             0.847655         1.779199
098      0.5188      -0.898176        0.110570             0.933178         0.185152
098      0.4574      -0.784163        0.385956             0.802534         3.216853
098      0.4467      -0.745512        0.419562             0.726045        12.237188
098      0.4255      -0.634529        0.369709             0.178465        47.203132
098      0.4016      -0.559198        0.294432             0.063819         7.905247
098      0.4142      -0.594267        0.355906             0.087149        19.656799
098      0.3626      -0.464979        0.135038             0.037049         2.167291
098      0.3865      -0.521208        0.142775             0.047376         5.167442
098      0.4362      -0.689596        0.374246             0.528673        55.651846
098      0.3115      -0.371585        0.078087             0.023499         0.749228
098      0.4838      -0.846535        0.232243             0.886208         0.622169
098      0.5000      -0.871741        0.195498             0.910654         0.387940
098      0.4706      -0.818353        0.325797             0.853267         1.314079
098      0.5698      -0.903471        0.119564             0.248172        24.322024
098      0.4271      -0.639544        0.327793             0.135062        37.752833
098      0.4590      -0.785494        0.393989             0.806572         2.828654
098      0.5228      -0.900423        0.156158             0.934325         0.229174
098      0.4482      -0.739673        0.506949             0.656204        48.306605
098      0.4159      -0.600412        0.342912             0.136710        40.785285
098      0.4035      -0.563813        0.242317             0.067268        10.453122
098      0.3662      -0.471175        0.135087             0.034000         2.233366
098      0.4377      -0.688167        0.534513             0.450000       139.906474
098      0.3888      -0.523592        0.218675             0.045044         4.364114
098      0.3224      -0.387688        0.105428             0.023651         0.970507
098      0.5027      -0.875964        0.209182             0.914202         0.402430
098      0.4859      -0.849919        0.214676             0.888047         0.689272
098      0.4724      -0.822724        0.303991             0.858730         1.198469
098      0.5848      -0.947584        0.090360             0.969077         0.072196
098      0.4606      -0.789536        0.483959             0.800337         6.329917
098      0.4286      -0.646243        0.341062             0.167468        67.687455
098      0.5271      -0.868534        0.170405             0.171920        55.939424
098      0.4497      -0.756193        0.293876             0.747470         5.790467
098      0.4175      -0.607120        0.328138             0.083574        14.208990
098      0.3696      -0.481489        0.186534             0.045521         3.546094
098      0.4054      -0.568513        0.219252             0.088807        17.088121
098      0.4392      -0.693786        0.724657             0.465768       105.510996
098      0.3911      -0.526930        0.164393             0.054711         6.857413
098      0.3310      -0.405668        0.128043             0.024927         1.240426
098      0.4880      -0.854184        0.191033             0.892561         0.588652
098      0.5055      -0.879877        0.164739             0.917064         0.378302
098      0.4742      -0.825475        0.347133             0.862368         1.282278
098      1.0000      -0.998690        0.005926             0.999338         0.001535
098      0.4622      -0.798170        0.226374             0.824527         1.996452
098      0.4301      -0.649617        0.301675             0.214679        81.098969
098      0.5318      -0.911672        0.166849             0.943651         0.215833
098      0.4512      -0.763742        0.318060             0.768911         5.527627
098      0.4072      -0.574107        0.296526             0.082632        14.868041
098      0.4192      -0.609088        0.333972             0.103963        31.283079
098      0.3728      -0.485208        0.127008             0.042674         3.959478
098      0.4407      -0.719667        0.430613             0.661756        10.731947
098      0.3933      -0.536010        0.227840             0.053182         5.506954
098      0.3381      -0.417701        0.111151             0.028230         1.330123
098      0.3758      -0.493413        0.176208             0.045818         4.325382
098      0.3442      -0.427414        0.118414             0.027089         1.432046
099      0.4760      -0.827401        0.236628             0.863887         1.128887
099      0.4639      -0.801792        0.289129             0.831217         1.900678
099      0.4902      -0.858080        0.233953             0.896237         0.530637
099      0.5085      -0.885177        0.134829             0.922608         0.242964
099      0.4317      -0.672033        0.292422             0.458676        14.495210
099      0.4422      -0.711650        0.768404             0.547179        68.287035
099      0.4208      -0.613795        0.223922             0.096229        23.388356
099      0.3787      -0.500722        0.197681             0.044144         3.482371
099      0.4528      -0.763728        0.511349             0.740582        16.938611
099      0.0000      -0.004387        0.000000             0.013978         0.000000
099      0.3495      -0.440473        0.131250             0.028995         1.607676
099      0.5372      -0.915082        0.159334             0.946428         0.184404
099      0.3955      -0.539935        0.184102             0.051872         3.761230
099      0.4090      -0.578245        0.271789             0.055472         5.928483
099      0.4925      -0.824810        0.195878             0.143106        38.182993
099      0.4779      -0.834068        0.200292             0.873017         0.810482
099      0.4655      -0.803861        0.276117             0.834335         1.362003
099      0.3814      -0.507842        0.141222             0.049097         4.643929
099      0.4437      -0.724363        0.561487             0.600818        72.793004
099      0.5117      -0.850766        0.208851             0.304293        33.399197
099      0.4224      -0.620884        0.345195             0.148995        31.299210
099      0.5433      -0.919116        0.147403             0.949417         0.150610
099      0.4543      -0.774001        0.326145             0.794501         2.433231
099      0.4332      -0.658772        0.308328             0.143485        63.343997
099      0.3976      -0.545714        0.205988             0.060229         8.943016
099      0.3543      -0.445373        0.112328             0.032582         1.951350
099      0.2719      -0.308646        0.047539             0.015494         0.350150
099      0.4107      -0.581816        0.205781             0.068852        11.580969
099      0.4949      -0.865799        0.176622             0.904804         0.458538
099      0.4672      -0.808181        0.298237             0.839955         1.674570
099      0.4798      -0.802690        0.373921             0.331876       231.755079
099      0.5504      -0.925693        0.113980             0.953792         0.131948
099      0.4452      -0.738345        0.481642             0.716196         9.689745
099      0.5151      -0.891787        0.171194             0.928115         0.248610
099      0.4559      -0.773739        0.375238             0.784955         3.227280
099      0.4239      -0.627687        0.322303             0.213484        57.658295
099      0.4347      -0.673725        0.667319             0.359288       166.189565
099      0.3586      -0.454225        0.124329             0.031176         1.553600
099      0.3840      -0.511870        0.206785             0.052733         6.775644
099      0.3996      -0.551978        0.223059             0.072176        10.686310
099      0.2965      -0.346205        0.061580             0.022845         0.905723
099      0.4125      -0.587130        0.246211             0.053511         6.840030
099      0.4974      -0.870587        0.207932             0.909979         0.372962
099      0.4818      -0.840798        0.227485             0.879243         0.705929
099      0.4689      -0.815531        0.361323             0.847899         1.964892
099      0.5590      -0.932213        0.135311             0.958465         0.132829
099      0.4467      -0.745124        0.457384             0.735915         7.880593
099      0.5188      -0.896851        0.250292             0.932044         0.375849
099      0.4574      -0.783800        0.326142             0.804002         2.615056
099      0.3865      -0.520306        0.187705             0.059992         7.694974
099      0.4255      -0.630989        0.275727             0.138649        48.342665
099      0.3626      -0.466628        0.173436             0.040275         3.461441
099      0.4142      -0.594241        0.364475             0.095858        16.092372
099      0.4362      -0.684779        0.465683             0.481163        38.207505
099      0.4016      -0.557757        0.199591             0.056304         6.091852
099      0.3115      -0.373256        0.078700             0.023759         1.216133
099      0.5000      -0.872197        0.212774             0.910330         0.387803
099      0.4706      -0.819527        0.238494             0.854727         1.139970
099      0.4838      -0.845732        0.275247             0.884573         0.805711
099      0.5698      -0.939669        0.097560             0.963985         0.086447
099      0.4482      -0.748311        0.404186             0.729421         8.435444
099      0.5228      -0.901575        0.163275             0.935584         0.216742
099      0.4377      -0.697608        0.451623             0.573766        26.393253
099      0.4590      -0.788540        0.309519             0.814203         2.113060
099      0.4035      -0.565353        0.221147             0.076957         9.779567
099      0.3662      -0.475521        0.155913             0.039059         3.516220
099      0.4159      -0.601977        0.306750             0.109264        30.573553
099      0.4271      -0.638653        0.385076             0.187558        84.798873
099      0.3888      -0.524853        0.164161             0.054574         6.256279
099      0.3224      -0.388879        0.067719             0.027187         1.216406
099      0.5027      -0.877978        0.153690             0.916176         0.309471
099      0.4724      -0.821145        0.270441             0.855480         1.401971
099      0.4859      -0.813062        0.298989             0.159396        65.319618
099      0.5848      -0.947591        0.111224             0.969003         0.095013
099      0.5271      -0.884234        0.889883             0.633778       337.835975
099      0.4606      -0.792970        0.386251             0.816215         2.646380
099      0.4497      -0.756927        0.316386             0.755786         6.410239
099      0.4175      -0.608813        0.362079             0.132507        35.384355
099      0.4392      -0.694135        0.999108             0.413870       166.413729
099      0.4054      -0.569019        0.239195             0.077019        14.166157
099      0.3696      -0.480949        0.151502             0.041457         4.589377
099      0.4286      -0.644826        0.279401             0.176143        65.804680
099      0.3911      -0.531483        0.202127             0.050660         5.545858
099      0.3310      -0.403196        0.095547             0.028924         1.707113
099      0.5055      -0.880959        0.203256             0.918959         0.349156
099      0.4742      -0.829575        0.269268             0.868919         0.979353
099      0.4880      -0.853637        0.204798             0.893099         0.602451
099      1.0000      -0.973756        0.011130             0.384934        41.960251
099      0.5318      -0.909411        0.158341             0.941651         0.206284
099      0.4192      -0.608879        0.304207             0.062896        11.344947
099      0.4512      -0.760055        0.423098             0.757241         7.453495
099      0.3728      -0.487418        0.145105             0.039818         3.546523
099      0.4622      -0.794917        0.308323             0.818872         1.987836
099      0.4407      -0.710395        0.650118             0.584404        48.541160
099      0.4072      -0.574684        0.293829             0.083120        15.971001
099      0.4301      -0.650034        0.374798             0.195813        65.644702
099      0.3933      -0.533978        0.270299             0.057466         5.764249
099      0.3381      -0.416788        0.111289             0.026424         1.457814
099      0.3758      -0.493039        0.165007             0.043540         4.436039
099      0.3442      -0.429840        0.115987             0.027516         1.625365
100      0.4639      -0.801548        0.286812             0.830484         1.924839
100      0.4760      -0.831254        0.244185             0.869508         1.024305
100      0.4902      -0.857164        0.231554             0.894296         0.765867
100      0.4528      -0.767308        0.245482             0.781468         2.354630
100      0.3955      -0.541802        0.181920             0.050714         6.315709
100      0.4317      -0.658430        0.421962             0.277052       137.306693
100      0.4422      -0.723672        0.514862             0.665788        13.345519
100      0.3495      -0.437758        0.128134             0.031124         1.709411
100      0.5085      -0.883932        0.197461             0.920966         0.345669
100      0.0000       0.001000        0.000000             0.000000         0.000000
100      0.4090      -0.578404        0.270758             0.075728        11.781284
100      0.3787      -0.498108        0.129087             0.044772         4.709238
100      0.4208      -0.611544        0.260152             0.079348        12.538282
100      0.5372      -0.915522        0.156303             0.946306         0.214268
100      0.4655      -0.803476        0.301083             0.835410         1.505558
100      0.4779      -0.837996        0.200160             0.877026         0.627742
100      0.4925      -0.861962        0.180742             0.901148         0.397973
100      0.5117      -0.887694        0.196892             0.924310         0.319138
100      0.5433      -0.919802        0.119581             0.949678         0.138730
100      0.4437      -0.725324        0.533941             0.664044        18.329649
100      0.4543      -0.773634        0.404720             0.783390         4.206416
100      0.3976      -0.547472        0.216323             0.056792         7.630792
100      0.3543      -0.449848        0.146616             0.036742         2.270475
100      0.4332      -0.676360        0.614417             0.458030       110.856477
100      0.3814      -0.507782        0.207434             0.048026         3.691960
100      0.4107      -0.584752        0.288534             0.087592        20.435732
100      0.2719      -0.309854        0.056004             0.015666         0.474926
100      0.4224      -0.622418        0.269394             0.144320        26.798432
100      0.4672      -0.809044        0.318940             0.841714         1.260841
100      0.4798      -0.838978        0.199433             0.877914         0.680019
100      0.5151      -0.891696        0.160540             0.927654         0.259906
100      0.4949      -0.827502        0.232302             0.124612        40.423813
100      0.4559      -0.776632        0.265117             0.795722         2.207260
100      0.5504      -0.891204        0.146696             0.142906        36.527912
100      0.4452      -0.713060        0.523698             0.346254       171.638430
100      0.4125      -0.589262        0.254042             0.077422        10.778622
100      0.4239      -0.626816        0.296118             0.165258        50.474449
100      0.3840      -0.512702        0.216518             0.046426         5.075433
100      0.3996      -0.551318        0.257750             0.055838         6.634383
100      0.3586      -0.456538        0.117538             0.038236         2.680577
100      0.2965      -0.346522        0.063458             0.019790         0.519704
100      0.4347      -0.670732        0.321121             0.272360        83.498189
100      0.4689      -0.815764        0.257635             0.849866         1.273183
100      0.4818      -0.842228        0.207410             0.882112         0.714133
100      0.4974      -0.832442        0.169386             0.234920        79.857843
100      0.5188      -0.897036        0.208740             0.932128         0.312971
100      0.5590      -0.932706        0.090924             0.958970         0.084894
100      0.4467      -0.744092        0.538114             0.724172        10.545898
100      0.4574      -0.782980        0.343592             0.802554         2.653113
100      0.3626      -0.465280        0.113927             0.035362         3.004257
100      0.4255      -0.631028        0.370684             0.121636        36.318464
100      0.3865      -0.517348        0.147075             0.042966         3.850751
100      0.4362      -0.682400        0.542012             0.356930       129.106787
100      0.4142      -0.593526        0.280919             0.094872        18.807736
100      0.3115      -0.371186        0.086397             0.022960         0.962615
100      0.4016      -0.558228        0.245735             0.066808         8.328716
100      0.4838      -0.845314        0.273008             0.884626         0.823215
100      0.4706      -0.817586        0.287269             0.853112         1.216004
100      0.5000      -0.871694        0.158513             0.910472         0.289582
100      0.5698      -0.938946        0.106764             0.963100         0.094912
100      0.5228      -0.901498        0.163889             0.935630         0.230350
100      0.4590      -0.787152        0.322992             0.813438         1.657100
100      0.4482      -0.754172        0.424264             0.749742         7.733618
100      0.3662      -0.472710        0.151412             0.037482         2.955770
100      0.4377      -0.701980        0.551141             0.586506        19.245494
100      0.4271      -0.636582        0.357791             0.182260        40.934548
100      0.3888      -0.522256        0.200126             0.051938         6.739288
100      0.3224      -0.388436        0.079055             0.024516         0.959745
100      0.4035      -0.563276        0.249850             0.088888        17.866586
100      0.4159      -0.599160        0.405786             0.108422        15.863979
100      0.4859      -0.851258        0.210398             0.890362         0.562152
100      0.4724      -0.822102        0.245509             0.858564         1.029836
100      0.5027      -0.874478        0.389170             0.881742        45.207911
100      0.5271      -0.905656        0.175116             0.938874         0.248245
100      0.4606      -0.788270        0.445842             0.805558         4.125088
100      0.5848      -0.946634        0.110067             0.968478         0.083899
100      0.4497      -0.753060        0.364074             0.746282         6.802486
100      0.3696      -0.479252        0.172127             0.039020         2.506605
100      0.4286      -0.646246        0.458199             0.279554        90.574330
100      0.4392      -0.706150        0.400842             0.607946        13.341706
100      0.4054      -0.566238        0.305005             0.066550         9.599414
100      0.3911      -0.531014        0.161820             0.051196         4.710813
100      0.4175      -0.604938        0.265034             0.096258        17.404023
100      0.3310      -0.404308        0.113560             0.024744         1.249686
100      0.4880      -0.853422        0.214875             0.892276         0.630305
100      0.4742      -0.824748        0.316817             0.860218         1.191212
100      0.5055      -0.879878        0.214422             0.917484         0.349259
100      0.5318      -0.910660        0.152379             0.942592         0.200009
100      0.4622      -0.796748        0.277203             0.824022         2.161612
100      1.0000      -0.998478        0.005817             0.999224         0.001562
100      0.4512      -0.759692        0.315473             0.748926        14.956086
100      0.4301      -0.643870        0.388661             0.116808        26.343806
100      0.3728      -0.485184        0.154345             0.039586         4.019463
100      0.4072      -0.571826        0.315880             0.070146         9.600980
100      0.4407      -0.710556        0.658725             0.557074       107.705253
100      0.3933      -0.534182        0.182441             0.055488         8.025012
100      0.4192      -0.608052        0.248431             0.159308        35.456443
100      0.3381      -0.416840        0.104595             0.028644         1.233968
100      0.3758      -0.493624        0.152325             0.044724         4.228324
100      0.3442      -0.427814        0.136889             0.033054         1.887286
101      0.4528      -0.765213        0.276028             0.774148         3.427824
101      0.4760      -0.828168        0.265827             0.863225         1.010048
101      0.5085      -0.884055        0.150063             0.921633         0.257965
101      0.4639      -0.800396        0.346819             0.832207         1.428228
101      0.5372      -0.914089        0.202175             0.945368         0.229867
101      0.4902      -0.855836        0.271321             0.895532         0.725942
101      0.0000       0.004803        0.000000             0.027938         0.000000
101      0.4208      -0.614844        0.285335             0.150348        26.662785
101      0.3787      -0.500233        0.215185             0.046519         4.562597
101      0.4090      -0.576647        0.258155             0.065639        10.538589
101      0.4317      -0.656973        0.409333             0.237122        67.105277
101      0.3495      -0.438022        0.114777             0.031285         1.921435
101      0.4422      -0.720659        0.610265             0.647425        25.152265
101      0.3955      -0.542788        0.192049             0.058653         8.507883
101      0.4779      -0.833759        0.288687             0.871879         1.045160
101      0.5117      -0.887815        0.213731             0.924409         0.279796
101      0.5433      -0.921745        0.136141             0.951144         0.153361
101      0.4543      -0.767995        0.506682             0.761490        11.461463
101      0.4925      -0.860992        0.207769             0.899165         0.697689
101      0.4655      -0.806288        0.232896             0.837563         1.689546
101      0.4437      -0.730309        0.518737             0.691701         9.290111
101      0.4224      -0.619410        0.378305             0.083919        16.088086
101      0.4332      -0.659661        0.443053             0.105176        33.110254
101      0.3814      -0.508133        0.169196             0.049272         5.259927
101      0.4107      -0.584409        0.236186             0.088954        17.620812
101      0.2719      -0.309376        0.067892             0.016449         0.380925
101      0.3543      -0.448876        0.131066             0.032387         1.720686
101      0.3976      -0.548285        0.203246             0.056718         5.493326
101      0.4798      -0.835820        0.273767             0.873514         0.908612
101      0.4949      -0.865364        0.197417             0.904837         0.409791
101      0.5151      -0.892228        0.117740             0.928131         0.190883
101      0.5504      -0.891154        0.129827             0.412834        17.623361
101      0.4559      -0.778245        0.386630             0.794742         2.728834
101      0.4672      -0.809158        0.358326             0.842474         1.706166
101      0.4239      -0.626268        0.348741             0.108972        37.946237
101      0.4347      -0.671628        0.699888             0.349566       133.630716
101      0.4452      -0.712605        0.430756             0.388407        62.343060
101      0.3996      -0.550705        0.230974             0.060823         8.239435
101      0.3586      -0.459369        0.149220             0.036281         3.059931
101      0.4125      -0.588617        0.299150             0.114993        17.781013
101      0.3840      -0.512999        0.156856             0.049428         7.133989
101      0.2965      -0.347393        0.065532             0.018630         0.736340
101      0.4974      -0.868827        0.229408             0.907317         0.457551
101      0.4818      -0.841206        0.278844             0.879149         0.785199
101      0.5188      -0.896655        0.160379             0.931852         0.237657
101      0.5590      -0.931615        0.099718             0.958112         0.105308
101      0.4689      -0.814499        0.302647             0.849699         1.331572
101      0.4574      -0.779096        0.370263             0.790452         4.219034
101      0.4255      -0.629674        0.325433             0.108374        27.832882
101      0.4362      -0.673275        0.303854             0.128785        17.666161
101      0.4467      -0.745311        0.432975             0.740629         4.982463
101      0.4016      -0.557994        0.251287             0.067848         9.449349
101      0.3626      -0.465584        0.104677             0.036959         2.970500
101      0.4142      -0.593544        0.281767             0.081398        14.877915
101      0.3115      -0.370470        0.076631             0.023884         1.074176
101      0.3865      -0.519812        0.166968             0.047139         4.737033
101      0.5000      -0.871916        0.214302             0.910481         0.410542
101      0.4838      -0.845945        0.227199             0.885029         0.662077
101      0.4706      -0.818930        0.308219             0.856153         0.998647
101      0.5228      -0.901365        0.172777             0.935602         0.214018
101      0.5698      -0.938494        0.081675             0.962770         0.080969
101      0.4590      -0.784886        0.294746             0.802651         2.149621
101      0.4482      -0.746564        0.570855             0.733954         9.276494
101      0.4377      -0.678618        0.377850             0.131534        21.453351
101      0.4271      -0.635704        0.253569             0.126088        30.023884
101      0.4159      -0.597420        0.243430             0.097706        25.928213
101      0.3224      -0.390934        0.096598             0.022159         0.883403
101      0.4035      -0.560657        0.302661             0.063853        10.930664
101      0.3662      -0.472142        0.145974             0.039012         3.034021
101      0.3888      -0.524515        0.202155             0.055955         9.267737
101      0.5027      -0.877765        0.162272             0.916000         0.362203
101      0.4859      -0.851752        0.183036             0.891099         0.502858
101      0.4724      -0.822839        0.334638             0.857208         1.967171
101      0.5271      -0.905564        0.137960             0.938980         0.193874
101      0.4606      -0.790656        0.357956             0.815683         1.810079
101      0.5848      -0.913932        0.134403             0.184856        87.608302
101      0.4497      -0.751807        0.390855             0.720471        15.995819
101      0.4392      -0.695995        0.394183             0.512426        33.701198
101      0.4286      -0.641545        0.376230             0.136326        49.297394
101      0.4175      -0.604147        0.365397             0.094793        18.569396
101      0.3696      -0.479961        0.110197             0.039347         3.475771
101      0.4054      -0.570026        0.220154             0.086362        14.034670
101      0.3310      -0.402478        0.098839             0.026615         1.305871
101      0.3911      -0.528848        0.186379             0.046280         5.010742
101      0.5055      -0.881196        0.197674             0.919084         0.400272
101      0.4880      -0.851136        0.205051             0.890387         0.646354
101      0.4742      -0.827984        0.310186             0.862988         1.205229
101      1.0000      -0.973661        0.013928             0.120333        54.754019
101      0.5318      -0.875426        0.161650             0.286486        70.040107
101      0.4622      -0.798363        0.351720             0.829229         1.871195
101      0.4512      -0.765443        0.317469             0.771707         3.799434
101      0.4301      -0.653024        0.355993             0.194851        93.145518
101      0.4407      -0.713965        0.445129             0.631973        13.678946
101      0.4192      -0.612058        0.308938             0.121255        27.616456
101      0.4072      -0.571417        0.214241             0.071236        12.998816
101      0.3728      -0.486444        0.144811             0.034206         2.700776
101      0.3381      -0.416681        0.123834             0.026590         1.320677
101      0.3933      -0.535330        0.182758             0.055242         5.612047
101      0.3758      -0.494477        0.132491             0.042433         3.382028
101      0.3442      -0.428893        0.142806             0.029885         1.575741
102      0.4760      -0.829773        0.254924             0.868007         0.888236
102      0.5372      -0.913645        0.184078             0.944829         0.252735
102      0.4639      -0.802639        0.220473             0.834539         1.183335
102      0.4902      -0.856640        0.174163             0.895377         0.493225
102      0.4422      -0.719877        0.409990             0.666288        10.257982
102      0.0000      -0.007882        0.000000             0.006920         0.000000
102      0.4528      -0.770102        0.406205             0.787499         4.014029
102      0.4317      -0.660773        0.451708             0.356636        66.657077
102      0.5085      -0.849506        0.167002             0.117549        19.466736
102      0.3495      -0.438032        0.105364             0.028072         1.591693
102      0.3787      -0.499927        0.183763             0.045188         3.551331
102      0.4090      -0.577639        0.279384             0.070557        10.348838
102      0.4208      -0.615686        0.273345             0.099175        18.440973
102      0.3955      -0.540609        0.204816             0.050331         5.837447
102      0.4779      -0.832849        0.299095             0.869279         2.068254
102      0.4925      -0.862370        0.209779             0.901361         0.469705
102      0.4655      -0.805975        0.303969             0.838456         1.453086
102      0.5433      -0.920317        0.123825             0.950117         0.128750
102      0.4437      -0.726903        0.438596             0.650911        22.840327
102      0.5117      -0.888437        0.158656             0.925117         0.289846
102      0.2719      -0.310263        0.049342             0.018372         0.592344
102      0.4543      -0.771655        0.417682             0.782537         2.982648
102      0.4332      -0.660163        0.310149             0.153889        68.560169
102      0.3814      -0.508393        0.180117             0.041820         4.280079
102      0.3543      -0.448437        0.107826             0.033664         2.711234
102      0.4107      -0.583095        0.271608             0.070079        16.892519
102      0.4224      -0.621267        0.280808             0.122839        33.462572
102      0.3976      -0.545229        0.217086             0.064692        10.004411
102      0.4798      -0.838602        0.250037             0.877472         0.653910
102      0.4672      -0.810944        0.273169             0.842414         1.157981
102      0.5504      -0.913212        0.771316             0.808566       191.936270
102      0.4949      -0.865867        0.153827             0.904812         0.320562
102      0.5151      -0.893627        0.177684             0.929541         0.264015
102      0.4559      -0.779566        0.268299             0.801830         2.345895
102      0.4125      -0.585529        0.221984             0.057195         8.880126
102      0.4452      -0.733464        0.516024             0.700517        10.583700
102      0.3586      -0.456597        0.105872             0.028893         1.835543
102      0.4347      -0.686553        0.462140             0.555169        34.287705
102      0.2965      -0.347257        0.060385             0.021105         0.909310
102      0.4239      -0.625498        0.293183             0.112034        23.195445
102      0.3840      -0.512509        0.186216             0.046180         4.650479
102      0.3996      -0.551111        0.223710             0.060348         8.905238
102      0.4818      -0.809171        0.304449             0.404487       147.016080
102      0.4689      -0.814131        0.270563             0.847820         1.266097
102      0.4974      -0.833474        0.169339             0.087672        24.079990
102      0.5590      -0.931113        0.110710             0.957968         0.106596
102      0.5188      -0.862034        0.153716             0.319025        70.147717
102      0.4362      -0.673541        0.238267             0.309304        29.138971
102      0.4574      -0.780507        0.353595             0.797274         3.924656
102      0.4142      -0.594544        0.307660             0.081872        16.703510
102      0.3626      -0.467240        0.138497             0.041361         3.026667
102      0.4467      -0.745210        0.391872             0.733278         5.054623
102      0.4255      -0.632391        0.473151             0.144860        37.063816
102      0.3115      -0.371513        0.097771             0.021213         0.698798
102      0.4016      -0.558012        0.167751             0.075425        11.102481
102      0.3865      -0.516634        0.174651             0.044783         4.854714
102      0.4838      -0.846536        0.260217             0.885306         0.748620
102      0.5000      -0.872859        0.203767             0.911351         0.411083
102      0.5698      -0.939548        0.106976             0.963685         0.093062
102      0.4706      -0.819254        0.245938             0.855607         1.058234
102      0.4159      -0.598614        0.247333             0.084173        22.619422
102      0.5228      -0.899729        0.132145             0.934229         0.229260
102      0.4377      -0.704214        0.652669             0.608303        40.408746
102      0.4590      -0.786374        0.290602             0.809389         1.817436
102      0.4482      -0.725133        0.504116             0.383408       175.891444
102      0.3662      -0.472288        0.129702             0.037166         2.334836
102      0.4271      -0.636934        0.424341             0.171615        44.379844
102      0.3224      -0.390607        0.129965             0.021640         0.704517
102      0.4035      -0.564137        0.206978             0.086805        13.202314
102      0.3888      -0.525855        0.176829             0.049544         6.174360
102      0.4859      -0.850707        0.239029             0.889014         0.649300
102      0.5848      -0.947245        0.081263             0.968874         0.061707
102      0.5027      -0.877045        0.206235             0.914594         0.338116
102      0.4724      -0.822507        0.338687             0.857745         1.285602
102      0.5271      -0.905131        0.171375             0.938231         0.240547
102      0.4392      -0.704669        0.495611             0.586671        39.764650
102      0.4606      -0.793762        0.302374             0.821336         1.695116
102      0.4175      -0.604846        0.244018             0.104552        34.446720
102      0.4497      -0.756546        0.323250             0.759639         4.033776
102      0.3696      -0.480459        0.159475             0.034431         3.317774
102      0.4286      -0.641309        0.328109             0.107151        22.229857
102      0.4054      -0.567997        0.221206             0.083668        11.823531
102      0.3310      -0.402980        0.094904             0.025982         1.693140
102      0.3911      -0.529787        0.198782             0.054825        10.426263
102      0.4880      -0.853764        0.221201             0.893456         0.578327
102      1.0000      -0.998725        0.006304             0.999354         0.001666
102      0.5055      -0.879973        0.198281             0.917068         0.397452
102      0.4742      -0.825529        0.251973             0.861361         1.181410
102      0.5318      -0.899856        0.805585             0.834000       141.583512
102      0.4622      -0.793454        0.285888             0.820450         1.486217
102      0.4407      -0.715725        0.525648             0.616301        54.036091
102      0.4192      -0.614260        0.326911             0.108268        28.821609
102      0.4512      -0.761180        0.356132             0.764344         4.912851
102      0.3728      -0.488145        0.171846             0.034777         3.243534
102      0.4301      -0.652309        0.551403             0.192789       137.781353
102      0.4072      -0.575779        0.230811             0.077401        13.242990
102      0.3381      -0.417545        0.128316             0.028110         1.247449
102      0.3933      -0.536503        0.178133             0.044956         4.780822
102      0.3758      -0.493945        0.195537             0.044556         3.816722
102      0.3442      -0.428966        0.107482             0.027937         1.434240
103      0.4639      -0.802400        0.279177             0.832880         1.329040
103      0.4760      -0.830504        0.260031             0.868877         0.907692
103      0.4902      -0.858339        0.194184             0.896980         0.499561
103      0.5372      -0.913852        0.148334             0.944771         0.180402
103      0.4422      -0.723719        0.533795             0.679663        10.855595
103      0.4208      -0.613507        0.308351             0.102664        22.513748
103      0.4317      -0.657581        0.422027             0.256840        54.848759
103      0.4090      -0.577902        0.247790             0.069313        10.810894
103      0.0000      -0.000848        0.000000             0.004430         0.000000
103      0.5085      -0.850359        0.189304             0.064025        11.351367
103      0.4528      -0.768738        0.358284             0.777078         3.717480
103      0.3495      -0.438711        0.116227             0.029433         1.912763
103      0.3787      -0.502485        0.169007             0.043516         3.139143
103      0.3955      -0.540409        0.217938             0.056938         5.262511
103      0.4779      -0.837336        0.309667             0.876576         0.939705
103      0.4655      -0.802264        0.416693             0.830178         2.333138
103      0.4925      -0.859429        0.206830             0.898326         0.482105
103      0.4437      -0.732499        0.554943             0.700524        17.254254
103      0.5433      -0.919910        0.134509             0.949462         0.160366
103      0.4332      -0.670525        0.614913             0.362711       123.629339
103      0.4224      -0.621080        0.305171             0.165171        19.858979
103      0.5117      -0.887635        0.149580             0.923625         0.255835
103      0.2719      -0.307686        0.068286             0.019316         0.628962
103      0.3543      -0.449334        0.112535             0.033777         2.824699
103      0.4543      -0.773803        0.307932             0.790908         2.269194
103      0.4107      -0.585708        0.267450             0.102532        19.463334
103      0.3814      -0.507333        0.205995             0.051025         5.019922
103      0.3976      -0.547810        0.225126             0.054757         7.082083
103      0.4672      -0.808970        0.283756             0.839416         2.063224
103      0.4798      -0.838611        0.178752             0.877956         0.614298
103      0.4949      -0.864021        0.209799             0.902304         0.506633
103      0.5504      -0.926195        0.128778             0.954405         0.119838
103      0.4452      -0.738533        0.621245             0.718831        11.228961
103      0.4347      -0.672772        0.482152             0.289714       156.016084
103      0.4239      -0.630616        0.447052             0.155374        39.437038
103      0.5151      -0.891726        0.159782             0.928054         0.277799
103      0.3586      -0.457870        0.157157             0.037087         2.933234
103      0.2965      -0.346434        0.090230             0.018413         0.596680
103      0.4559      -0.779525        0.383417             0.799125         2.611638
103      0.4125      -0.589786        0.304229             0.063456         8.998360
103      0.3840      -0.512797        0.249417             0.054018         7.177065
103      0.3996      -0.551801        0.256462             0.061242         9.569980
103      0.4689      -0.815385        0.333531             0.851190         1.419286
103      0.4974      -0.870205        0.195338             0.909083         0.447645
103      0.4818      -0.841881        0.210310             0.880897         0.669874
103      0.4467      -0.741427        0.488383             0.710425        12.270009
103      0.5590      -0.932261        0.084321             0.958407         0.092092
103      0.4362      -0.678307        0.395611             0.350787       111.481810
103      0.5188      -0.896929        0.160232             0.932020         0.230916
103      0.4255      -0.630357        0.301856             0.148393        62.734556
103      0.4574      -0.781685        0.275467             0.803782         2.298528
103      0.3626      -0.465452        0.134649             0.036343         2.871828
103      0.3865      -0.518809        0.140762             0.046921         4.706940
103      0.3115      -0.372804        0.096657             0.017385         0.626881
103      0.4142      -0.595144        0.320853             0.084824        16.973990
103      0.4016      -0.557772        0.232869             0.076314        14.850159
103      0.4706      -0.786687        0.294414             0.241086       318.673998
103      0.5000      -0.872842        0.197245             0.912044         0.357898
103      0.4838      -0.846928        0.257081             0.885358         0.710992
103      0.4482      -0.748610        0.452517             0.729092         9.809948
103      0.5698      -0.939745        0.145224             0.963789         0.125079
103      0.5228      -0.900543        0.179627             0.934529         0.244740
103      0.4377      -0.687859        0.551399             0.480862        38.207579
103      0.4590      -0.784240        0.258255             0.803714         2.772034
103      0.3662      -0.472774        0.146174             0.035313         2.546405
103      0.4271      -0.642351        0.304877             0.275323        44.254273
103      0.3888      -0.524440        0.173308             0.044138         4.866335
103      0.4159      -0.599384        0.259967             0.112599        22.891469
103      0.3224      -0.389601        0.078632             0.023376         1.073471
103      0.4035      -0.562543        0.191036             0.057708         6.368190
103      0.4724      -0.821538        0.229148             0.858021         1.014535
103      0.5027      -0.877726        0.190071             0.915253         0.355403
103      0.4859      -0.850436        0.314864             0.889443         0.780113
103      0.4497      -0.756680        0.430970             0.754885         5.533808
103      0.5848      -0.947315        0.107707             0.968877         0.102613
103      0.5271      -0.904604        0.111154             0.938190         0.180070
103      0.4392      -0.695755        0.606738             0.432480       115.669873
103      0.4606      -0.794382        0.329153             0.823018         1.760490
103      0.3696      -0.480794        0.134557             0.037216         2.743768
103      0.4286      -0.647920        0.419340             0.282255        50.124937
103      0.3911      -0.529763        0.218411             0.056388         6.443515
103      0.4175      -0.605737        0.306580             0.103542        22.874296
103      0.4054      -0.567164        0.232390             0.076618        11.714487
103      0.3310      -0.405233        0.116197             0.025130         1.357332
103      0.5055      -0.879668        0.200995             0.917476         0.336692
103      0.4742      -0.789128        0.191851             0.176831        21.896694
103      0.4880      -0.818317        0.205101             0.189677        41.268719
103      1.0000      -0.998469        0.005326             0.999218         0.001427
103      0.4512      -0.758656        0.404897             0.756757         6.257355
103      0.5318      -0.911750        0.139286             0.943593         0.186828
103      0.4407      -0.715242        0.521154             0.626432        35.414245
103      0.4622      -0.798381        0.420116             0.827118         2.259138
103      0.4301      -0.647490        0.359736             0.142732        30.844364
103      0.3728      -0.488517        0.171593             0.038933         2.830503
103      0.3933      -0.535683        0.179681             0.053338         6.876176
103      0.4192      -0.610289        0.315271             0.101746        22.809531
103      0.4072      -0.573730        0.310147             0.096111        16.108186
103      0.3381      -0.417770        0.129643             0.028864         1.407026
103      0.3758      -0.493181        0.195140             0.044781         4.390236
103      0.3442      -0.427179        0.142443             0.027880         1.810074
104      0.4760      -0.825435        0.401046             0.825607        51.055672
104      0.4902      -0.857117        0.219727             0.895760         0.607588
104      0.5085      -0.885287        0.190482             0.922047         0.319041
104      0.5372      -0.913750        0.145476             0.940166         3.402252
104      0.4528      -0.763299        0.472030             0.751163        17.013817
104      0.3787      -0.500141        0.158123             0.046100         4.167570
104      0.4639      -0.802824        0.306214             0.834270         1.911085
104      0.4422      -0.717661        0.423388             0.614741        22.297805
104      0.0000      -0.015533        0.000000             0.011649         0.000000
104      0.3495      -0.439273        0.117960             0.032911         2.557705
104      0.4090      -0.577918        0.291660             0.085063        18.251671
104      0.3955      -0.542537        0.219709             0.054281         7.074893
104      0.4317      -0.671381        0.395775             0.463081        31.930156
104      0.4208      -0.615473        0.289035             0.139196        39.443708
104      0.4779      -0.832139        0.281511             0.869314         1.061229
104      0.5433      -0.919501        0.149368             0.949406         0.168561
104      0.4925      -0.861385        0.219001             0.901074         0.506554
104      0.5117      -0.887483        0.173993             0.924013         0.285470
104      0.4655      -0.806150        0.298188             0.837692         1.807088
104      0.4543      -0.771281        0.373086             0.784602         4.420469
104      0.3976      -0.548064        0.189108             0.063767        10.229812
104      0.3543      -0.449575        0.155597             0.027816         1.478946
104      0.4332      -0.667925        0.612564             0.353685       114.106258
104      0.3814      -0.504930        0.154665             0.041021         3.971763
104      0.4107      -0.583560        0.256295             0.057245         8.785129
104      0.4437      -0.730403        0.351064             0.698859         7.806431
104      0.2719      -0.310312        0.043002             0.017790         0.585557
104      0.4224      -0.622653        0.333153             0.144005        42.270481
104      0.4798      -0.837805        0.242721             0.876228         0.744993
104      0.5504      -0.926209        0.110818             0.954442         0.116224
104      0.5151      -0.892291        0.193660             0.928676         0.281129
104      0.4672      -0.809355        0.337106             0.843663         1.245747
104      0.3996      -0.554460        0.243473             0.062886        10.911910
104      0.4949      -0.865246        0.215217             0.903421         0.484878
104      0.4125      -0.587311        0.339944             0.045301         5.200445
104      0.3840      -0.512443        0.193283             0.044758         6.239489
104      0.3586      -0.457639        0.138809             0.030429         2.004220
104      0.4559      -0.776119        0.440237             0.779375         9.834875
104      0.4347      -0.668852        0.338151             0.208304        41.739544
104      0.2965      -0.349601        0.053706             0.019277         0.749411
104      0.4452      -0.739430        0.344821             0.717644         7.691992
104      0.4239      -0.627154        0.299275             0.102770        16.298295
104      0.4818      -0.842929        0.251963             0.880815         0.731292
104      0.5590      -0.932424        0.107976             0.958807         0.115154
104      0.4974      -0.868410        0.236913             0.907136         0.401849
104      0.4689      -0.813822        0.257234             0.846176         1.086710
104      0.3626      -0.464098        0.135036             0.033685         2.579471
104      0.5188      -0.872731        0.891318             0.633974       290.075095
104      0.4574      -0.783935        0.359009             0.809031         2.566578
104      0.4362      -0.684251        0.415952             0.411463        60.612787
104      0.3865      -0.519295        0.246829             0.058336         7.058652
104      0.4467      -0.740268        0.677719             0.713656        12.985294
104      0.3115      -0.371773        0.068230             0.021588         0.970600
104      0.4255      -0.635168        0.249333             0.150059        61.318620
104      0.4016      -0.557544        0.253882             0.070372        11.517562
104      0.4142      -0.595551        0.219673             0.097825        19.370476
104      0.4838      -0.844693        0.267445             0.883110         0.785577
104      0.5000      -0.872126        0.195070             0.910649         0.419237
104      0.5698      -0.905919        0.125579             0.331082        41.804044
104      0.4706      -0.818894        0.347777             0.855168         1.227860
104      0.4590      -0.786121        0.385270             0.805782         2.568442
104      0.5228      -0.866982        0.199679             0.083870         8.792629
104      0.3662      -0.471977        0.144224             0.039606         2.938102
104      0.4377      -0.691820        0.493290             0.469652        99.766963
104      0.3888      -0.524377        0.177051             0.047400         5.264864
104      0.4482      -0.744615        0.523375             0.719996        10.957347
104      0.3224      -0.388352        0.070781             0.025655         1.411518
104      0.4271      -0.635157        0.308304             0.108715        35.553184
104      0.4035      -0.561892        0.257781             0.054179         7.735001
104      0.4159      -0.600372        0.339230             0.099209        21.215431
104      0.4859      -0.848750        0.250187             0.888299         0.748272
104      0.5027      -0.877027        0.164130             0.914817         0.300573
104      0.4724      -0.822025        0.255639             0.859295         1.000563
104      0.4606      -0.792990        0.340118             0.817611         2.108250
104      0.5848      -0.915011        0.093398             0.310484        70.437575
104      0.5271      -0.907482        0.130147             0.940078         0.192872
104      0.4392      -0.695070        0.580492             0.401200        58.697500
104      0.3696      -0.478752        0.137207             0.032208         2.599274
104      0.4497      -0.748365        0.439887             0.693680        18.751441
104      0.3911      -0.529185        0.206060             0.048994         5.540023
104      0.3310      -0.407126        0.103150             0.027496         1.529744
104      0.4286      -0.646562        0.356559             0.169259        54.285820
104      0.4054      -0.570697        0.209544             0.063297         9.816979
104      0.4175      -0.606727        0.306750             0.099390        23.640836
104      0.4880      -0.853467        0.182246             0.893332         0.454114
104      0.5055      -0.880422        0.192685             0.918241         0.330135
104      0.4742      -0.826370        0.281016             0.861594         1.076991
104      1.0000      -0.998539        0.006788             0.999253         0.001815
104      0.4622      -0.794000        0.313857             0.819495         2.607808
104      0.5318      -0.909922        0.175978             0.941914         0.213858
104      0.4407      -0.708064        0.426956             0.611686        12.646705
104      0.4512      -0.761418        0.353749             0.767302         4.256629
104      0.3728      -0.485669        0.163591             0.036119         3.071436
104      0.3933      -0.533830        0.183685             0.044935         6.012161
104      0.4301      -0.645081        0.420127             0.254573        61.936354
104      0.3381      -0.418576        0.110196             0.029922         1.543663
104      0.4072      -0.572483        0.199553             0.077396        15.039307
104      0.4192      -0.611309        0.386708             0.139898        49.288104
104      0.3758      -0.491217        0.130365             0.036252         3.112943
104      0.3442      -0.429959        0.121511             0.027230         1.931220
105      0.5085      -0.848390        0.191194             0.188058        60.831433
105      0.5372      -0.914338        0.156961             0.945537         0.181958
105      0.4639      -0.799175        0.344523             0.823436         2.872491
105      0.4528      -0.766565        0.405225             0.774574         5.340194
105      0.4902      -0.854326        0.261371             0.894055         0.641216
105      0.4760      -0.830552        0.233507             0.869618         0.755390
105      0.3955      -0.539880        0.218579             0.055265         6.326956
105      0.4422      -0.721602        0.491164             0.669932        12.106963
105      0.0000       0.004989        0.000000             0.006621         0.000000
105      0.3495      -0.439764        0.135570             0.029611         1.563816
105      0.4208      -0.616617        0.325493             0.107091        25.186988
105      0.4317      -0.651991        0.418486             0.110984        26.839157
105      0.3787      -0.499458        0.160305             0.040820         2.878115
105      0.4090      -0.576918        0.237705             0.066079         9.579731
105      0.4655      -0.804528        0.285320             0.830995         3.038518
105      0.5433      -0.887256        0.140445             0.333527        34.795292
105      0.4925      -0.857025        0.461529             0.857039        39.069229
105      0.4779      -0.835775        0.254579             0.873070         0.986780
105      0.5117      -0.888011        0.144553             0.924833         0.240825
105      0.4543      -0.769722        0.446210             0.779162         4.361944
105      0.4437      -0.732635        0.452431             0.696181        14.264317
105      0.4224      -0.619726        0.285945             0.100171        17.647195
105      0.3976      -0.546295        0.202653             0.053299         6.829358
105      0.2719      -0.309165        0.042127             0.019080         0.558815
105      0.3543      -0.449917        0.160553             0.029874         1.958801
105      0.3814      -0.505058        0.213878             0.039414         5.630043
105      0.4332      -0.660330        0.375997             0.163877        77.284836
105      0.4107      -0.584677        0.235293             0.084488        16.109822
105      0.4672      -0.810260        0.256976             0.842434         1.180612
105      0.4949      -0.865283        0.187293             0.903652         0.381513
105      0.4452      -0.737527        0.434363             0.708844         9.688909
105      0.5151      -0.892747        0.181912             0.928288         0.277425
105      0.5504      -0.893907        0.125050             0.094206        21.062271
105      0.4559      -0.776408        0.298800             0.784426         5.154244
105      0.4798      -0.838647        0.294636             0.877426         0.914499
105      0.4239      -0.628395        0.270325             0.129379        33.783223
105      0.3586      -0.456874        0.138675             0.030476         2.347352
105      0.3996      -0.552288        0.262226             0.059744         6.396049
105      0.2965      -0.346253        0.082066             0.019712         0.646992
105      0.3840      -0.513569        0.193031             0.042748         3.906743
105      0.4347      -0.673970        0.355755             0.303450        84.463813
105      0.4125      -0.588994        0.232780             0.116521        17.200140
105      0.4689      -0.814581        0.285424             0.849205         1.563718
105      0.4574      -0.780435        0.271404             0.796796         4.524244
105      0.5590      -0.931681        0.125815             0.958384         0.111886
105      0.4974      -0.868894        0.196756             0.908118         0.359737
105      0.5188      -0.896980        0.201716             0.931793         0.319001
105      0.4467      -0.740283        0.429224             0.712419         8.960575
105      0.4818      -0.841921        0.245623             0.881065         0.886948
105      0.4255      -0.630984        0.367481             0.085371        26.769697
105      0.3626      -0.466248        0.140938             0.035632         2.786241
105      0.4016      -0.559556        0.233794             0.058315         8.465191
105      0.4362      -0.691340        0.558565             0.522596        36.429906
105      0.3865      -0.517807        0.202133             0.045010         5.518973
105      0.3115      -0.371632        0.087990             0.023367         0.996777
105      0.4142      -0.591929        0.239464             0.074342        20.498323
105      0.4706      -0.816328        0.379167             0.847122         2.667499
105      0.4590      -0.790061        0.323273             0.818112         2.138500
105      0.5000      -0.872639        0.210171             0.911360         0.383913
105      0.4482      -0.750668        0.387347             0.731895        12.147315
105      0.4838      -0.845678        0.280027             0.883802         0.755651
105      0.5228      -0.900399        0.195468             0.934824         0.248359
105      0.5698      -0.938259        0.128045             0.962875         0.113708
105      0.4271      -0.643019        0.403318             0.235766        78.584809
105      0.3662      -0.473939        0.113006             0.036325         2.774393
105      0.4035      -0.562235        0.235660             0.071859        13.564988
105      0.3888      -0.525342        0.250427             0.054456         5.819101
105      0.4377      -0.680359        0.308571             0.157858        26.210525
105      0.3224      -0.387410        0.098060             0.025117         1.276683
105      0.4159      -0.603479        0.281068             0.081132        19.235911
105      0.4724      -0.822980        0.279190             0.859505         1.104549
105      0.4497      -0.755828        0.293214             0.751233         4.750150
105      0.5027      -0.876733        0.227974             0.915351         0.398925
105      0.4859      -0.849003        0.168393             0.888430         0.514179
105      0.4606      -0.791646        0.326483             0.817059         2.697021
105      0.5848      -0.947610        0.077224             0.969205         0.058341
105      0.5271      -0.905119        0.199133             0.938514         0.277227
105      0.4286      -0.644858        0.317719             0.190910        63.540408
105      0.4054      -0.568151        0.182442             0.059449         7.999456
105      0.3696      -0.479987        0.164678             0.041161         4.362697
105      0.3911      -0.529402        0.189124             0.049810         6.750046
105      0.4392      -0.700689        0.503164             0.498483        71.017441
105      0.3310      -0.405176        0.086399             0.026084         1.632067
105      0.4175      -0.605629        0.210836             0.110485        13.451728
105      0.4880      -0.854409        0.237577             0.892695         0.659509
105      0.4512      -0.762705        0.313394             0.772279         2.990227
105      0.5055      -0.880795        0.231840             0.918306         0.400972
105      0.4742      -0.828455        0.238162             0.866525         0.913420
105      1.0000      -0.974826        0.008457             0.442667        26.607748
105      0.4622      -0.796200        0.311352             0.823149         2.107498
105      0.5318      -0.910075        0.150351             0.942463         0.193067
105      0.4301      -0.647173        0.395292             0.126057        52.670150
105      0.4072      -0.571878        0.259422             0.056109         8.494692
105      0.3728      -0.486259        0.196286             0.032789         2.619348
105      0.3933      -0.535251        0.228365             0.058278         9.880357
105      0.4407      -0.710543        0.683007             0.569602        94.536402
105      0.4192      -0.613644        0.291290             0.098144        29.697585
105      0.3381      -0.417676        0.120170             0.030014         1.973810
105      0.3758      -0.493939        0.205681             0.040283         3.013715
105      0.3442      -0.427748        0.101809             0.029273         1.772561
106      0.5372      -0.914144        0.170939             0.945758         0.202050
106      0.4760      -0.829867        0.276304             0.866210         1.178501
106      0.4902      -0.858845        0.206617             0.897180         0.621889
106      0.4422      -0.722305        0.400770             0.657916        18.126502
106      0.5085      -0.884073        0.205812             0.921707         0.317795
106      0.3787      -0.499897        0.157541             0.045509         4.272459
106      0.4639      -0.800504        0.325748             0.829400         2.440505
106      0.4208      -0.613218        0.338398             0.076565        13.747351
106      0.4528      -0.769165        0.438164             0.778996         4.469674
106      0.3955      -0.540198        0.197421             0.050657         6.801008
106      0.4317      -0.655755        0.303756             0.173982        29.667364
106      0.0000       0.002848        0.000000             0.001424         0.000000
106      0.4090      -0.580062        0.269259             0.068181        11.612068
106      0.3495      -0.439260        0.138372             0.033419         2.314641
106      0.4779      -0.835951        0.264760             0.874980         0.746485
106      0.4655      -0.807554        0.401527             0.837542         2.009638
106      0.4543      -0.770796        0.403870             0.779963         4.462915
106      0.5433      -0.896572        0.827323             0.599633       389.088009
106      0.3814      -0.506429        0.185064             0.042127         3.788502
106      0.4925      -0.861180        0.293704             0.900751         0.624696
106      0.4224      -0.619429        0.380171             0.097980        20.902148
106      0.5117      -0.854025        0.215712             0.209220        19.196732
106      0.4437      -0.725853        0.461709             0.656255        27.564432
106      0.4332      -0.667588        0.419097             0.301517       109.552095
106      0.3976      -0.547998        0.234518             0.064539        10.644990
106      0.4107      -0.584664        0.283333             0.093067        20.961830
106      0.2719      -0.309813        0.048774             0.017682         0.423956
106      0.3543      -0.448074        0.124749             0.029881         2.251959
106      0.4798      -0.837193        0.230246             0.876123         0.752483
106      0.4672      -0.810415        0.208210             0.841921         1.344273
106      0.4949      -0.864658        0.207409             0.902611         0.471427
106      0.5504      -0.925619        0.137020             0.954078         0.137200
106      0.4559      -0.776456        0.297586             0.789341         2.869593
106      0.4239      -0.626155        0.303430             0.114491        21.981172
106      0.5151      -0.892592        0.174037             0.928092         0.285594
106      0.3840      -0.511983        0.202217             0.044826         5.572942
106      0.3996      -0.552670        0.232883             0.061999         9.592035
106      0.4452      -0.724217        0.531592             0.612367        33.665979
106      0.3586      -0.457325        0.160886             0.031657         2.350883
106      0.4347      -0.666198        0.313314             0.223314        59.330075
106      0.4125      -0.590093        0.284751             0.087601        17.322747
106      0.2965      -0.346677        0.067292             0.022727         0.725716
106      0.4818      -0.842229        0.240552             0.881136         0.779237
106      0.4689      -0.814131        0.235998             0.849299         1.110934
106      0.4974      -0.868676        0.236504             0.906990         0.478929
106      0.5590      -0.931746        0.137772             0.958466         0.139775
106      0.4574      -0.782501        0.307637             0.797211         4.182291
106      0.4255      -0.633775        0.337329             0.159726        66.956795
106      0.5188      -0.896385        0.165019             0.931032         0.273983
106      0.4362      -0.674544        0.343731             0.237768        66.717975
106      0.4016      -0.559747        0.243066             0.067828         9.185281
106      0.4467      -0.744494        0.334050             0.705516        12.172854
106      0.3865      -0.517969        0.196627             0.046518         4.769867
106      0.3626      -0.465543        0.150074             0.035792         2.758944
106      0.4142      -0.594037        0.251615             0.092083        21.823273
106      0.3115      -0.372154        0.076194             0.018031         0.801630
106      0.4838      -0.845643        0.232350             0.884098         0.848042
106      0.4706      -0.818907        0.280133             0.854578         0.980190
106      0.5000      -0.871634        0.334095             0.887371        33.702116
106      0.4271      -0.639957        0.357013             0.140644        58.451599
106      0.5228      -0.899872        0.165649             0.934699         0.212156
106      0.5698      -0.939500        0.094501             0.963608         0.095139
106      0.4590      -0.787679        0.343789             0.808334         3.891078
106      0.4035      -0.563005        0.186662             0.065602         8.951461
106      0.4482      -0.750226        0.357145             0.734268         9.630445
106      0.4377      -0.689683        0.339158             0.482741        22.337677
106      0.3888      -0.523355        0.241980             0.047188         6.253668
106      0.3662      -0.471417        0.154463             0.031396         2.176496
106      0.4159      -0.597698        0.264808             0.085028        18.677227
106      0.3224      -0.389486        0.101807             0.021225         0.985632
106      0.4859      -0.849705        0.227069             0.888521         0.714454
106      0.4724      -0.821622        0.210671             0.859439         0.684030
106      0.5027      -0.875974        0.192610             0.914794         0.346949
106      0.5271      -0.905548        0.168329             0.939115         0.232414
106      0.5848      -0.947702        0.082222             0.969074         0.060137
106      0.4286      -0.641477        0.298771             0.121737        31.271601
106      0.4606      -0.791922        0.310834             0.811139         2.392060
106      0.4497      -0.750489        0.482945             0.727246         9.560186
106      0.4392      -0.687520        0.401293             0.197175        85.478577
106      0.4054      -0.567536        0.252041             0.059753         7.869147
106      0.3911      -0.531374        0.156210             0.051600         6.160737
106      0.3696      -0.480904        0.160645             0.034505         2.507827
106      0.4175      -0.602462        0.294901             0.075328        11.176565
106      0.3310      -0.405561        0.074564             0.025580         1.405215
106      0.4880      -0.850447        0.346196             0.860522        26.135835
106      0.4742      -0.826150        0.252128             0.861883         1.346755
106      0.5055      -0.880605        0.246161             0.918642         0.397671
106      0.5318      -0.876296        0.134087             0.063749         8.989386
106      1.0000      -0.998624        0.005192             0.999304         0.001353
106      0.4301      -0.649925        0.309605             0.248409        49.630266
106      0.4622      -0.795842        0.336576             0.823658         2.325259
106      0.4512      -0.766063        0.306672             0.778505         2.916919
106      0.4407      -0.711095        0.607128             0.561139        87.720552
106      0.4072      -0.574176        0.244210             0.080812        14.008121
106      0.3933      -0.535878        0.212826             0.062108         8.159700
106      0.3728      -0.486641        0.202914             0.041404         3.713482
106      0.4192      -0.610927        0.310126             0.097618        22.638433
106      0.3381      -0.417672        0.106062             0.027747         1.679176
106      0.3758      -0.492531        0.144402             0.037686         3.836465
106      0.3442      -0.429964        0.113522             0.029726         1.520554
107      0.4760      -0.830008        0.252754             0.868057         0.864081
107      0.4902      -0.855762        0.198147             0.894190         0.522932
107      0.4528      -0.766004        0.378356             0.769914         5.269963
107      0.4317      -0.669218        0.377879             0.465035        45.458433
107      0.4639      -0.801775        0.265069             0.831543         1.685871
107      0.5085      -0.882718        0.194413             0.920849         0.312716
107      0.4090      -0.576181        0.225463             0.060697         9.473520
107      0.5372      -0.915530        0.113213             0.946294         0.152745
107      0.4208      -0.611086        0.322680             0.071175        13.050936
107      0.4422      -0.725594        0.518256             0.672808        20.294651
107      0.3495      -0.440919        0.137000             0.028153         1.645901
107      0.3955      -0.540524        0.241599             0.054144         7.705180
107      0.0000       0.000961        0.000000             0.006551         0.000000
107      0.3787      -0.499907        0.200795             0.032829         4.000098
107      0.4779      -0.834001        0.240580             0.871285         1.140987
107      0.4655      -0.807655        0.288362             0.840133         1.685047
107      0.4925      -0.860512        0.181738             0.899600         0.440489
107      0.4543      -0.770548        0.375544             0.776927         5.973189
107      0.3543      -0.447456        0.097970             0.036592         2.651952
107      0.5433      -0.920648        0.150793             0.950242         0.166711
107      0.4107      -0.581897        0.284047             0.068981        11.960226
107      0.3814      -0.505604        0.193365             0.039563         4.098569
107      0.4332      -0.658809        0.448592             0.076498        36.311906
107      0.4437      -0.725503        0.355788             0.650086        18.594529
107      0.5117      -0.863026        0.714262             0.543012       320.247050
107      0.2719      -0.310672        0.048936             0.016919         0.412482
107      0.4224      -0.621813        0.384110             0.086306        19.909007
107      0.3976      -0.547148        0.179717             0.065773         7.820974
107      0.4798      -0.838412        0.265231             0.875961         0.991255
107      0.4672      -0.812019        0.348092             0.844133         1.499451
107      0.4949      -0.864634        0.226057             0.903890         0.459096
107      0.5504      -0.925945        0.119050             0.954192         0.146269
107      0.5151      -0.892008        0.194988             0.927974         0.284211
107      0.4125      -0.587702        0.246805             0.082881        19.047974
107      0.4452      -0.731089        0.526424             0.637476        40.520387
107      0.4559      -0.775858        0.450417             0.794593         3.945003
107      0.3586      -0.458842        0.178896             0.033654         1.986684
107      0.4347      -0.676082        0.666904             0.332473       239.703887
107      0.3840      -0.510705        0.198843             0.043969         4.692578
107      0.4239      -0.625658        0.353515             0.110245        25.141091
107      0.3996      -0.553381        0.212394             0.060342         9.025717
107      0.2965      -0.347108        0.060474             0.019871         0.708268
107      0.4818      -0.841570        0.245526             0.880320         0.756375
107      0.4974      -0.867194        0.265849             0.906341         0.634459
107      0.5590      -0.900003        0.165184             0.394710       175.555903
107      0.4689      -0.814770        0.306855             0.849667         1.370640
107      0.5188      -0.896284        0.230184             0.931723         0.373873
107      0.4574      -0.781630        0.406858             0.797271         3.475998
107      0.4142      -0.592635        0.322858             0.092972        16.422562
107      0.3626      -0.465641        0.137795             0.033970         2.850288
107      0.3865      -0.518508        0.220186             0.043240         4.463055
107      0.4467      -0.742926        0.455814             0.718265        11.699189
107      0.4016      -0.557168        0.246901             0.059983         8.260923
107      0.4362      -0.691082        0.546386             0.548044        50.613980
107      0.3115      -0.371578        0.085531             0.019970         0.761918
107      0.4255      -0.632796        0.370863             0.163834        42.470395
107      0.4838      -0.811105        0.195723             0.227276        82.703520
107      0.5000      -0.872345        0.163831             0.910859         0.343517
107      0.5698      -0.907133        0.157960             0.075694        29.048782
107      0.4706      -0.783048        0.277719             0.171098        33.229408
107      0.4590      -0.787957        0.281473             0.815058         1.970682
107      0.5228      -0.901569        0.129677             0.935530         0.232825
107      0.4482      -0.745033        0.457774             0.687510        33.476380
107      0.4159      -0.598155        0.247568             0.105742        26.008073
107      0.3662      -0.474669        0.150522             0.032777         2.778631
107      0.4377      -0.684173        0.746936             0.297949       308.706596
107      0.3888      -0.524545        0.230124             0.043209         5.062122
107      0.3224      -0.389821        0.096595             0.023043         0.962119
107      0.4271      -0.642371        0.368792             0.277967        54.369359
107      0.4035      -0.564177        0.221272             0.072162         9.675836
107      0.4859      -0.847655        0.297020             0.887008         0.608352
107      0.5027      -0.875395        0.175870             0.913475         0.366135
107      0.5848      -0.948058        0.115179             0.969489         0.086103
107      0.4724      -0.820807        0.232644             0.855614         0.953909
107      0.4606      -0.793123        0.401963             0.822465         2.500566
107      0.5271      -0.905482        0.146113             0.939078         0.228682
107      0.4497      -0.752275        0.352185             0.727208         8.664736
107      0.4286      -0.642736        0.315312             0.127353        45.236619
107      0.4392      -0.697977        0.644480             0.519284        76.202455
107      0.4054      -0.567091        0.225201             0.068586        11.915370
107      0.3911      -0.529047        0.211072             0.039977         3.140323
107      0.3696      -0.479196        0.127108             0.034878         3.104434
107      0.4175      -0.603434        0.358386             0.100990        23.885660
107      0.3310      -0.404428        0.092078             0.025819         1.321187
107      0.4880      -0.853804        0.256670             0.893425         0.505710
107      0.5055      -0.879979        0.167115             0.918208         0.313931
107      1.0000      -0.974214        0.011335             0.411978        90.036511
107      0.4742      -0.826268        0.252830             0.861583         1.140775
107      0.4622      -0.796075        0.374684             0.822339         2.409989
107      0.5318      -0.909365        0.174132             0.941612         0.246286
107      0.4512      -0.762208        0.449406             0.771536         5.158536
107      0.4072      -0.568818        0.252376             0.070745        10.569477
107      0.4301      -0.653608        0.370173             0.288570        87.015629
107      0.4407      -0.716503        0.418518             0.655331        15.636400
107      0.3728      -0.487176        0.144326             0.036536         2.495860
107      0.3933      -0.533886        0.187426             0.050523         6.616790
107      0.4192      -0.609189        0.370565             0.098865        28.471152
107      0.3381      -0.418512        0.098491             0.024261         1.787725
107      0.3758      -0.495154        0.169406             0.039990         4.634290
107      0.3442      -0.427940        0.091867             0.027524         1.632492
108      0.4902      -0.858831        0.241063             0.897901         0.587680
108      0.5372      -0.883179        0.167232             0.356394       257.578235
108      0.4760      -0.829686        0.295038             0.866540         1.234571
108      0.4639      -0.800509        0.291275             0.830223         1.637031
108      0.5085      -0.884347        0.165798             0.921619         0.301969
108      0.4208      -0.617560        0.262423             0.130698        28.180769
108      0.4528      -0.763700        0.365769             0.764575         4.151235
108      0.0000      -0.004287        0.000000             0.002058         0.000000
108      0.4090      -0.577747        0.231361             0.080753        11.128774
108      0.4422      -0.717889        0.553992             0.643908        22.260365
108      0.4317      -0.660376        0.322822             0.267668        34.897199
108      0.3787      -0.500123        0.207767             0.044585         5.486373
108      0.3955      -0.541936        0.238399             0.047848         5.631164
108      0.3495      -0.439256        0.138776             0.026111         1.579165
108      0.4779      -0.832745        0.309617             0.872015         0.954336
108      0.4925      -0.861241        0.267795             0.900067         0.579254
108      0.4655      -0.807828        0.356206             0.841927         1.525761
108      0.5117      -0.854976        0.210448             0.368945        23.296870
108      0.4543      -0.770991        0.454102             0.775811         7.102914
108      0.5433      -0.919453        0.158536             0.949264         0.167963
108      0.4437      -0.728453        0.494238             0.675677        17.814579
108      0.4224      -0.619270        0.334588             0.075334        16.291826
108      0.2719      -0.308891        0.060373             0.018129         0.479184
108      0.3814      -0.506595        0.208704             0.042046         4.096928
108      0.4332      -0.663956        0.527994             0.255744       135.350045
108      0.3976      -0.546005        0.192570             0.048572         5.255078
108      0.4107      -0.585050        0.313325             0.094072        19.217913
108      0.3543      -0.448191        0.162945             0.030487         2.379441
108      0.4798      -0.837493        0.274593             0.875475         0.812865
108      0.4672      -0.810874        0.412601             0.841867         1.660206
108      0.4949      -0.865617        0.243525             0.904321         0.516475
108      0.5151      -0.892087        0.226530             0.927382         0.314599
108      0.5504      -0.926187        0.114117             0.954215         0.106421
108      0.4559      -0.775689        0.395228             0.788575         3.730723
108      0.4239      -0.623162        0.283786             0.085062        15.228473
108      0.4452      -0.732073        0.569203             0.669179        23.610127
108      0.2965      -0.348004        0.075399             0.021039         0.748794
108      0.3840      -0.512579        0.161387             0.046507         6.536564
108      0.4347      -0.685605        0.583610             0.533807        21.592187
108      0.3996      -0.554033        0.272641             0.057728         8.606783
108      0.3586      -0.456696        0.127281             0.030322         2.146396
108      0.4125      -0.590809        0.307903             0.085369        16.846044
108      0.4974      -0.868050        0.177903             0.906600         0.354980
108      0.4689      -0.813726        0.322959             0.847791         1.525369
108      0.4818      -0.843121        0.279933             0.882430         0.780521
108      0.5590      -0.931787        0.159641             0.958222         0.155946
108      0.5188      -0.895194        0.149534             0.930535         0.249689
108      0.4467      -0.735969        0.608076             0.663328        41.616071
108      0.4574      -0.781644        0.408722             0.799424         3.775255
108      0.4255      -0.633951        0.450241             0.107361        34.878044
108      0.4016      -0.558728        0.280931             0.065537         8.232242
108      0.3115      -0.372243        0.082128             0.022136         0.951378
108      0.3626      -0.465466        0.154854             0.033457         2.899073
108      0.3865      -0.520103        0.197529             0.047798         5.067909
108      0.4362      -0.679112        0.575922             0.268603       184.920720
108      0.4142      -0.593359        0.274507             0.102553        27.851692
108      0.4838      -0.845664        0.210781             0.884468         0.741836
108      0.5000      -0.870670        0.236893             0.909774         0.475272
108      0.4706      -0.816567        0.302415             0.849655         1.841331
108      0.5698      -0.939215        0.130173             0.963484         0.110249
108      0.5228      -0.901838        0.135853             0.936151         0.225582
108      0.4482      -0.750321        0.467611             0.743320         4.588479
108      0.4590      -0.787294        0.323128             0.806533         3.673867
108      0.4271      -0.641025        0.328815             0.116646        35.123398
108      0.4377      -0.689390        0.624495             0.450432        61.937676
108      0.4035      -0.562195        0.275937             0.069482        12.859060
108      0.3224      -0.388236        0.088776             0.022565         1.236153
108      0.3888      -0.523078        0.164964             0.040062         4.124624
108      0.3662      -0.473347        0.132821             0.033100         2.697910
108      0.4159      -0.597989        0.246745             0.113808        26.609221
108      0.4859      -0.848728        0.267957             0.886835         0.815708
108      0.5027      -0.875825        0.137175             0.913805         0.350157
108      0.4724      -0.822145        0.284540             0.858181         0.983475
108      0.5848      -0.935938        0.982427             0.821622       277.993173
108      0.4606      -0.788884        0.373030             0.811043         3.765380
108      0.4497      -0.752701        0.301246             0.745861         6.159441
108      0.5271      -0.904813        0.192148             0.938023         0.288081
108      0.4286      -0.642942        0.364035             0.108604        19.183131
108      0.4392      -0.698364        0.458226             0.516312        21.016436
108      0.3696      -0.482430        0.129742             0.038314         4.014964
108      0.3911      -0.529597        0.228348             0.041505         4.958224
108      0.4054      -0.565854        0.229616             0.066060        12.471677
108      0.3310      -0.404050        0.095075             0.027833         1.262431
108      0.4175      -0.600888        0.281166             0.082680        17.367041
108      0.4880      -0.822527        0.220860             0.150643        53.317728
108      0.5055      -0.880058        0.197302             0.917677         0.326901
108      0.4742      -0.826735        0.237424             0.864793         0.928997
108      1.0000      -0.998644        0.009028             0.999314         0.002307
108      0.4512      -0.762942        0.390536             0.765041         5.155751
108      0.4622      -0.797670        0.357087             0.827610         2.306174
108      0.5318      -0.910197        0.176006             0.942764         0.205459
108      0.4301      -0.647301        0.384160             0.143112        41.771294
108      0.4407      -0.714482        0.423043             0.642677        11.621615
108      0.3933      -0.535231        0.178954             0.059933         6.715160
108      0.4072      -0.571235        0.348689             0.051603         9.751643
108      0.3728      -0.487387        0.154630             0.031989         2.931294
108      0.3381      -0.417605        0.103653             0.024038         1.191187
108      0.4192      -0.609021        0.396449             0.074851        14.654384
108      0.3758      -0.494222        0.129489             0.041384         4.853109
108      0.3442      -0.428868        0.116511             0.026572         1.406817
109      0.4639      -0.801901        0.358611             0.831470         1.620093
109      0.4528      -0.766107        0.377545             0.771659         4.403068
109      0.4760      -0.830800        0.282384             0.868141         0.936575
109      0.4317      -0.653216        0.446441             0.162911        44.164948
109      0.4208      -0.617189        0.398241             0.145247        23.995101
109      0.5085      -0.883921        0.219000             0.921730         0.365320
109      0.4902      -0.856729        0.154910             0.896561         0.368667
109      0.3955      -0.541050        0.205970             0.046476         5.858520
109      0.4422      -0.722953        0.447758             0.643912        31.981971
109      0.4090      -0.578702        0.262203             0.066289        11.525548
109      0.5372      -0.914871        0.143702             0.945595         0.191866
109      0.3787      -0.501535        0.199521             0.035095         4.675445
109      0.3495      -0.438202        0.110561             0.024978         1.809622
109      0.0000       0.007154        0.000000             0.003114         0.000000
109      0.4925      -0.859975        0.215905             0.899416         0.474956
109      0.4779      -0.833787        0.264552             0.872048         0.752355
109      0.4655      -0.804671        0.237065             0.834667         1.545926
109      0.4332      -0.671570        0.715111             0.450827       102.619580
109      0.4543      -0.770208        0.388564             0.777049         4.954054
109      0.5433      -0.921185        0.138672             0.950306         0.183436
109      0.3814      -0.506467        0.171882             0.044405         4.571604
109      0.3976      -0.545853        0.196885             0.051403         6.873530
109      0.5117      -0.888094        0.181112             0.924101         0.286136
109      0.4224      -0.618243        0.269731             0.084146        19.428641
109      0.3543      -0.448009        0.125274             0.033559         2.451936
109      0.4107      -0.583808        0.240199             0.095792        17.255834
109      0.4437      -0.711474        0.595487             0.542879        50.024123
109      0.2719      -0.310821        0.051019             0.014287         0.395999
109      0.4798      -0.837169        0.357066             0.874219         1.313938
109      0.4949      -0.863932        0.200372             0.903195         0.497365
109      0.4672      -0.807755        0.323921             0.838924         1.897740
109      0.4559      -0.776643        0.357977             0.789745         3.918954
109      0.4347      -0.667451        0.493888             0.200253       119.427158
109      0.5504      -0.909171        0.991347             0.767984       208.883777
109      0.5151      -0.892698        0.209623             0.927363         0.356222
109      0.4239      -0.630595        0.352696             0.211679        87.081503
109      0.3840      -0.514029        0.188235             0.041845         4.975415
109      0.4452      -0.730275        0.481528             0.667794        15.607988
109      0.4125      -0.588341        0.258460             0.059480        10.970043
109      0.3996      -0.551386        0.258300             0.056662         8.513932
109      0.3586      -0.457020        0.113128             0.035091         1.936299
109      0.2965      -0.347126        0.077670             0.018801         0.834823
109      0.4974      -0.869008        0.246299             0.907188         0.538700
109      0.4818      -0.842353        0.230612             0.881579         0.660838
109      0.4574      -0.782443        0.371105             0.800764         2.922436
109      0.4689      -0.815633        0.334805             0.850297         1.557197
109      0.4362      -0.673236        0.364997             0.123794        52.460903
109      0.5590      -0.932832        0.165828             0.959170         0.164241
109      0.5188      -0.895447        0.152131             0.930755         0.236082
109      0.3626      -0.466385        0.138780             0.033314         2.620145
109      0.4016      -0.555672        0.297341             0.065934         9.469004
109      0.4467      -0.744461        0.374298             0.720816        10.486592
109      0.3865      -0.517514        0.179173             0.045168         6.287084
109      0.4255      -0.634410        0.255675             0.141517        48.611435
109      0.4142      -0.594979        0.403783             0.082225        23.873725
109      0.3115      -0.370837        0.069833             0.019525         0.766393
109      0.5000      -0.872664        0.256897             0.911154         0.412242
109      0.4838      -0.845484        0.313354             0.884289         0.803622
109      0.4590      -0.786974        0.311563             0.811103         2.526193
109      0.4377      -0.684808        0.424654             0.393775        87.651616
109      0.4706      -0.816956        0.249160             0.852608         1.151853
109      0.5228      -0.901268        0.193755             0.935081         0.261669
109      0.5698      -0.938892        0.148943             0.963020         0.137547
109      0.4482      -0.747861        0.385828             0.729075        12.211906
109      0.3662      -0.472469        0.135118             0.033021         3.225410
109      0.4271      -0.642549        0.457045             0.268752        58.170241
109      0.3888      -0.522976        0.249073             0.045710         4.190735
109      0.4159      -0.598519        0.262077             0.085220        19.402347
109      0.4035      -0.560465        0.211824             0.057068         8.199575
109      0.3224      -0.389247        0.097832             0.021826         1.161845
109      0.5027      -0.876170        0.220707             0.913543         0.510660
109      0.4859      -0.849551        0.301737             0.889026         0.687243
109      0.4606      -0.792267        0.367376             0.818451         2.085672
109      0.4392      -0.697620        0.406036             0.487664        79.657419
109      0.5271      -0.904616        0.189028             0.938488         0.253031
109      0.4724      -0.822229        0.304852             0.859375         1.170259
109      0.5848      -0.947041        0.103463             0.968683         0.082744
109      0.4497      -0.754674        0.439184             0.746079         7.813964
109      0.3696      -0.478753        0.178546             0.031445         2.851181
109      0.3911      -0.530976        0.244013             0.045021         6.085686
109      0.4175      -0.608678        0.326364             0.127020        34.886951
109      0.4054      -0.567749        0.271883             0.066203        12.629135
109      0.4286      -0.649799        0.402136             0.244713        74.743692
109      0.3310      -0.405023        0.116985             0.023232         1.322704
109      0.5055      -0.881027        0.187567             0.918522         0.297068
109      0.4880      -0.853162        0.251826             0.891942         0.591032
109      0.4622      -0.796362        0.320587             0.818736         3.248749
109      0.4407      -0.715950        0.490181             0.640394        26.836642
109      0.4742      -0.827991        0.287330             0.863860         1.199263
109      0.5318      -0.908615        0.160549             0.941116         0.205331
109      1.0000      -0.975093        0.008018             0.274349        28.187675
109      0.4512      -0.761629        0.497531             0.751117        14.498999
109      0.3728      -0.486545        0.125403             0.037680         4.563391
109      0.4192      -0.611819        0.368665             0.110799        55.070050
109      0.4301      -0.652194        0.365939             0.141567        58.962787
109      0.4072      -0.575734        0.241992             0.089292        20.004475
109      0.3933      -0.536901        0.134121             0.057603         8.518332
109      0.3381      -0.416711        0.097454             0.024705         1.301730
109      0.3758      -0.495069        0.122267             0.033467         3.473590
109      0.3442      -0.428144        0.106277             0.026875         2.158739
110      0.5372      -0.914023        0.149545             0.945702         0.186054
110      0.4639      -0.798919        0.329298             0.826813         1.890071
110      0.4902      -0.855129        0.265787             0.893433         0.716416
110      0.4760      -0.829255        0.251096             0.865369         0.942220
110      0.4090      -0.579451        0.248545             0.057516         9.322611
110      0.3787      -0.499861        0.169905             0.041764         3.897974
110      0.3495      -0.438256        0.126834             0.026774         2.221165
110      0.0000      -0.006777        0.000000             0.004959         0.000000
110      0.4528      -0.766347        0.389661             0.775253         4.590915
110      0.4208      -0.616182        0.323330             0.155678        42.190654
110      0.3955      -0.540694        0.258166             0.045340         6.752268
110      0.4422      -0.719868        0.410562             0.658739         8.564411
110      0.4317      -0.663152        0.737714             0.385886       118.639980
110      0.5085      -0.851750        0.238483             0.226245        63.849371
110      0.5433      -0.920793        0.132628             0.950321         0.148158
110      0.4655      -0.805864        0.313131             0.837255         1.412032
110      0.4779      -0.834345        0.348604             0.871322         1.233460
110      0.4925      -0.861210        0.201886             0.900471         0.467148
110      0.4543      -0.771590        0.447007             0.784554         5.846874
110      0.4332      -0.672788        0.519646             0.376331       104.000333
110      0.4107      -0.584519        0.247470             0.079451        12.367910
110      0.4437      -0.732069        0.612696             0.668777        46.182790
110      0.4224      -0.620812        0.336403             0.079276        15.323149
110      0.3543      -0.450175        0.131895             0.031030         2.317138
110      0.3814      -0.505296        0.200802             0.038469         4.556303
110      0.2719      -0.310517        0.074410             0.016185         0.509992
110      0.5117      -0.888608        0.175650             0.925107         0.255665
110      0.3976      -0.545448        0.222911             0.056701         8.465151
110      0.5504      -0.924828        0.143584             0.953150         0.141988
110      0.4949      -0.864906        0.260528             0.904028         0.577033
110      0.4798      -0.838633        0.245313             0.876704         0.725697
110      0.4672      -0.808972        0.244033             0.838093         1.700186
110      0.4347      -0.679683        0.551458             0.426060       148.104337
110      0.4559      -0.775504        0.427475             0.788140         3.847651
110      0.4239      -0.626661        0.418685             0.088107        17.960104
110      0.5151      -0.893276        0.229048             0.928420         0.336125
110      0.4452      -0.736631        0.390449             0.704911         8.679386
110      0.4125      -0.589018        0.366842             0.061783        14.387546
110      0.3996      -0.552028        0.226117             0.048762         5.626019
110      0.3586      -0.456410        0.130307             0.032195         2.963888
110      0.3840      -0.514031        0.175276             0.045983         5.706018
110      0.2965      -0.345965        0.066788             0.016175         0.546154
110      0.4818      -0.842013        0.221599             0.880555         0.780700
110      0.5590      -0.931550        0.135392             0.958347         0.137861
110      0.4974      -0.868023        0.245641             0.906557         0.485973
110      0.4689      -0.812790        0.321603             0.845179         1.551385
110      0.4574      -0.782126        0.364482             0.802762         3.138620
110      0.4362      -0.674869        0.334657             0.232608        88.427378
110      0.5188      -0.897575        0.213348             0.931686         0.304706
110      0.4467      -0.742666        0.396086             0.707965        16.948964
110      0.4255      -0.631060        0.376794             0.134478        43.754375
110      0.3626      -0.464901        0.142730             0.032060         2.610945
110      0.4142      -0.594134        0.243973             0.106643        30.796449
110      0.4016      -0.556534        0.216451             0.069597         9.523665
110      0.3865      -0.519428        0.164738             0.046203         5.497033
110      0.3115      -0.371078        0.080489             0.022177         0.836350
110      0.5698      -0.938588        0.138737             0.962896         0.125714
110      0.4838      -0.845177        0.360053             0.878759         4.344811
110      0.4706      -0.817843        0.305809             0.851633         1.642511
110      0.5000      -0.870517        0.207871             0.909364         0.398330
110      0.4590      -0.787101        0.426849             0.809511         3.121958
110      0.5228      -0.900412        0.190016             0.934337         0.265833
110      0.4377      -0.699640        0.813860             0.568704        41.671517
110      0.4271      -0.637869        0.295155             0.111033        29.575616
110      0.3662      -0.473316        0.111741             0.033992         2.835782
110      0.4482      -0.748007        0.586825             0.713340        24.129449
110      0.4159      -0.601907        0.288675             0.114818        33.917745
110      0.3888      -0.525121        0.207758             0.045048         4.872255
110      0.4035      -0.561732        0.195610             0.059326         7.977932
110      0.3224      -0.388142        0.072630             0.024888         1.072653
110      0.5848      -0.947580        0.099578             0.969124         0.076338
110      0.4724      -0.823570        0.257298             0.859625         0.888301
110      0.4859      -0.851418        0.226676             0.890613         0.645890
110      0.5027      -0.875182        0.262749             0.913023         0.492898
110      0.4606      -0.789289        0.302670             0.808248         3.466453
110      0.5271      -0.872506        0.162277             0.255212        28.850550
110      0.4392      -0.697636        0.600605             0.465331       127.904874
110      0.4497      -0.750851        0.352525             0.722593         8.034786
110      0.4286      -0.642873        0.280528             0.198868        54.442121
110      0.3696      -0.479469        0.220509             0.038188         4.985648
110      0.4054      -0.567293        0.278474             0.048818         5.865148
110      0.4175      -0.603271        0.282506             0.086501        29.188810
110      0.3911      -0.529909        0.254738             0.043463         4.758488
110      0.3310      -0.405238        0.122101             0.022658         0.959650
110      1.0000      -0.998628        0.007203             0.999293         0.002051
110      0.4880      -0.853782        0.269178             0.893734         0.612890
110      0.4742      -0.825337        0.375750             0.861233         1.198077
110      0.5055      -0.880860        0.207547             0.918621         0.374420
110      0.4622      -0.796288        0.433922             0.823379         2.863312
110      0.5318      -0.895167        0.933100             0.755901       277.755348
110      0.4407      -0.689369        0.371297             0.093987        29.137352
110      0.4512      -0.761736        0.555302             0.769636         4.289932
110      0.3728      -0.485764        0.186045             0.034577         2.984930
110      0.4301      -0.650564        0.368311             0.244902        71.514647
110      0.4072      -0.573122        0.229558             0.061969        12.803625
110      0.3933      -0.534197        0.226683             0.048595         5.294826
110      0.4192      -0.610729        0.283907             0.115749        32.474097
110      0.3381      -0.416932        0.116167             0.024109         1.341608
110      0.3758      -0.495451        0.171014             0.036621         3.870523
110      0.3442      -0.427312        0.145607             0.024251         1.193015
111      0.4760      -0.832152        0.237203             0.871256         0.812312
111      0.4902      -0.856458        0.218555             0.895637         0.580310
111      0.5085      -0.884336        0.196076             0.921592         0.350752
111      0.5372      -0.914421        0.115318             0.945938         0.200487
111      0.4639      -0.800841        0.277209             0.828590         2.188429
111      0.4208      -0.615301        0.279571             0.072255        14.624215
111      0.3787      -0.499177        0.151829             0.032462         2.413600
111      0.4317      -0.658455        0.426409             0.244180       118.228642
111      0.4090      -0.578984        0.201417             0.070571        13.849900
111      0.4528      -0.765795        0.309623             0.771426         4.023672
111      0.3955      -0.540372        0.230340             0.049395         8.304229
111      0.4422      -0.715138        0.503692             0.581503        70.426604
111      0.3495      -0.439685        0.095090             0.024993         1.315413
111      0.0000       0.002678        0.000000             0.019235         0.000000
111      0.4925      -0.828081        0.208670             0.375387        71.979537
111      0.4779      -0.833626        0.271328             0.871794         0.921383
111      0.5117      -0.889976        0.186776             0.926353         0.300200
111      0.5433      -0.919865        0.123315             0.949574         0.127695
111      0.4655      -0.806116        0.269082             0.837340         1.704626
111      0.4224      -0.622685        0.270092             0.102524        26.216969
111      0.3814      -0.507426        0.219069             0.041901         4.954469
111      0.3976      -0.545514        0.144251             0.057221         8.245437
111      0.4107      -0.583243        0.281828             0.081482        17.327301
111      0.4543      -0.774442        0.318619             0.791937         2.359126
111      0.2719      -0.311035        0.047057             0.017411         0.621499
111      0.4332      -0.668913        0.417542             0.375267       147.790530
111      0.4437      -0.724420        0.370456             0.631178        25.129470
111      0.3543      -0.448555        0.112791             0.026603         1.893129
111      0.4949      -0.831398        0.202032             0.071695        13.194692
111      0.5151      -0.891806        0.159977             0.928068         0.264080
111      0.4798      -0.839065        0.216727             0.878875         0.710739
111      0.5504      -0.925172        0.118245             0.953710         0.125832
111      0.4672      -0.811097        0.260099             0.845863         1.211669
111      0.3996      -0.550452        0.194516             0.057216         7.401069
111      0.4239      -0.625735        0.283991             0.101784        23.807368
111      0.4125      -0.589339        0.294497             0.077986        23.041472
111      0.4559      -0.775901        0.382597             0.790983         4.124190
111      0.3840      -0.510330        0.170590             0.044618         4.402444
111      0.4347      -0.666275        0.330536             0.171817        55.026390
111      0.4452      -0.735398        0.599359             0.702263        15.239875
111      0.2965      -0.346254        0.091397             0.020544         0.854502
111      0.3586      -0.456911        0.112164             0.030575         2.466028
111      0.4974      -0.869186        0.185753             0.908457         0.395654
111      0.5188      -0.865563        0.141550             0.144990        36.387058
111      0.5590      -0.932442        0.090875             0.958937         0.086085
111      0.4818      -0.816896        0.716054             0.431788       677.095414
111      0.4689      -0.813621        0.291268             0.848777         2.003023
111      0.4016      -0.554971        0.251625             0.057159         8.419938
111      0.4574      -0.782889        0.351964             0.803819         2.909345
111      0.4255      -0.631372        0.319213             0.076216        17.713601
111      0.4142      -0.592934        0.261869             0.070459        11.718407
111      0.4467      -0.739880        0.325618             0.700440        11.292659
111      0.4362      -0.680068        0.412536             0.350303       117.546088
111      0.3115      -0.369550        0.080858             0.017695         0.741282
111      0.3865      -0.517580        0.177381             0.040372         4.143936
111      0.3626      -0.464031        0.113713             0.036249         3.320181
111      0.5000      -0.872496        0.187498             0.910335         0.423591
111      0.5228      -0.900974        0.128930             0.935444         0.160911
111      0.4838      -0.844141        0.227931             0.883832         0.705273
111      0.5698      -0.908283        0.070888             0.343485        26.783556
111      0.4706      -0.817400        0.237995             0.852520         1.100459
111      0.4590      -0.786194        0.332630             0.807733         2.568267
111      0.4271      -0.639799        0.395300             0.226141        67.587347
111      0.4035      -0.560623        0.267574             0.063388        12.737484
111      0.4159      -0.599938        0.280169             0.076943        17.965071
111      0.4377      -0.676494        0.461792             0.144319        59.577187
111      0.4482      -0.750692        0.377742             0.742300         4.664738
111      0.3224      -0.388858        0.080988             0.023751         1.454290
111      0.3888      -0.525052        0.200728             0.042565         4.632331
111      0.3662      -0.474819        0.146436             0.032863         3.135548
111      0.5848      -0.948337        0.088172             0.969566         0.072811
111      0.5027      -0.876430        0.207922             0.914559         0.404148
111      0.5271      -0.905110        0.134904             0.938799         0.202708
111      0.4859      -0.850704        0.191616             0.890301         0.449889
111      0.4724      -0.820933        0.304725             0.856963         1.336417
111      0.4606      -0.790676        0.306764             0.814382         2.592981
111      0.4286      -0.641269        0.397512             0.112007        30.695126
111      0.4392      -0.703957        0.508665             0.561562        58.885915
111      0.4175      -0.603268        0.281183             0.070379        11.076047
111      0.4054      -0.567712        0.261303             0.064918         9.682726
111      0.4497      -0.754996        0.329461             0.740575         7.642650
111      0.3310      -0.404303        0.134675             0.022531         1.167484
111      0.3911      -0.531030        0.205007             0.047621         7.226695
111      0.3696      -0.480036        0.166374             0.034781         3.166640
111      1.0000      -0.998664        0.004406             0.999321         0.001157
111      0.5318      -0.878757        0.125866             0.142370        44.624668
111      0.5055      -0.879706        0.211037             0.917929         0.362747
111      0.4880      -0.854486        0.218277             0.892648         0.632573
111      0.4742      -0.825884        0.235913             0.861891         0.918863
111      0.4622      -0.796138        0.355157             0.821519         1.772549
111      0.4407      -0.716171        0.479900             0.639904        22.576306
111      0.4301      -0.650113        0.343331             0.230288        82.438114
111      0.4072      -0.572536        0.288679             0.052137         6.458170
111      0.4192      -0.612002        0.269274             0.102497        38.428735
111      0.4512      -0.759851        0.312901             0.759128         4.833112
111      0.3381      -0.416620        0.084355             0.025753         1.548273
111      0.3933      -0.536101        0.158242             0.042346         5.876085
111      0.3728      -0.486608        0.155778             0.039304         3.553028
111      0.3758      -0.491718        0.164053             0.035676         3.996193
111      0.3442      -0.427730        0.083245             0.022868         1.541792
112      0.5372      -0.884686        0.136696             0.110614        61.048673
112      0.4760      -0.832211        0.242463             0.870949         0.837053
112      0.5085      -0.885029        0.192595             0.921918         0.341959
112      0.4902      -0.857481        0.233165             0.897398         0.545455
112      0.4090      -0.577966        0.250855             0.059740        11.396541
112      0.3955      -0.542313        0.243191             0.051805         5.512074
112      0.3495      -0.439201        0.126534             0.026100         1.939781
112      0.4528      -0.767934        0.328165             0.780646         3.421257
112      0.4208      -0.615391        0.287952             0.113629        31.682229
112      0.4639      -0.800486        0.291406             0.828965         2.030544
112      0.4317      -0.657655        0.227034             0.159968        65.893116
112      0.3787      -0.499533        0.158934             0.037041         3.421924
112      0.0000      -0.003986        0.000000             0.002870         0.000000
112      0.4422      -0.721746        0.482281             0.629472        27.611143
112      0.5433      -0.920657        0.119034             0.950298         0.128034
112      0.4779      -0.834861        0.269448             0.873597         0.947714
112      0.5117      -0.889426        0.113290             0.926333         0.232537
112      0.4925      -0.861645        0.188028             0.901819         0.491531
112      0.4107      -0.583522        0.236614             0.068803        17.554858
112      0.4224      -0.619184        0.242889             0.102978        24.388230
112      0.4655      -0.804960        0.291459             0.833337         2.483575
112      0.4543      -0.773973        0.359969             0.779627         4.941702
112      0.3543      -0.449343        0.148944             0.030250         1.980497
112      0.4332      -0.660346        0.538715             0.184643        58.033941
112      0.3976      -0.545545        0.180441             0.058817        10.634068
112      0.3814      -0.504444        0.170683             0.036947         3.311523
112      0.2719      -0.309994        0.042560             0.014933         0.420270
112      0.4437      -0.730914        0.396109             0.681642        11.998459
112      0.4798      -0.838739        0.221126             0.876641         0.840818
112      0.5504      -0.925179        0.096480             0.953795         0.103909
112      0.5151      -0.891645        0.181963             0.927945         0.297891
112      0.4949      -0.866081        0.196629             0.905395         0.558862
112      0.4672      -0.806848        0.328919             0.835641         2.738437
112      0.4239      -0.627726        0.314745             0.093629        13.656784
112      0.4125      -0.587597        0.261196             0.073710        12.885960
112      0.3996      -0.552023        0.183159             0.047926         7.437916
112      0.3586      -0.457805        0.123322             0.038264         2.805525
112      0.4559      -0.777106        0.297130             0.794255         2.784141
112      0.4347      -0.674125        0.563434             0.353286       110.390447
112      0.3840      -0.512151        0.139757             0.036003         3.725084
112      0.2965      -0.347498        0.068852             0.020271         0.891485
112      0.4452      -0.730340        0.446722             0.651609        22.308133
112      0.5590      -0.932141        0.114545             0.958414         0.118409
112      0.4818      -0.810335        0.287940             0.247530        32.049986
112      0.5188      -0.896885        0.156707             0.932087         0.268454
112      0.4974      -0.869863        0.180518             0.908653         0.372561
112      0.4689      -0.813261        0.312999             0.846224         2.069146
112      0.4142      -0.593195        0.252947             0.064515        11.050869
112      0.4255      -0.630847        0.330209             0.149884        52.670190
112      0.4016      -0.559526        0.164081             0.068544        10.066366
112      0.4574      -0.782629        0.273954             0.796800         3.280083
112      0.4362      -0.668423        0.302237             0.106113        39.857987
112      0.3626      -0.464439        0.117109             0.033318         3.067148
112      0.3865      -0.518903        0.173789             0.045389         6.806110
112      0.3115      -0.371625        0.079216             0.019898         1.041261
112      0.4467      -0.744224        0.380985             0.722388        12.565874
112      0.5698      -0.938265        0.089423             0.962871         0.096280
112      0.5228      -0.901256        0.152314             0.935864         0.218192
112      0.4838      -0.847908        0.179514             0.887392         0.519657
112      0.5000      -0.873791        0.193649             0.911693         0.489470
112      0.4706      -0.818951        0.301518             0.854445         1.318528
112      0.4271      -0.638493        0.438990             0.145812        34.324231
112      0.4159      -0.599874        0.287260             0.071940        18.094626
112      0.4590      -0.786594        0.379754             0.801276         5.896162
112      0.4035      -0.563571        0.214261             0.072833        15.992580
112      0.4377      -0.696942        0.454069             0.531429        61.499480
112      0.3662      -0.472975        0.109008             0.029107         2.580523
112      0.3224      -0.389823        0.081303             0.022156         1.108249
112      0.3888      -0.523261        0.171053             0.045592         5.198127
112      0.4482      -0.751982        0.386668             0.735882        12.191801
112      0.5271      -0.878831        0.578997             0.461693       442.746345
112      0.4859      -0.848768        0.175279             0.887862         0.591176
112      0.5027      -0.876899        0.175441             0.915100         0.311936
112      0.5848      -0.946652        0.089520             0.968512         0.073664
112      0.4724      -0.823469        0.252826             0.858224         1.345984
112      0.4175      -0.606684        0.275122             0.135370        35.200608
112      0.4606      -0.793068        0.225793             0.820641         1.591111
112      0.4286      -0.650265        0.386920             0.290695        93.150229
112      0.4054      -0.569290        0.192310             0.067887        14.525410
112      0.4392      -0.698315        0.426738             0.490172        67.996725
112      0.3696      -0.480556        0.140950             0.037795         2.958304
112      0.3911      -0.531335        0.209349             0.041916         5.762769
112      0.3310      -0.404423        0.080884             0.025045         1.567915
112      0.4497      -0.758025        0.286369             0.762989         4.157147
112      0.5318      -0.878398        0.138486             0.373693       107.932806
112      0.5055      -0.880651        0.197431             0.918498         0.358143
112      0.4880      -0.819742        0.222469             0.211460        47.364117
112      1.0000      -0.998658        0.006746             0.999316         0.001851
112      0.4742      -0.825505        0.310378             0.860285         2.322331
112      0.4192      -0.611134        0.340196             0.096228        32.435801
112      0.4622      -0.784316        0.738574             0.657950       297.642234
112      0.4301      -0.648243        0.337057             0.144262        26.931783
112      0.4072      -0.571585        0.258614             0.071781        11.590450
112      0.4407      -0.718154        0.374447             0.656883         7.577289
112      0.3728      -0.488302        0.136693             0.032827         2.360927
112      0.3933      -0.534904        0.144753             0.053956         7.790734
112      0.3381      -0.417691        0.088297             0.026215         1.578102
112      0.4512      -0.758409        0.485743             0.755960         7.086695
112      0.3758      -0.491054        0.178398             0.040665         4.273027
112      0.3442      -0.427253        0.102891             0.027591         2.010283
113      0.5372      -0.914612        0.163431             0.946109         0.176584
113      0.5085      -0.884954        0.167744             0.922306         0.287345
113      0.4528      -0.767897        0.293328             0.777546         4.417742
113      0.4902      -0.855140        0.292826             0.877943        16.719207
113      0.4422      -0.714234        0.563582             0.539292        72.538777
113      0.4639      -0.801717        0.274435             0.829252         2.622907
113      0.4317      -0.657168        0.367252             0.161997        63.834327
113      0.4760      -0.831210        0.202224             0.869780         0.793010
113      0.3955      -0.539311        0.196726             0.037770         3.744825
113      0.3787      -0.499774        0.147899             0.037586         4.364530
113      0.4090      -0.576830        0.278415             0.068911        14.080358
113      0.3495      -0.439278        0.090878             0.027274         1.597275
113      0.0000       0.001488        0.000000             0.003994         0.000000
113      0.4208      -0.614653        0.256578             0.064754        14.664655
113      0.5433      -0.888724        0.127307             0.284971        31.186039
113      0.5117      -0.888278        0.178186             0.924913         0.286719
113      0.4543      -0.776180        0.310531             0.795470         2.442945
113      0.4437      -0.731675        0.449668             0.694435         8.424328
113      0.4925      -0.829849        0.206592             0.081206        20.305114
113      0.4655      -0.806831        0.386326             0.840924         1.620535
113      0.4332      -0.668875        0.406586             0.376178        99.556322
113      0.3814      -0.506820        0.179337             0.039103         4.569480
113      0.4107      -0.584536        0.275042             0.064807        13.346188
113      0.3543      -0.448142        0.162134             0.032570         2.438160
113      0.4779      -0.834794        0.215204             0.872836         0.797944
113      0.4224      -0.621320        0.257493             0.109827        19.032260
113      0.2719      -0.309459        0.044955             0.014487         0.441421
113      0.3976      -0.549113        0.185943             0.042227         4.791982
113      0.5504      -0.926459        0.134442             0.954559         0.138412
113      0.5151      -0.892570        0.153390             0.928870         0.226194
113      0.4559      -0.778817        0.275746             0.799283         2.861257
113      0.4452      -0.726339        0.501120             0.626163        20.126843
113      0.4949      -0.864865        0.195212             0.904025         0.558106
113      0.4672      -0.810349        0.236976             0.843330         1.211949
113      0.4347      -0.666002        0.673493             0.215688       207.087220
113      0.4798      -0.836715        0.191902             0.875654         0.781753
113      0.4125      -0.592179        0.239735             0.085233        18.851214
113      0.3840      -0.510439        0.173627             0.034422         3.980274
113      0.3586      -0.458142        0.161491             0.028547         2.819488
113      0.3996      -0.552925        0.214327             0.055721         8.256844
113      0.4239      -0.627047        0.355434             0.107335        32.103145
113      0.2965      -0.345513        0.077237             0.019242         0.810382
113      0.5188      -0.865473        0.131593             0.166840        25.088321
113      0.5590      -0.932001        0.130675             0.958496         0.127769
113      0.4974      -0.869058        0.178506             0.908834         0.360743
113      0.4467      -0.744068        0.572650             0.720122        11.073171
113      0.4574      -0.783050        0.261961             0.806879         2.245751
113      0.4689      -0.815257        0.227068             0.849860         1.353422
113      0.4818      -0.841024        0.182147             0.880232         0.644998
113      0.4362      -0.668334        0.327674             0.132762        24.244827
113      0.4142      -0.593793        0.219492             0.066116        16.206633
113      0.3865      -0.518229        0.184855             0.040211         3.711096
113      0.3626      -0.465199        0.117990             0.036081         2.958942
113      0.4255      -0.633209        0.327204             0.081147        15.456417
113      0.3115      -0.369091        0.091207             0.019052         0.761830
113      0.4016      -0.557091        0.245721             0.047145         5.645013
113      0.5698      -0.937677        0.092144             0.962509         0.083158
113      0.5228      -0.899812        0.124780             0.934480         0.198157
113      0.5000      -0.871979        0.189130             0.911440         0.385404
113      0.4482      -0.745791        0.480459             0.699571        24.449160
113      0.4590      -0.784077        0.265221             0.803756         2.999663
113      0.4706      -0.817911        0.238514             0.854626         1.134159
113      0.4838      -0.846030        0.254275             0.885468         0.749612
113      0.4377      -0.694081        0.437391             0.540769        33.731143
113      0.4159      -0.599392        0.296152             0.083147        21.279059
113      0.3888      -0.524993        0.143456             0.040069         4.357803
113      0.3662      -0.472137        0.168798             0.033539         2.217066
113      0.4271      -0.635896        0.331443             0.094559        21.293323
113      0.3224      -0.390081        0.091323             0.020836         0.904637
113      0.4035      -0.563270        0.259594             0.062105         9.743458
113      0.5848      -0.946995        0.095307             0.968738         0.072712
113      0.5271      -0.905886        0.122187             0.939096         0.181004
113      0.5027      -0.845720        0.184875             0.092516        41.734787
113      0.4724      -0.822501        0.332498             0.857939         1.326560
113      0.4606      -0.792961        0.347844             0.819308         2.049706
113      0.4497      -0.750583        0.419262             0.716614        17.724340
113      0.4859      -0.850826        0.316628             0.890120         0.887967
113      0.4392      -0.687687        0.363536             0.197644       110.491206
113      0.4175      -0.606198        0.343459             0.105300        27.074224
113      0.4286      -0.646251        0.357852             0.138453        28.032608
113      0.3911      -0.530067        0.211246             0.046843         6.825157
113      0.3696      -0.480210        0.157650             0.030560         3.267988
113      0.4054      -0.567819        0.280805             0.064982        13.597579
113      0.3310      -0.404848        0.078436             0.023624         1.273604
113      1.0000      -0.975668        0.010134             0.097060        17.706433
113      0.5055      -0.880263        0.169888             0.917557         0.338469
113      0.5318      -0.882163        0.430212             0.442291       371.372292
113      0.4622      -0.799391        0.256832             0.828920         2.110113
113      0.4742      -0.826373        0.258605             0.864782         0.865985
113      0.4512      -0.760208        0.291519             0.760537         4.794299
113      0.4880      -0.822011        0.184862             0.077066        23.084928
113      0.4407      -0.700486        0.629890             0.428118       117.822953
113      0.4192      -0.610339        0.287751             0.080016        15.420622
113      0.4301      -0.650571        0.377498             0.183139        90.086831
113      0.3933      -0.535423        0.211569             0.048629         7.518552
113      0.3728      -0.486647        0.173918             0.036488         3.277556
113      0.4072      -0.572139        0.200340             0.059348        10.571047
113      0.3381      -0.417206        0.088434             0.022999         1.059198
113      0.3758      -0.492869        0.172656             0.039153         3.304369
113      0.3442      -0.428654        0.130153             0.024998         1.329760
114      0.5085      -0.885032        0.165323             0.922241         0.280745
114      0.5372      -0.915416        0.119285             0.946210         0.173784
114      0.4902      -0.823912        0.176836             0.182193        41.103350
114      0.4760      -0.831359        0.172754             0.870235         0.677097
114      0.4422      -0.723490        0.504065             0.664123        19.473781
114      0.4317      -0.657171        0.390422             0.101283        29.752781
114      0.4639      -0.802393        0.256223             0.831921         1.946959
114      0.3787      -0.500018        0.146467             0.035035         4.612577
114      0.4208      -0.616236        0.317753             0.109167        25.689843
114      0.3955      -0.541885        0.212437             0.049611         5.625848
114      0.4528      -0.767813        0.356110             0.783353         2.503470
114      0.4090      -0.577662        0.277390             0.065098         9.752695
114      0.3495      -0.439786        0.169587             0.024946         1.573784
114      0.0000      -0.001847        0.000000             0.003232         0.000000
114      0.5117      -0.887139        0.183226             0.924169         0.283278
114      0.5433      -0.919875        0.136917             0.949738         0.150864
114      0.4925      -0.861257        0.177342             0.900409         0.462347
114      0.4779      -0.833652        0.290786             0.870556         1.133667
114      0.4655      -0.806376        0.219574             0.837966         1.523253
114      0.4437      -0.728607        0.476166             0.664058        23.264749
114      0.4332      -0.666779        0.316724             0.276525        85.292238
114      0.4543      -0.772248        0.266893             0.787859         2.656604
114      0.3814      -0.506551        0.152813             0.043917         6.052249
114      0.4224      -0.624064        0.269477             0.073132        11.319181
114      0.4107      -0.586273        0.248721             0.074886        14.716907
114      0.3976      -0.546202        0.244020             0.047810         7.331559
114      0.3543      -0.448219        0.109807             0.028620         2.313628
114      0.2719      -0.309628        0.044544             0.017342         0.543321
114      0.5151      -0.860811        0.177752             0.067050        15.188898
114      0.5504      -0.926533        0.117364             0.954969         0.117464
114      0.4798      -0.838535        0.298252             0.874621         1.085370
114      0.4949      -0.863697        0.158344             0.902624         0.361485
114      0.4672      -0.777784        0.211657             0.092448        20.681015
114      0.4452      -0.714244        0.292180             0.367231        45.403612
114      0.4347      -0.669106        0.342196             0.196944        95.640859
114      0.4559      -0.777065        0.428849             0.788435         8.288314
114      0.4239      -0.625066        0.391778             0.163977        74.067536
114      0.3840      -0.513567        0.179905             0.041179         3.755921
114      0.4125      -0.588857        0.277911             0.086919        17.192807
114      0.3996      -0.551947        0.202773             0.052202         8.384650
114      0.3586      -0.456357        0.112649             0.027942         1.723910
114      0.2965      -0.347435        0.066607             0.019555         0.883879
114      0.5188      -0.897328        0.134273             0.932127         0.196648
114      0.4818      -0.842302        0.258196             0.881293         0.765648
114      0.4974      -0.868122        0.168841             0.906985         0.396363
114      0.4689      -0.813998        0.187544             0.850688         0.789743
114      0.5590      -0.931761        0.087023             0.958263         0.092506
114      0.4574      -0.782629        0.326334             0.801844         2.403266
114      0.4362      -0.680419        0.407384             0.342681        55.274985
114      0.4255      -0.629681        0.336685             0.172967        32.522918
114      0.4142      -0.594406        0.301716             0.097362        17.405909
114      0.3865      -0.516721        0.166708             0.035899         4.749983
114      0.4467      -0.742278        0.502233             0.721701         9.468208
114      0.4016      -0.556154        0.203140             0.050542         8.926379
114      0.3626      -0.464861        0.161024             0.036733         3.526110
114      0.3115      -0.370205        0.101242             0.019797         0.959997
114      0.5228      -0.901727        0.102747             0.936202         0.141947
114      0.4838      -0.847547        0.183600             0.886026         0.528738
114      0.5000      -0.871927        0.142404             0.910525         0.337049
114      0.4706      -0.819163        0.230784             0.855097         0.916572
114      0.5698      -0.909398        0.114387             0.263641        43.096055
114      0.4590      -0.787456        0.219343             0.811396         1.402738
114      0.4271      -0.637530        0.308859             0.120693        22.324106
114      0.4377      -0.678122        0.462353             0.156282        63.891298
114      0.4159      -0.599226        0.287562             0.078940        11.228251
114      0.4482      -0.749334        0.429948             0.725125        12.500654
114      0.3888      -0.525640        0.192157             0.060552         6.255796
114      0.4035      -0.562733        0.184924             0.061056        11.921186
114      0.3662      -0.473010        0.130702             0.036225         3.483650
114      0.3224      -0.390262        0.093897             0.020031         1.122963
114      0.5271      -0.873640        0.134106             0.145829        92.710265
114      0.4859      -0.849284        0.246744             0.888633         0.699107
114      0.5027      -0.875814        0.214308             0.914517         0.420130
114      0.5848      -0.947244        0.106916             0.968910         0.077776
114      0.4724      -0.823072        0.290661             0.858618         1.408508
114      0.4606      -0.790679        0.253219             0.813556         2.314804
114      0.4392      -0.698823        0.463089             0.541185        30.964193
114      0.4286      -0.646023        0.461233             0.195816       114.038734
114      0.4497      -0.756428        0.390855             0.744940        16.156312
114      0.4175      -0.605228        0.248844             0.096464        27.847682
114      0.3911      -0.528786        0.170408             0.046422         5.342649
114      0.4054      -0.567381        0.266770             0.065320        12.234000
114      0.3696      -0.479949        0.188428             0.033813         3.034659
114      0.3310      -0.406394        0.085226             0.021013         1.303203
114      0.5318      -0.910417        0.138113             0.942844         0.187996
114      0.4880      -0.856147        0.204470             0.895382         0.482265
114      1.0000      -0.998472        0.008346             0.999217         0.002233
114      0.5055      -0.850656        0.171220             0.113372        29.650455
114      0.4742      -0.825568        0.236726             0.861436         1.544753
114      0.4622      -0.796707        0.228835             0.823695         2.274771
114      0.4301      -0.649477        0.362320             0.100611        20.777608
114      0.4407      -0.710999        0.628773             0.623966        34.464706
114      0.4512      -0.762459        0.380991             0.760836         6.878887
114      0.4192      -0.611665        0.258810             0.120168        38.314996
114      0.3933      -0.535769        0.160987             0.048961         6.408085
114      0.4072      -0.572307        0.280144             0.075340        13.079365
114      0.3728      -0.487418        0.127048             0.034837         3.833815
114      0.3381      -0.415572        0.111139             0.020548         1.181136
114      0.3758      -0.491477        0.154959             0.039055         4.600072
114      0.3442      -0.427173        0.146248             0.025043         1.520689
115      0.4902      -0.824771        0.247281             0.095746        35.150313
115      0.4760      -0.829668        0.291247             0.866550         1.430150
115      0.4422      -0.722953        0.333474             0.675602         6.525891
115      0.4208      -0.615493        0.205196             0.085603        21.302083
115      0.3955      -0.540997        0.240160             0.048755         8.696945
115      0.5372      -0.915170        0.128469             0.946554         0.160687
115      0.4317      -0.655011        0.497831             0.211280       111.635728
115      0.4528      -0.765452        0.290273             0.770538         3.681208
115      0.4090      -0.576059        0.225537             0.059366        12.101027
115      0.5085      -0.885084        0.136017             0.922306         0.241530
115      0.4639      -0.799982        0.248821             0.828794         1.642454
115      0.3495      -0.438990        0.106057             0.027775         2.094937
115      0.3787      -0.500121        0.151647             0.034651         4.243574
115      0.0000      -0.001890        0.000000             0.001739         0.000000
115      0.4925      -0.835209        0.388033             0.495014       189.736215
115      0.4779      -0.833485        0.217019             0.871121         0.856803
115      0.5433      -0.889482        0.122176             0.197487         6.908676
115      0.4437      -0.734742        0.528434             0.702718        12.394891
115      0.4543      -0.771828        0.391472             0.780467         5.290409
115      0.5117      -0.888898        0.157736             0.925493         0.269185
115      0.4655      -0.806606        0.365125             0.839309         1.755286
115      0.3976      -0.546271        0.218950             0.042634         6.661019
115      0.4332      -0.660309        0.413890             0.157710        42.202344
115      0.4224      -0.617798        0.297666             0.099619        23.930171
115      0.4107      -0.582864        0.282749             0.070116        12.727144
115      0.3543      -0.449115        0.118687             0.027103         2.392719
115      0.3814      -0.507593        0.175263             0.045331         4.704501
115      0.2719      -0.308944        0.056760             0.016012         0.463629
115      0.4949      -0.866764        0.137868             0.905831         0.328684
115      0.5504      -0.896035        0.163182             0.420994        20.260716
115      0.4798      -0.837754        0.291752             0.875920         1.018047
115      0.5151      -0.893228        0.128974             0.929154         0.173635
115      0.4559      -0.778370        0.335499             0.799177         1.921526
115      0.4672      -0.809540        0.208956             0.839604         1.767297
115      0.4452      -0.741508        0.451472             0.724378         7.244075
115      0.4347      -0.666512        0.335667             0.152458        68.733037
115      0.3996      -0.551531        0.228549             0.060433        10.114612
115      0.4125      -0.589363        0.254173             0.071008        11.634434
115      0.4239      -0.627938        0.308243             0.099832        27.321665
115      0.3586      -0.457375        0.111579             0.034011         3.229425
115      0.3840      -0.513532        0.152209             0.038284         4.315866
115      0.2965      -0.347005        0.073010             0.017671         0.483607
115      0.4974      -0.868823        0.145080             0.907732         0.342095
115      0.5590      -0.931782        0.117525             0.958388         0.114810
115      0.4818      -0.842107        0.332361             0.880628         0.910082
115      0.5188      -0.895708        0.145569             0.931238         0.227452
115      0.4467      -0.741189        0.460112             0.716437        11.633113
115      0.4689      -0.813751        0.302275             0.846831         1.746631
115      0.4574      -0.781781        0.383279             0.802993         3.083901
115      0.4362      -0.669376        0.393544             0.226276        25.635843
115      0.4016      -0.558011        0.216843             0.052174        10.138933
115      0.4142      -0.593184        0.300286             0.076036        13.437319
115      0.4255      -0.632017        0.388670             0.159713        87.172470
115      0.3626      -0.464681        0.125105             0.030981         2.479350
115      0.3865      -0.518757        0.145741             0.044922         5.568647
115      0.3115      -0.371406        0.072051             0.021130         1.373426
115      0.5698      -0.939560        0.121653             0.963918         0.105057
115      0.5000      -0.871902        0.177541             0.910507         0.434959
115      0.4838      -0.845629        0.155512             0.884995         0.471053
115      0.5228      -0.899341        0.154946             0.933993         0.192295
115      0.4590      -0.762749        0.423202             0.414203       217.159455
115      0.4482      -0.747809        0.298659             0.729529         5.248694
115      0.4706      -0.815915        0.271675             0.849611         1.504361
115      0.4377      -0.689493        0.828392             0.319356       276.345320
115      0.4271      -0.634453        0.311579             0.077269        19.884980
115      0.4159      -0.596782        0.216495             0.092434        20.949827
115      0.4035      -0.562474        0.222397             0.062764        11.204873
115      0.3662      -0.472679        0.110948             0.032278         2.501385
115      0.3888      -0.523661        0.194188             0.045511         5.921422
115      0.3224      -0.389641        0.098312             0.022928         1.315643
115      0.5848      -0.947078        0.101493             0.968709         0.086011
115      0.5027      -0.867209        0.647440             0.819672       117.056101
115      0.4859      -0.849612        0.235679             0.889337         0.679635
115      0.5271      -0.905408        0.137595             0.938778         0.197936
115      0.4497      -0.754102        0.312078             0.745219         6.431203
115      0.4606      -0.794228        0.282380             0.821989         1.727163
115      0.4724      -0.820641        0.255714             0.854321         1.550402
115      0.4392      -0.693713        0.745909             0.344000       333.230246
115      0.4286      -0.648560        0.406569             0.329040        93.549030
115      0.4175      -0.604947        0.324868             0.117305        38.641568
115      0.4054      -0.568129        0.232429             0.062597        13.296921
115      0.3696      -0.479286        0.139740             0.034905         3.316580
115      0.3911      -0.527790        0.176343             0.047229         6.797235
115      0.3310      -0.404638        0.088885             0.024498         1.238383
115      0.4512      -0.760620        0.418396             0.754114         7.005199
115      1.0000      -0.998589        0.006428             0.999279         0.001704
115      0.5055      -0.880789        0.178604             0.918795         0.296975
115      0.4880      -0.842907        0.967013             0.754988       258.847997
115      0.4742      -0.824901        0.248190             0.861261         1.105383
115      0.4407      -0.705565        0.438128             0.522278        78.024015
115      0.5318      -0.909012        0.128211             0.941843         0.182626
115      0.4622      -0.797694        0.247278             0.826346         1.672674
115      0.4192      -0.609063        0.322015             0.099475        29.922478
115      0.4301      -0.647168        0.310118             0.203664        50.991048
115      0.4072      -0.573000        0.261027             0.070798        14.284810
115      0.3728      -0.487888        0.149845             0.037709         3.193797
115      0.3933      -0.534002        0.223298             0.047610         6.455237
115      0.3381      -0.417161        0.105001             0.026042         1.859606
115      0.3758      -0.493287        0.182342             0.035232         4.150102
115      0.3442      -0.430848        0.119463             0.025092         1.530446
116      0.4422      -0.725048        0.302713             0.683992         7.174937
116      0.4528      -0.763411        0.355233             0.766567         4.332260
116      0.4902      -0.857724        0.179450             0.897227         0.428431
116      0.4639      -0.802414        0.255485             0.833737         1.656029
116      0.4208      -0.615208        0.234456             0.100554        24.034547
116      0.4090      -0.578569        0.202434             0.075190        14.626452
116      0.5372      -0.915198        0.144924             0.946130         0.161681
116      0.4317      -0.652412        0.389054             0.118540        20.460293
116      0.4760      -0.830094        0.257592             0.866443         1.147088
116      0.3955      -0.540175        0.231862             0.049021         6.230241
116      0.3495      -0.439622        0.121500             0.026373         1.726762
116      0.3787      -0.498026        0.158802             0.037316         3.514242
116      0.5085      -0.885337        0.143078             0.922713         0.205630
116      0.0000       0.010256        0.000000             0.006688         0.000000
116      0.4925      -0.860501        0.227119             0.899591         0.538143
116      0.4655      -0.805724        0.320968             0.835676         2.638804
116      0.5433      -0.920620        0.132591             0.950155         0.142067
116      0.4543      -0.769579        0.395868             0.775385         6.329865
116      0.4437      -0.728150        0.417745             0.661381        29.060164
116      0.4779      -0.833337        0.260485             0.870837         0.989972
116      0.4224      -0.618106        0.225888             0.090300        32.392174
116      0.4332      -0.663291        0.358668             0.236925        91.651925
116      0.4107      -0.583646        0.269225             0.074346        15.595570
116      0.3976      -0.547965        0.267600             0.050355         8.218016
116      0.3814      -0.504713        0.183301             0.036998         3.916510
116      0.5117      -0.887686        0.179626             0.924440         0.298767
116      0.3543      -0.447387        0.137223             0.028795         1.909946
116      0.2719      -0.311562        0.048159             0.015569         0.535033
116      0.4949      -0.865850        0.169629             0.904884         0.389103
116      0.4672      -0.807941        0.297520             0.841097         1.253948
116      0.5504      -0.925807        0.126564             0.954064         0.124683
116      0.4559      -0.773873        0.466962             0.773069        13.463640
116      0.4452      -0.732922        0.398350             0.679884        12.023083
116      0.4798      -0.805809        0.250234             0.151315        31.937363
116      0.4239      -0.628915        0.295964             0.187021        54.405837
116      0.4347      -0.677499        0.358065             0.443265        55.495440
116      0.5151      -0.892689        0.147874             0.928597         0.211454
116      0.4125      -0.588016        0.280819             0.061570        11.759939
116      0.3996      -0.551075        0.259496             0.046067         6.570017
116      0.3840      -0.512347        0.188334             0.046856         5.728083
116      0.3586      -0.454367        0.154548             0.025531         1.834807
116      0.2965      -0.346946        0.072535             0.018805         0.782893
116      0.4467      -0.744624        0.401852             0.726901         9.390614
116      0.4689      -0.812170        0.268466             0.846512         1.168317
116      0.4974      -0.868521        0.230517             0.907748         0.483149
116      0.4818      -0.841009        0.244533             0.880893         0.849995
116      0.4362      -0.679532        0.462446             0.404514        58.104467
116      0.4574      -0.781922        0.281431             0.801350         2.270154
116      0.5590      -0.932065        0.125368             0.958343         0.129396
116      0.4255      -0.633799        0.334376             0.198315        96.437371
116      0.5188      -0.895456        0.129257             0.930554         0.196184
116      0.4016      -0.556012        0.186992             0.052054         9.357920
116      0.4142      -0.592974        0.288058             0.082284        19.576352
116      0.3626      -0.465251        0.130267             0.031910         2.605298
116      0.3865      -0.519147        0.196946             0.041578         5.000582
116      0.3115      -0.371136        0.064243             0.018001         0.702378
116      0.4706      -0.819246        0.239779             0.855049         1.158809
116      0.4482      -0.749627        0.383311             0.738582         8.338567
116      0.5000      -0.872287        0.143093             0.911234         0.337322
116      0.4838      -0.846452        0.227948             0.885819         0.511393
116      0.4590      -0.787293        0.264879             0.809267         2.447549
116      0.5698      -0.938830        0.106139             0.963368         0.094343
116      0.4377      -0.692270        0.753065             0.448668       239.354226
116      0.4271      -0.641320        0.318677             0.146882        59.224002
116      0.5228      -0.900672        0.137878             0.935311         0.201075
116      0.4035      -0.561064        0.188539             0.068587        14.233158
116      0.4159      -0.596651        0.271716             0.068438        13.177430
116      0.3662      -0.473029        0.115376             0.029457         2.177732
116      0.3888      -0.524480        0.146528             0.041207         5.309631
116      0.3224      -0.388077        0.107911             0.019981         0.978855
116      0.4724      -0.821619        0.248897             0.857652         1.178553
116      0.4497      -0.758827        0.488861             0.759322         8.475239
116      0.5027      -0.876150        0.195912             0.914493         0.334919
116      0.4859      -0.849223        0.198323             0.889689         0.514375
116      0.5848      -0.918371        0.093877             0.419477       111.241508
116      0.4606      -0.792166        0.241988             0.817928         2.027842
116      0.4392      -0.709896        0.600077             0.606332        60.185727
116      0.5271      -0.906021        0.189576             0.939330         0.263868
116      0.4286      -0.646299        0.305480             0.158896        66.002763
116      0.4054      -0.566706        0.231753             0.060337        10.759110
116      0.4175      -0.605437        0.259474             0.103215        24.187790
116      0.3911      -0.529260        0.189220             0.051304         7.950124
116      0.3696      -0.481140        0.171073             0.031726         2.718738
116      0.3310      -0.403967        0.083324             0.022234         1.628012
116      0.4742      -0.828260        0.264551             0.864211         1.149161
116      0.5055      -0.881625        0.186442             0.919569         0.334090
116      0.4512      -0.763463        0.408693             0.768814         5.349536
116      0.4880      -0.854288        0.157861             0.892331         0.680758
116      0.4622      -0.798787        0.309441             0.827603         2.007141
116      1.0000      -0.998613        0.007249             0.999290         0.001925
116      0.4407      -0.718741        0.761478             0.652763        27.464992
116      0.5318      -0.910721        0.132293             0.943011         0.178727
116      0.4301      -0.650388        0.331747             0.160771        72.193970
116      0.4072      -0.573866        0.207471             0.050382         8.225279
116      0.4192      -0.611295        0.283096             0.081934        16.476921
116      0.3933      -0.536816        0.243362             0.046629         6.981797
116      0.3728      -0.486321        0.113105             0.035697         3.833888
116      0.3381      -0.417433        0.126481             0.025675         1.755480
116      0.3758      -0.491379        0.150195             0.031538         3.002096
116      0.3442      -0.428600        0.117827             0.023919         1.749561
117      0.5372      -0.915127        0.135457             0.946256         0.187244
117      0.4902      -0.858554        0.203937             0.898494         0.562783
117      0.5085      -0.882868        0.209159             0.920612         0.353636
117      0.4639      -0.803036        0.268561             0.836283         1.361988
117      0.4528      -0.767182        0.330452             0.774076         6.809484
117      0.4422      -0.721262        0.467367             0.653458        24.800549
117      0.4760      -0.830186        0.170788             0.867526         0.649805
117      0.4317      -0.660555        0.289218             0.259169        66.362579
117      0.4090      -0.579234        0.249227             0.076160        16.958438
117      0.4208      -0.616254        0.306785             0.109653        29.734640
117      0.3955      -0.541574        0.183287             0.050115         7.536002
117      0.3787      -0.500608        0.160906             0.037031         3.506220
117      0.3495      -0.438906        0.119751             0.029034         2.506589
117      0.0000      -0.002703        0.000000             0.012200         0.000000
117      0.5433      -0.919781        0.142192             0.949700         0.151472
117      0.5117      -0.888661        0.145223             0.925084         0.272607
117      0.4925      -0.859949        0.163401             0.898758         0.616955
117      0.4655      -0.805951        0.297349             0.836011         1.620188
117      0.4779      -0.835621        0.270057             0.873836         0.992316
117      0.4543      -0.772597        0.367605             0.789590         3.237214
117      0.4437      -0.725268        0.373894             0.630078        21.550561
117      0.4332      -0.661088        0.259525             0.129805        50.905376
117      0.4107      -0.583255        0.269669             0.073872        23.689851
117      0.4224      -0.621474        0.314840             0.175516        76.936611
117      0.3976      -0.546941        0.221825             0.050474         7.916492
117      0.3814      -0.506344        0.143936             0.035998         4.539931
117      0.3543      -0.449370        0.122031             0.025287         1.688794
117      0.2719      -0.309317        0.055797             0.015274         0.458643
117      0.5504      -0.925815        0.113346             0.954134         0.119258
117      0.5151      -0.892354        0.153226             0.928963         0.229997
117      0.4798      -0.838440        0.231216             0.876995         0.803166
117      0.4672      -0.810804        0.272770             0.844170         1.567441
117      0.4559      -0.775706        0.278882             0.790533         3.563273
117      0.4452      -0.736888        0.661973             0.718687        14.937328
117      0.4347      -0.678859        0.552244             0.456876        88.725383
117      0.4239      -0.628071        0.328860             0.093063        19.963676
117      0.4125      -0.588845        0.231551             0.077208        27.686793
117      0.3996      -0.552349        0.194209             0.060025        11.336282
117      0.4949      -0.865860        0.188988             0.905083         0.421975
117      0.3840      -0.512591        0.157369             0.038444         4.353453
117      0.3586      -0.455409        0.110397             0.027457         2.059339
117      0.2965      -0.347033        0.070777             0.020384         1.076718
117      0.5590      -0.902585        0.138995             0.076377        18.081417
117      0.5188      -0.896494        0.181964             0.931723         0.276142
117      0.4689      -0.812905        0.262872             0.847194         1.260649
117      0.4818      -0.812825        0.219123             0.249355        36.368555
117      0.4574      -0.781243        0.340629             0.798085         3.432253
117      0.4467      -0.742846        0.410601             0.704469        21.066240
117      0.4362      -0.681470        0.463360             0.420466        63.825082
117      0.4255      -0.633399        0.350078             0.088337        19.590033
117      0.4142      -0.595626        0.264723             0.060190        12.203426
117      0.4016      -0.558242        0.221486             0.057373        10.876879
117      0.3865      -0.518599        0.184974             0.042419         5.693193
117      0.3626      -0.463536        0.113201             0.031662         2.691075
117      0.4974      -0.859097        0.768432             0.806985       157.989632
117      0.3115      -0.371485        0.084224             0.021216         1.302244
117      0.5698      -0.938241        0.094094             0.962922         0.097013
117      0.5228      -0.900143        0.146133             0.934992         0.216105
117      0.4706      -0.819341        0.253573             0.856556         1.073732
117      0.4838      -0.846056        0.240208             0.885713         0.649283
117      0.4590      -0.763492        0.283802             0.473304        17.474530
117      0.4482      -0.724738        0.341586             0.337643        88.064040
117      0.4377      -0.677164        0.336495             0.071435        11.779196
117      0.4271      -0.638862        0.499861             0.112128        47.702470
117      0.4159      -0.599419        0.281400             0.080963        18.313081
117      0.4035      -0.561832        0.187260             0.061446        12.653224
117      0.5000      -0.873336        0.211348             0.911805         0.402615
117      0.3662      -0.474121        0.148715             0.032150         3.076998
117      0.3888      -0.525998        0.175149             0.043599         6.690655
117      0.3224      -0.390375        0.103730             0.022447         1.328259
117      0.5271      -0.905981        0.121010             0.939731         0.151053
117      0.5848      -0.947554        0.090903             0.969006         0.074754
117      0.4724      -0.823363        0.205783             0.859329         0.920854
117      0.4859      -0.850679        0.237755             0.889818         0.573170
117      0.4606      -0.791520        0.367367             0.816007         2.871307
117      0.4497      -0.752574        0.417384             0.733046        13.192792
117      0.4392      -0.685019        0.406313             0.256777       125.183782
117      0.4286      -0.643016        0.459257             0.138276        57.713773
117      0.4175      -0.605254        0.299936             0.075230        11.047754
117      0.4054      -0.567913        0.219337             0.060833        13.476092
117      0.5027      -0.847190        0.155539             0.372596        33.948287
117      0.3696      -0.480234        0.136874             0.030877         2.619277
117      0.3911      -0.530094        0.207570             0.047970         5.434216
117      0.3310      -0.405318        0.083769             0.021725         1.183097
117      0.5318      -0.909833        0.114731             0.942598         0.146138
117      1.0000      -0.998473        0.006525             0.999223         0.001776
117      0.4742      -0.795218        0.228427             0.110741        44.058907
117      0.4880      -0.853684        0.231073             0.893719         0.591027
117      0.4622      -0.796922        0.409446             0.821949         3.347578
117      0.4512      -0.760007        0.379302             0.752080         8.045738
117      0.4407      -0.710040        0.465251             0.565729       115.967636
117      0.4301      -0.652045        0.276836             0.102586        54.252763
117      0.5055      -0.880941        0.157022             0.918708         0.304532
117      0.4072      -0.573127        0.211261             0.082238        17.942835
117      0.4192      -0.611780        0.250561             0.112603        41.361905
117      0.3728      -0.488474        0.149185             0.033195         2.522411
117      0.3933      -0.534509        0.197586             0.049941         7.974763
117      0.3381      -0.417607        0.147434             0.026845         2.088143
117      0.3758      -0.491887        0.169341             0.032522         3.156111
117      0.3442      -0.428031        0.113518             0.027368         1.841388
118      0.5372      -0.915641        0.118394             0.946824         0.146198
118      0.4760      -0.831069        0.262650             0.868011         1.053601
118      0.4639      -0.799074        0.276128             0.822043         3.002379
118      0.4902      -0.856231        0.183176             0.894986         0.563432
118      0.5085      -0.853690        0.149908             0.211435        24.229675
118      0.4317      -0.663105        0.474320             0.336807       100.394107
118      0.4528      -0.764711        0.377073             0.762086         8.882899
118      0.4422      -0.716199        0.559250             0.595598        60.995326
118      0.4090      -0.578500        0.218445             0.054808         9.148798
118      0.3787      -0.499213        0.162246             0.031775         2.889731
118      0.4208      -0.618301        0.359893             0.094352        21.300177
118      0.3495      -0.438887        0.121337             0.022696         1.524630
118      0.3955      -0.541435        0.166922             0.056080         9.007083
118      0.0000      -0.004884        0.000000             0.012209         0.000000
118      0.5433      -0.889993        0.144020             0.180293        10.174219
118      0.4925      -0.860768        0.153140             0.900669         0.396123
118      0.5117      -0.887561        0.142897             0.924030         0.273112
118      0.4655      -0.805419        0.314842             0.836706         2.023996
118      0.4543      -0.772924        0.347187             0.785671         2.899846
118      0.4779      -0.834233        0.176833             0.872367         0.724313
118      0.4437      -0.727535        0.497861             0.661072        20.922505
118      0.4332      -0.659793        0.433765             0.155102        77.893227
118      0.4107      -0.582274        0.284456             0.066665        12.670403
118      0.3814      -0.505972        0.191253             0.038564         4.572088
118      0.4224      -0.620422        0.337571             0.098253        27.901844
118      0.3543      -0.448574        0.125659             0.027374         2.039684
118      0.3976      -0.546212        0.188152             0.050366         7.660534
118      0.2719      -0.310478        0.047332             0.017239         0.683532
118      0.5504      -0.925412        0.155679             0.953903         0.148380
118      0.4949      -0.865500        0.148130             0.904698         0.361554
118      0.5151      -0.892901        0.142131             0.928677         0.213114
118      0.4672      -0.809800        0.249168             0.843933         1.371012
118      0.4559      -0.779391        0.402724             0.796614         4.162265
118      0.4798      -0.839885        0.246658             0.879441         0.826346
118      0.4452      -0.730698        0.653657             0.670552        19.781324
118      0.4347      -0.672768        0.494682             0.324206        75.850542
118      0.4125      -0.588423        0.257714             0.073556        14.618485
118      0.4239      -0.631590        0.325991             0.135577        30.531197
118      0.3840      -0.513832        0.200760             0.041935         5.224055
118      0.3586      -0.457432        0.144342             0.028345         2.148234
118      0.3996      -0.553747        0.186144             0.056332         7.507758
118      0.2965      -0.346449        0.066546             0.018058         0.721564
118      0.5590      -0.903026        0.090840             0.204634       194.420054
118      0.4974      -0.869421        0.202370             0.908294         0.422509
118      0.5188      -0.896300        0.187854             0.931283         0.304800
118      0.4689      -0.813727        0.244586             0.846232         1.923555
118      0.4574      -0.783694        0.307259             0.808354         1.963220
118      0.4818      -0.840893        0.203173             0.880089         0.703217
118      0.4467      -0.739868        0.357976             0.695649        15.036668
118      0.4362      -0.674487        0.408503             0.126000        49.417143
118      0.4142      -0.592871        0.265606             0.066257        15.762357
118      0.4255      -0.633934        0.236325             0.130167        50.128726
118      0.3865      -0.517192        0.208203             0.039237         3.809420
118      0.3626      -0.465159        0.149650             0.027397         2.545648
118      0.4016      -0.558726        0.167210             0.059914         7.979702
118      0.3115      -0.371547        0.088501             0.018951         0.975955
118      0.5698      -0.938805        0.109568             0.963179         0.091443
118      0.5000      -0.873742        0.188123             0.911689         0.477433
118      0.5228      -0.901072        0.164249             0.935345         0.249364
118      0.4706      -0.817288        0.284616             0.851400         1.913816
118      0.4838      -0.845994        0.218420             0.884787         0.938297
118      0.4590      -0.785781        0.329193             0.797149         5.591363
118      0.4377      -0.688113        0.460785             0.376257        77.941592
118      0.4482      -0.749193        0.414474             0.735745         8.554166
118      0.4271      -0.635506        0.361316             0.152262        84.084554
118      0.3888      -0.522764        0.202287             0.049986         6.477959
118      0.4159      -0.598691        0.218377             0.056487         9.680712
118      0.3662      -0.473070        0.148983             0.027850         3.017294
118      0.4035      -0.564163        0.289266             0.056143        16.561728
118      0.3224      -0.389272        0.071407             0.020115         1.037798
118      0.5848      -0.919334        0.102016             0.340510        50.173035
118      0.5027      -0.876231        0.145538             0.915069         0.284827
118      0.5271      -0.906155        0.141987             0.939509         0.199032
118      0.4724      -0.823217        0.193570             0.858804         1.065889
118      0.4859      -0.850941        0.233365             0.890431         0.611056
118      0.4606      -0.791119        0.264796             0.814848         2.356400
118      0.4392      -0.693749        0.703481             0.445369        95.681672
118      0.4497      -0.757488        0.445267             0.751079         7.572840
118      0.4286      -0.645612        0.270935             0.118238        39.121743
118      0.4175      -0.600299        0.276927             0.070312        17.018753
118      0.3911      -0.528693        0.146607             0.046270         7.266640
118      0.3696      -0.479188        0.168637             0.040052         3.883143
118      0.4054      -0.566016        0.216102             0.057262        10.438686
118      0.3310      -0.404168        0.101205             0.022325         1.172588
118      1.0000      -0.976409        0.008323             0.183716        32.646624
118      0.5318      -0.910823        0.134257             0.942919         0.177735
118      0.5055      -0.880136        0.198300             0.917962         0.350322
118      0.4742      -0.827399        0.276710             0.862972         1.253559
118      0.4622      -0.795024        0.272569             0.822244         1.822255
118      0.4407      -0.713541        0.389970             0.600066        24.825184
118      0.4512      -0.758805        0.433138             0.742407        14.193897
118      0.4880      -0.822620        0.165612             0.133949        36.537733
118      0.4301      -0.651533        0.426225             0.209599        92.519799
118      0.4192      -0.612162        0.251489             0.087402        19.533683
118      0.3933      -0.534920        0.152587             0.054336         7.185567
118      0.3728      -0.486910        0.151861             0.032709         3.870936
118      0.4072      -0.573878        0.242246             0.068364        13.591869
118      0.3381      -0.417384        0.127501             0.022234         1.454590
118      0.3758      -0.493490        0.133130             0.038562         4.362930
118      0.3442      -0.428611        0.103991             0.025392         2.035786
119      0.5372      -0.915065        0.136396             0.946234         0.184063
119      0.4902      -0.857503        0.256939             0.896808         0.567661
119      0.5085      -0.883974        0.149071             0.921589         0.283059
119      0.4639      -0.801667        0.211075             0.834900         1.195199
119      0.4760      -0.830615        0.240304             0.868667         0.923313
119      0.4528      -0.767569        0.373358             0.775233         4.475652
119      0.4422      -0.714464        0.322779             0.568055        21.942722
119      0.4317      -0.658534        0.411082             0.260452        43.391826
119      0.4090      -0.579595        0.246311             0.079520        18.625360
119      0.4208      -0.616629        0.285972             0.133637        40.905912
119      0.3955      -0.539729        0.186985             0.050135         7.493283
119      0.3787      -0.501515        0.205834             0.035962         3.568178
119      0.3495      -0.438478        0.107915             0.024993         1.661310
119      0.0000      -0.006991        0.000000             0.005579         0.000000
119      0.5433      -0.919808        0.131942             0.950091         0.188163
119      0.4925      -0.860227        0.181345             0.900304         0.378215
119      0.5117      -0.889039        0.166822             0.925841         0.274154
119      0.4655      -0.805997        0.268193             0.835159         2.108860
119      0.4779      -0.834266        0.266458             0.872933         0.930247
119      0.4543      -0.771866        0.396714             0.783747         4.740832
119      0.4437      -0.731285        0.309644             0.684570         9.092677
119      0.4332      -0.669759        0.756307             0.262754       238.602336
119      0.4224      -0.621271        0.316466             0.101667        34.444678
119      0.4107      -0.581604        0.239582             0.064978        11.258857
119      0.3976      -0.546104        0.202855             0.055224        10.647979
119      0.3814      -0.506981        0.165977             0.043596         4.936562
119      0.3543      -0.448658        0.100981             0.029879         2.370353
119      0.2719      -0.309040        0.057000             0.015543         0.609175
119      0.5504      -0.926745        0.131525             0.954481         0.142169
119      0.5151      -0.894380        0.192920             0.930544         0.317012
119      0.4672      -0.813300        0.264189             0.848752         1.356762
119      0.4798      -0.839664        0.230494             0.877900         0.876682
119      0.4559      -0.778723        0.297247             0.792417         5.026005
119      0.4452      -0.734722        0.362217             0.693188        16.099865
119      0.4347      -0.673520        0.335187             0.142722        79.829548
119      0.4239      -0.629707        0.312231             0.154828        61.181667
119      0.4125      -0.591097        0.220962             0.068241        18.253267
119      0.3996      -0.552728        0.215097             0.058647        11.789602
119      0.4949      -0.864716        0.216123             0.902871         0.696182
119      0.3840      -0.515208        0.165452             0.040229         5.940085
119      0.3586      -0.458681        0.114137             0.028953         2.179050
119      0.2965      -0.348677        0.072843             0.018133         0.876254
119      0.5188      -0.867930        0.168404             0.164945        14.916676
119      0.5590      -0.902993        0.136774             0.068118        44.546488
119      0.4689      -0.814492        0.316399             0.847730         1.588973
119      0.4818      -0.840624        0.205892             0.878808         0.736693
119      0.4574      -0.784203        0.327964             0.799633         3.215844
119      0.4467      -0.747327        0.339244             0.740417         5.960703
119      0.4362      -0.682288        0.369093             0.406002        51.142359
119      0.4255      -0.630413        0.311262             0.125272        30.559329
119      0.4142      -0.593421        0.202849             0.063174        11.793997
119      0.4974      -0.869029        0.198980             0.907478         0.408419
119      0.4016      -0.555918        0.216717             0.047016         6.709546
119      0.3865      -0.518196        0.187434             0.041025         5.583762
119      0.3626      -0.464161        0.132667             0.032680         3.151688
119      0.3115      -0.370556        0.087350             0.020479         1.044974
119      0.5698      -0.939956        0.108268             0.964161         0.094835
119      0.5228      -0.903027        0.117902             0.936495         0.166227
119      0.4706      -0.818616        0.295071             0.855132         1.205672
119      0.4838      -0.846009        0.245149             0.886018         0.622413
119      0.4590      -0.788821        0.271803             0.814204         2.052404
119      0.4482      -0.752099        0.390809             0.747367         5.177191
119      0.4377      -0.690913        0.635197             0.467783        78.412031
119      0.4271      -0.638009        0.296426             0.200973        71.831320
119      0.5000      -0.873633        0.170490             0.911724         0.358027
119      0.4159      -0.600785        0.314130             0.082373        18.040731
119      0.4035      -0.561953        0.251864             0.058691        12.176111
119      0.3888      -0.525327        0.196703             0.053500         7.758827
119      0.3662      -0.474256        0.198871             0.034003         2.649022
119      0.3224      -0.389687        0.069863             0.019203         0.927438
119      0.5271      -0.905765        0.142663             0.939332         0.209772
119      0.5848      -0.918853        0.086561             0.098356        17.001316
119      0.4724      -0.822950        0.239413             0.858537         1.264528
119      0.4859      -0.850703        0.246431             0.889430         0.799907
119      0.4392      -0.704836        0.340862             0.558572        21.404342
119      0.5027      -0.877329        0.256320             0.915760         0.425906
119      0.4286      -0.644428        0.400139             0.092283        30.137691
119      0.4497      -0.752599        0.392235             0.740330         7.656235
119      0.4175      -0.603579        0.337645             0.088176        26.505519
119      0.4054      -0.568838        0.153246             0.056634         9.449390
119      0.3911      -0.530652        0.152014             0.042041         5.138616
119      0.4606      -0.781627        0.688312             0.659739       186.665362
119      0.3696      -0.481113        0.141788             0.031215         2.762318
119      0.3310      -0.404823        0.106883             0.026100         2.054860
119      1.0000      -0.998641        0.006886             0.999311         0.001799
119      0.4742      -0.826497        0.268679             0.862618         1.508987
119      0.4880      -0.852924        0.252680             0.892258         0.638402
119      0.5318      -0.880528        0.124694             0.335496         9.775561
119      0.5055      -0.872388        0.687145             0.816173       205.515748
119      0.4407      -0.697157        0.333810             0.296286        67.379183
119      0.4301      -0.648919        0.341615             0.131525        57.682573
119      0.4512      -0.763713        0.344864             0.772106         4.498076
119      0.4192      -0.609478        0.328100             0.088663        21.868808
119      0.4072      -0.572236        0.252902             0.074171        15.031851
119      0.4622      -0.796295        0.373650             0.825363         3.213429
119      0.3933      -0.536045        0.243640             0.047457         7.992776
119      0.3728      -0.487347        0.172841             0.033208         3.098880
119      0.3381      -0.417658        0.127578             0.022981         1.704199
119      0.3758      -0.492581        0.203663             0.044056         4.784804
119      0.3442      -0.428721        0.113514             0.026624         1.691687
120      0.5372      -0.915360        0.134503             0.946710         0.162614
120      0.4902      -0.856365        0.167682             0.896175         0.464219
120      0.4760      -0.829631        0.242091             0.866403         1.006455
120      0.4639      -0.801794        0.317733             0.830382         2.054105
120      0.4528      -0.765297        0.433917             0.772514         6.285191
120      0.4422      -0.725611        0.447621             0.675207        13.655653
120      0.4317      -0.658381        0.385638             0.247256       106.758628
120      0.4090      -0.577524        0.242517             0.060968         9.398899
120      0.3955      -0.540693        0.212336             0.041053         4.963279
120      0.4208      -0.615011        0.326635             0.139993        37.301550
120      0.3787      -0.501383        0.171884             0.033668         3.974571
120      0.3495      -0.440076        0.112713             0.025069         2.052198
120      0.5085      -0.855133        0.208353             0.500819        70.978215
120      0.0000      -0.005972        0.000000             0.005972         0.000000
120      0.5433      -0.920431        0.142896             0.950117         0.173415
120      0.4925      -0.861533        0.161657             0.901026         0.421300
120      0.4779      -0.834507        0.141353             0.872085         0.798576
120      0.4655      -0.806090        0.319977             0.839951         1.319076
120      0.4437      -0.726207        0.402876             0.676729        12.097330
120      0.4332      -0.660951        0.371422             0.189044        59.519838
120      0.3976      -0.547293        0.226737             0.041562         5.254944
120      0.4107      -0.582432        0.203422             0.067050        16.747739
120      0.4224      -0.621235        0.357364             0.079497        20.755433
120      0.5117      -0.889004        0.158526             0.925901         0.270031
120      0.3543      -0.448567        0.112857             0.027183         2.335537
120      0.3814      -0.506156        0.178406             0.038908         4.871755
120      0.4543      -0.769910        0.370730             0.763056        14.388232
120      0.2719      -0.309887        0.057550             0.017561         0.569267
120      0.5504      -0.926083        0.115062             0.954400         0.124157
120      0.4798      -0.837815        0.229081             0.875161         0.945401
120      0.4949      -0.864699        0.218346             0.904203         0.426439
120      0.4672      -0.808240        0.211845             0.840071         1.424151
120      0.4452      -0.738860        0.400208             0.717483        10.643886
120      0.4347      -0.666218        0.381997             0.135400        49.544259
120      0.3996      -0.552504        0.243599             0.045819         6.893925
120      0.4125      -0.588801        0.182693             0.069819        14.635422
120      0.4239      -0.626332        0.339825             0.105229        46.546878
120      0.3586      -0.455921        0.125873             0.027339         2.589409
120      0.3840      -0.511476        0.150874             0.044529         5.487894
120      0.5151      -0.891992        0.142844             0.928671         0.227718
120      0.4559      -0.777542        0.365639             0.798418         2.893197
120      0.2965      -0.347786        0.072780             0.018607         0.943703
120      0.5590      -0.903207        0.121704             0.118246        48.240678
120      0.4974      -0.868949        0.177413             0.907946         0.374825
120      0.4818      -0.842187        0.261765             0.880585         0.844276
120      0.4689      -0.811487        0.260610             0.841796         1.812336
120      0.4467      -0.729515        0.608237             0.548006       113.136741
120      0.4016      -0.556337        0.254191             0.048653         7.176908
120      0.4142      -0.592756        0.284701             0.069736        15.337422
120      0.4362      -0.683571        0.639389             0.426101        68.991455
120      0.4255      -0.633157        0.262070             0.115340        43.492848
120      0.4574      -0.780072        0.362553             0.797182         2.988856
120      0.3865      -0.519358        0.187329             0.039382         4.585300
120      0.3626      -0.465518        0.134081             0.027921         2.594455
120      0.5188      -0.875036        0.598054             0.588421       408.328673
120      0.3115      -0.371611        0.084731             0.019385         1.005792
120      0.5698      -0.909557        0.121465             0.371668       129.380417
120      0.5000      -0.871443        0.202963             0.909844         0.435785
120      0.4838      -0.845724        0.226337             0.884278         0.779451
120      0.4706      -0.810037        0.449678             0.758236        82.388266
120      0.4482      -0.743678        0.584587             0.680046        56.499011
120      0.4159      -0.597140        0.270185             0.069757        18.099867
120      0.4377      -0.679331        0.391069             0.141000        28.825478
120      0.4271      -0.638549        0.326482             0.105447        28.005561
120      0.4035      -0.564794        0.218944             0.048833         7.201282
120      0.3888      -0.523986        0.203723             0.039447         5.565243
120      0.3662      -0.472418        0.161844             0.027839         2.255047
120      0.4590      -0.787593        0.369400             0.812003         2.883690
120      0.5228      -0.885049        1.032882             0.717538       329.882469
120      0.3224      -0.390171        0.075325             0.024108         1.514654
120      0.5848      -0.947621        0.087605             0.969214         0.066699
120      0.5027      -0.874917        0.156628             0.911971         0.352429
120      0.4859      -0.848868        0.231603             0.888224         0.749618
120      0.4724      -0.820389        0.234682             0.855286         1.316329
120      0.4497      -0.757749        0.448760             0.763154         5.301044
120      0.4392      -0.689992        0.425043             0.364232       115.324277
120      0.4175      -0.603960        0.245732             0.101583        23.469205
120      0.4054      -0.568546        0.180384             0.048033         9.300587
120      0.4286      -0.644196        0.337033             0.172478        52.787532
120      0.3911      -0.531106        0.184369             0.041197         5.549414
120      0.3696      -0.481526        0.123313             0.035529         3.907174
120      0.4606      -0.791758        0.269876             0.816861         2.066756
120      0.5271      -0.876557        0.170400             0.085751        21.458968
120      0.3310      -0.404421        0.108234             0.020150         1.296572
120      1.0000      -0.998553        0.006247             0.999260         0.001667
120      0.5055      -0.850899        0.180936             0.261413        88.147771
120      0.4880      -0.854381        0.215706             0.893874         0.639200
120      0.4742      -0.827557        0.227683             0.864333         0.968284
120      0.4512      -0.752785        0.536041             0.649246       125.178910
120      0.4407      -0.707939        0.390596             0.506199        88.898348
120      0.4301      -0.651465        0.256600             0.201097        64.790026
120      0.4192      -0.608667        0.286236             0.094289        24.285958
120      0.4072      -0.572250        0.281589             0.067436        13.350289
120      0.3933      -0.534412        0.198617             0.051660         6.132435
120      0.3728      -0.486785        0.153415             0.034957         2.623250
120      0.5318      -0.909921        0.157453             0.942385         0.218724
120      0.4622      -0.796746        0.296413             0.825181         1.948494
120      0.3381      -0.418094        0.088462             0.023504         1.512668
120      0.3758      -0.493154        0.129210             0.034503         3.854503
120      0.3442      -0.428044        0.097305             0.023690         1.789974
121      0.5372      -0.914498        0.156610             0.945620         0.186993
121      0.4639      -0.802141        0.308636             0.830624         2.531397
121      0.4760      -0.820351        0.729123             0.743134       157.285436
121      0.4902      -0.857839        0.245787             0.897278         0.619389
121      0.4422      -0.724367        0.644078             0.653207        63.708417
121      0.4528      -0.767983        0.413764             0.780630         4.089212
121      0.4317      -0.656092        0.332927             0.154682        48.336935
121      0.4090      -0.577335        0.210168             0.075474        14.890958
121      0.4208      -0.617519        0.328966             0.106418        26.432151
121      0.3955      -0.541852        0.277697             0.047468         5.394662
121      0.3787      -0.499908        0.163732             0.037700         4.727210
121      0.3495      -0.439444        0.119336             0.025288         1.492039
121      0.5085      -0.855715        0.189814             0.043591         5.234561
121      0.0000       0.011133        0.000000             0.011270         0.000000
121      0.5433      -0.920414        0.114280             0.949973         0.157631
121      0.4655      -0.806832        0.316597             0.838802         1.481662
121      0.4779      -0.836463        0.276297             0.874961         1.082682
121      0.4925      -0.861404        0.208345             0.900432         0.527436
121      0.4437      -0.732518        0.525166             0.695783        13.551745
121      0.4332      -0.663380        0.370963             0.142265        90.595241
121      0.4107      -0.581948        0.160670             0.061519        13.310132
121      0.4224      -0.618368        0.235817             0.091143        17.886665
121      0.3814      -0.506468        0.147369             0.039623         4.641981
121      0.3976      -0.545248        0.194891             0.062053         9.514742
121      0.3543      -0.447954        0.141670             0.028572         2.208592
121      0.4543      -0.771375        0.326258             0.778159         5.092585
121      0.5117      -0.887937        0.164492             0.924420         0.266757
121      0.2719      -0.309831        0.050230             0.014720         0.555453
121      0.5504      -0.921736        0.380284             0.910607        78.384565
121      0.4949      -0.864680        0.200300             0.903505         0.430929
121      0.4798      -0.837022        0.275484             0.875010         0.962036
121      0.4672      -0.809532        0.335253             0.842418         1.718471
121      0.4452      -0.737698        0.462372             0.713839         6.329574
121      0.4347      -0.666834        0.305359             0.207885        57.188614
121      0.4125      -0.590303        0.246148             0.073035        25.783674
121      0.4239      -0.628734        0.389334             0.152436        49.556195
121      0.3996      -0.553267        0.215357             0.058083         8.160686
121      0.3840      -0.512772        0.164533             0.031159         3.043174
121      0.3586      -0.456302        0.118931             0.025946         2.476252
121      0.5151      -0.864102        0.187295             0.171617        15.524140
121      0.2965      -0.346808        0.090291             0.016585         0.663553
121      0.4559      -0.754730        0.428553             0.437481       208.333055
121      0.5590      -0.932195        0.125422             0.958529         0.126374
121      0.4818      -0.842135        0.198391             0.881344         0.611295
121      0.4974      -0.869626        0.174837             0.907524         0.452800
121      0.4689      -0.815633        0.224816             0.851909         0.906242
121      0.4467      -0.739280        0.338256             0.685830        20.867539
121      0.4362      -0.676239        0.456245             0.180261       107.470059
121      0.4255      -0.630111        0.258659             0.071603        18.474539
121      0.4142      -0.592643        0.291172             0.099317        26.919412
121      0.4016      -0.557515        0.247853             0.064762        12.205550
121      0.3865      -0.517773        0.173585             0.043747         4.727933
121      0.3626      -0.466116        0.110056             0.029143         2.618817
121      0.5188      -0.896396        0.125787             0.931908         0.222428
121      0.4574      -0.782116        0.281816             0.804897         2.143305
121      0.3115      -0.371174        0.073656             0.020085         1.067839
121      0.5698      -0.939309        0.129305             0.963549         0.108152
121      0.5000      -0.872783        0.212794             0.911439         0.433373
121      0.4838      -0.846606        0.180854             0.886310         0.556331
121      0.4706      -0.817929        0.279216             0.852614         1.453085
121      0.4482      -0.749465        0.415732             0.736120         5.724341
121      0.4271      -0.639328        0.308940             0.120981        28.036095
121      0.4377      -0.691481        0.461999             0.499798        22.048126
121      0.4159      -0.598807        0.265273             0.092218        29.759951
121      0.4035      -0.564307        0.270440             0.054409         9.668925
121      0.3888      -0.523430        0.168654             0.047545         5.513982
121      0.3662      -0.473839        0.159249             0.034652         4.105386
121      0.5228      -0.901948        0.155340             0.936230         0.218567
121      0.3224      -0.390100        0.081691             0.020280         1.224785
121      0.4590      -0.788409        0.323413             0.812047         3.036242
121      0.5848      -0.946639        0.109068             0.968152         0.096375
121      0.4859      -0.848072        0.156558             0.886288         0.633701
121      0.5027      -0.875152        0.230315             0.913208         0.474235
121      0.4724      -0.821139        0.322792             0.856563         1.502373
121      0.4497      -0.756069        0.346393             0.746755         6.016289
121      0.4286      -0.644319        0.398638             0.105922        59.769201
121      0.4392      -0.696788        0.470963             0.489064        31.056211
121      0.4175      -0.604818        0.230748             0.087327        17.660802
121      0.4054      -0.567770        0.213627             0.058597        10.884697
121      0.3911      -0.530162        0.182357             0.041355         5.538297
121      0.3696      -0.479353        0.142192             0.030732         2.992857
121      0.5271      -0.875711        0.131594             0.061287        26.575711
121      0.3310      -0.403686        0.114140             0.024419         1.557201
121      0.4606      -0.792755        0.316839             0.821060         1.978011
121      1.0000      -0.998526        0.007077             0.999246         0.001896
121      0.4880      -0.853633        0.218782             0.892091         0.698788
121      0.5055      -0.881208        0.162933             0.918433         0.352679
121      0.4742      -0.828012        0.299659             0.864550         1.241435
121      0.4512      -0.757026        0.524028             0.746515        10.276807
121      0.4407      -0.702116        0.433636             0.444959        58.356356
121      0.4301      -0.650706        0.355769             0.102530        24.864192
121      0.4192      -0.610475        0.280091             0.095246        21.589138
121      0.3933      -0.536284        0.169103             0.055877         7.974589
121      0.4072      -0.571696        0.252020             0.059893         9.477140
121      0.3728      -0.487801        0.145386             0.035845         3.779273
121      0.5318      -0.909182        0.145700             0.941813         0.208562
121      0.3381      -0.416361        0.087899             0.021285         1.345279
121      0.4622      -0.794839        0.361839             0.820283         2.661585
121      0.3758      -0.491382        0.153235             0.031841         3.166730
121      0.3442      -0.428392        0.131774             0.024358         2.132480
122      0.4639      -0.803160        0.266750             0.835297         1.752635
122      0.4760      -0.831063        0.202368             0.869327         0.883174
122      0.5372      -0.914636        0.135314             0.945763         0.166349
122      0.3787      -0.501279        0.130863             0.038947         4.561158
122      0.4090      -0.579812        0.263586             0.063099        14.837059
122      0.3955      -0.541328        0.261030             0.047275         7.350581
122      0.4902      -0.858293        0.206410             0.896979         0.596575
122      0.4208      -0.615794        0.328356             0.085163        24.293766
122      0.4317      -0.655087        0.361143             0.143702        26.954548
122      0.5085      -0.884519        0.178521             0.921870         0.335762
122      0.4422      -0.715728        0.412191             0.612514        18.532030
122      0.3495      -0.438164        0.084733             0.026829         2.293448
122      0.4528      -0.767603        0.332429             0.775746         4.276041
122      0.0000       0.002284        0.000000             0.002553         0.000000
122      0.4655      -0.803265        0.329781             0.832897         2.229931
122      0.4779      -0.832894        0.262397             0.871747         1.076655
122      0.5433      -0.919374        0.132691             0.949273         0.173622
122      0.4925      -0.861754        0.243029             0.901056         0.480148
122      0.3814      -0.507042        0.216221             0.038378         4.438130
122      0.4224      -0.618480        0.345167             0.116745        46.792543
122      0.4332      -0.658987        0.373796             0.191123        41.007439
122      0.4107      -0.582395        0.234565             0.062881        12.660986
122      0.3976      -0.546569        0.205905             0.042291         7.957672
122      0.4437      -0.731686        0.398587             0.699172         9.656110
122      0.3543      -0.447579        0.120004             0.026815         2.022398
122      0.5117      -0.887085        0.154890             0.923359         0.327468
122      0.4543      -0.769277        0.399190             0.779413         4.241373
122      0.2719      -0.310030        0.045443             0.015752         0.474152
122      0.4672      -0.809570        0.275065             0.842791         1.458060
122      0.5504      -0.926001        0.105774             0.954436         0.106423
122      0.4798      -0.838916        0.232782             0.877970         0.738094
122      0.4949      -0.865347        0.188760             0.903910         0.423390
122      0.4239      -0.627294        0.343295             0.155763        34.915611
122      0.4347      -0.669368        0.324044             0.206435        47.347891
122      0.3840      -0.512541        0.136709             0.036893         3.376528
122      0.4125      -0.588977        0.255972             0.067646        17.072132
122      0.4452      -0.740969        0.349440             0.726735         6.211248
122      0.3996      -0.550748        0.240399             0.040043         6.519554
122      0.5151      -0.892334        0.177112             0.928349         0.289791
122      0.4559      -0.776469        0.364131             0.788214         4.329139
122      0.3586      -0.456745        0.133297             0.029383         2.254255
122      0.2965      -0.346983        0.079661             0.015423         0.855177
122      0.4689      -0.813866        0.304509             0.846532         1.829549
122      0.5590      -0.931958        0.104163             0.958471         0.102460
122      0.4818      -0.843346        0.179626             0.882842         0.512562
122      0.4974      -0.863909        0.532525             0.842498       112.442228
122      0.4362      -0.685472        0.587782             0.431599       132.180918
122      0.4255      -0.630790        0.354718             0.118855        38.113183
122      0.4467      -0.742517        0.356484             0.715277         9.317311
122      0.3865      -0.520138        0.201829             0.037376         4.646277
122      0.5188      -0.868624        0.155101             0.089438         9.350813
122      0.4142      -0.597682        0.215730             0.062333        10.485811
122      0.4016      -0.556939        0.268839             0.055623        10.761172
122      0.4574      -0.782874        0.363035             0.794547         6.452006
122      0.3626      -0.464992        0.137460             0.030591         2.564585
122      0.3115      -0.370355        0.072592             0.018482         0.955460
122      0.4706      -0.818507        0.277659             0.853322         1.264939
122      0.5698      -0.938930        0.098357             0.963128         0.084814
122      0.4838      -0.845355        0.211810             0.885054         0.662061
122      0.5000      -0.871555        0.153192             0.911205         0.308054
122      0.4482      -0.748236        0.381503             0.734528         7.164911
122      0.4377      -0.698414        0.486442             0.556580        61.198609
122      0.3888      -0.524308        0.197952             0.044407         6.054663
122      0.4271      -0.638686        0.357362             0.140632        34.904299
122      0.4159      -0.600301        0.216887             0.076498        14.640922
122      0.4035      -0.562678        0.210599             0.059980        10.769624
122      0.5228      -0.900243        0.143793             0.934312         0.277285
122      0.3662      -0.472634        0.152704             0.033131         3.511953
122      0.4590      -0.790568        0.365221             0.817197         2.183407
122      0.3224      -0.387917        0.063927             0.021384         1.233111
122      0.4724      -0.821688        0.303202             0.857502         1.192564
122      0.5848      -0.946686        0.096025             0.968530         0.076697
122      0.4859      -0.848925        0.240083             0.888025         0.738789
122      0.5027      -0.876291        0.242514             0.914570         0.477405
122      0.4392      -0.699997        0.568987             0.533998        52.236805
122      0.4497      -0.753014        0.348073             0.741582         7.147691
122      0.4175      -0.604352        0.274947             0.084751        21.333643
122      0.3911      -0.529798        0.240940             0.040739         6.166467
122      0.5271      -0.905133        0.187172             0.938792         0.259230
122      0.4286      -0.640906        0.313536             0.122417        63.179591
122      0.4054      -0.565892        0.223158             0.050747         9.259289
122      0.3696      -0.480407        0.154692             0.028834         2.985448
122      0.4606      -0.792059        0.284979             0.818777         1.973227
122      0.3310      -0.405155        0.116374             0.022915         1.431346
122      1.0000      -0.998682        0.005026             0.999331         0.001352
122      0.4742      -0.825668        0.255804             0.861935         0.906129
122      0.4880      -0.852830        0.282743             0.892291         0.679475
122      0.5055      -0.879745        0.202362             0.917567         0.355835
122      0.4512      -0.761137        0.301681             0.769777         3.184809
122      0.4407      -0.713619        0.458230             0.624988        30.214665
122      0.4192      -0.608365        0.253937             0.075543        19.380873
122      0.4072      -0.571641        0.219189             0.059581        11.683249
122      0.3933      -0.535833        0.199539             0.053456         9.198061
122      0.4301      -0.651107        0.533066             0.166517        92.406133
122      0.3728      -0.487501        0.148068             0.040356         4.007967
122      0.5318      -0.909731        0.132432             0.942442         0.176359
122      0.4622      -0.794710        0.348793             0.819985         2.122675
122      0.3381      -0.416870        0.112856             0.024014         1.234259
122      0.3758      -0.492861        0.176649             0.031842         2.153516
122      0.3442      -0.429034        0.125277             0.021216         1.323530
123      0.5372      -0.914046        0.118364             0.945395         0.155266
123      0.5085      -0.884684        0.152082             0.921757         0.247448
123      0.4528      -0.768014        0.527293             0.772667         7.892378
123      0.4902      -0.829168        0.173620             0.091789        32.619668
123      0.4639      -0.800428        0.300354             0.827083         2.511078
123      0.4422      -0.721955        0.587987             0.652288        22.147915
123      0.4760      -0.800665        0.225012             0.101269        15.174998
123      0.3787      -0.500757        0.152503             0.030831         2.922237
123      0.4317      -0.652141        0.372569             0.088223        21.831148
123      0.3955      -0.541516        0.155109             0.048262         8.970773
123      0.4208      -0.613513        0.246086             0.078896        23.943313
123      0.3495      -0.439864        0.123410             0.024669         2.279470
123      0.4090      -0.577301        0.267547             0.073710        13.775070
123      0.0000      -0.002313        0.000000             0.007469         0.000000
123      0.5433      -0.920452        0.113906             0.950327         0.134743
123      0.5117      -0.888335        0.185369             0.924766         0.272182
123      0.4925      -0.862194        0.162262             0.901166         0.438216
123      0.4655      -0.805195        0.304384             0.837154         1.355667
123      0.4437      -0.729412        0.616555             0.656326        57.124391
123      0.4543      -0.772055        0.338499             0.784782         3.742504
123      0.4779      -0.824167        0.578438             0.753374       170.861302
123      0.4224      -0.620280        0.255833             0.126028        34.078058
123      0.3814      -0.506923        0.109503             0.036681         4.727885
123      0.4332      -0.660571        0.352729             0.140579        64.862869
123      0.3976      -0.545437        0.207074             0.035090         4.477749
123      0.4107      -0.584512        0.283962             0.071276        14.462371
123      0.3543      -0.448131        0.119562             0.028405         1.814328
123      0.2719      -0.309055        0.044220             0.015474         0.520873
123      0.4672      -0.809798        0.276621             0.841906         1.256628
123      0.5504      -0.925035        0.111915             0.953854         0.107025
123      0.4798      -0.837651        0.201919             0.875191         0.683993
123      0.4949      -0.865362        0.174442             0.904606         0.490186
123      0.4559      -0.776936        0.307068             0.787000         3.024939
123      0.5151      -0.890756        0.237152             0.910804        16.464038
123      0.4347      -0.668418        0.267573             0.085929        26.820786
123      0.3996      -0.550819        0.252894             0.048241         7.357762
123      0.3840      -0.511931        0.151200             0.040917         4.740410
123      0.4452      -0.713288        0.446627             0.380679        81.161468
123      0.4239      -0.629705        0.361356             0.125854        56.423266
123      0.3586      -0.457291        0.121706             0.028787         2.383103
123      0.4125      -0.587708        0.215601             0.065374        20.618322
123      0.2965      -0.345944        0.071692             0.017187         0.685980
123      0.4689      -0.814669        0.240255             0.849297         1.248885
123      0.5590      -0.931962        0.086127             0.958477         0.092476
123      0.4974      -0.867987        0.180490             0.907312         0.412506
123      0.4818      -0.841251        0.258200             0.880337         0.878768
123      0.4574      -0.784435        0.311487             0.805868         2.952930
123      0.4362      -0.679728        0.480323             0.400488       117.524272
123      0.5188      -0.896132        0.144280             0.931596         0.239942
123      0.4467      -0.745817        0.326114             0.741843         5.078346
123      0.3865      -0.519221        0.158778             0.044265         6.690662
123      0.4016      -0.558202        0.166815             0.058769        11.635445
123      0.4142      -0.593993        0.272197             0.076683        16.749795
123      0.3626      -0.464299        0.146177             0.029625         3.041933
123      0.4255      -0.631229        0.278054             0.101954        35.082044
123      0.3115      -0.370913        0.081839             0.019408         1.093742
123      0.5698      -0.939031        0.113736             0.963458         0.101600
123      0.4706      -0.818396        0.277574             0.853747         1.235096
123      0.5000      -0.873021        0.217210             0.911442         0.473490
123      0.4838      -0.846483        0.223437             0.886326         0.552421
123      0.5228      -0.901136        0.148444             0.935554         0.202943
123      0.4590      -0.784674        0.307263             0.800389         3.802880
123      0.4377      -0.689940        0.633333             0.477630       124.191264
123      0.3888      -0.524805        0.252368             0.037928         5.754164
123      0.4482      -0.748428        0.347817             0.739059         7.009150
123      0.4159      -0.601557        0.371612             0.094929        25.022943
123      0.4271      -0.635122        0.357806             0.124023        55.005926
123      0.3662      -0.471453        0.137501             0.031896         3.350981
123      0.4035      -0.561506        0.223949             0.042943         8.327385
123      0.3224      -0.389476        0.098892             0.021117         1.332070
123      0.4859      -0.849488        0.258629             0.887529         1.027848
123      0.5848      -0.920645        0.106884             0.208069        17.682341
123      0.5027      -0.876688        0.150847             0.915111         0.333463
123      0.4724      -0.824426        0.258777             0.862559         1.084832
123      0.5271      -0.905407        0.124676             0.938788         0.141345
123      0.4606      -0.791152        0.305184             0.813799         2.117793
123      0.4392      -0.692506        0.422352             0.427558        47.239186
123      0.3911      -0.530535        0.200695             0.043590         4.244922
123      0.4497      -0.754343        0.495952             0.734358        16.071929
123      0.4054      -0.568792        0.234132             0.055701        10.164418
123      0.4286      -0.642152        0.294663             0.168044        94.755895
123      0.4175      -0.603041        0.264977             0.084709        17.333099
123      0.3696      -0.480267        0.142450             0.033201         3.614232
123      0.3310      -0.404766        0.088372             0.022202         1.379085
123      1.0000      -0.998663        0.005853             0.999318         0.001574
123      0.4880      -0.853655        0.192400             0.893048         0.484395
123      0.5055      -0.879319        0.191095             0.917180         0.342647
123      0.4742      -0.826364        0.242183             0.863284         1.037008
123      0.5318      -0.909501        0.159730             0.942147         0.175404
123      0.4622      -0.797433        0.291165             0.826541         2.075506
123      0.4407      -0.713899        0.526458             0.635560        28.875866
123      0.4512      -0.741700        0.537912             0.445394       245.561967
123      0.3933      -0.535746        0.164760             0.042855         7.026714
123      0.4072      -0.572498        0.306219             0.073275        21.308803
123      0.4301      -0.656198        0.435939             0.289796       128.312113
123      0.4192      -0.610352        0.385607             0.114955        27.644598
123      0.3728      -0.487262        0.168123             0.033008         3.053709
123      0.3381      -0.417240        0.102545             0.023146         1.740692
123      0.3758      -0.493410        0.192835             0.034116         4.331442
123      0.3442      -0.427880        0.089009             0.021570         1.664992
124      0.5085      -0.884018        0.178082             0.921756         0.303988
124      0.4760      -0.831907        0.281098             0.868857         0.986676
124      0.4902      -0.856197        0.219647             0.895502         0.682255
124      0.4422      -0.702418        0.527985             0.320105       270.833618
124      0.3787      -0.499925        0.189223             0.030407         3.475419
124      0.4639      -0.802086        0.281483             0.831158         1.554052
124      0.5372      -0.914837        0.149541             0.945913         0.188753
124      0.4208      -0.615013        0.271423             0.093573        22.898427
124      0.4090      -0.576238        0.179582             0.056903         8.801403
124      0.4317      -0.651439        0.332832             0.147604        40.403550
124      0.3495      -0.438187        0.133544             0.022538         1.847563
124      0.4528      -0.762626        0.470171             0.741450        17.593876
124      0.3955      -0.541878        0.191814             0.044623         7.069781
124      0.0000       0.003902        0.000000             0.014568         0.000000
124      0.5117      -0.888893        0.168495             0.925705         0.274099
124      0.4779      -0.833770        0.299504             0.869364         1.899472
124      0.4925      -0.830293        0.180770             0.063662        13.021370
124      0.5433      -0.891930        0.110117             0.090886        18.534877
124      0.4437      -0.722990        0.566877             0.624207        56.822622
124      0.4655      -0.806602        0.314798             0.838478         1.564606
124      0.3814      -0.505656        0.215045             0.033355         2.780628
124      0.4224      -0.621886        0.325220             0.094528        26.504997
124      0.4332      -0.664162        0.434395             0.267559        87.869095
124      0.4543      -0.771926        0.240637             0.783541         3.439857
124      0.4107      -0.582526        0.254602             0.075345        18.327705
124      0.3543      -0.449155        0.135105             0.028316         2.188300
124      0.3976      -0.547318        0.250164             0.052598         7.678402
124      0.2719      -0.309368        0.066006             0.012774         0.515593
124      0.5151      -0.892787        0.131614             0.928399         0.251488
124      0.4798      -0.806889        0.233963             0.085844        26.723856
124      0.4949      -0.865085        0.216933             0.904387         0.459585
124      0.5504      -0.924724        0.119561             0.953526         0.123197
124      0.4452      -0.739044        0.423823             0.714677        14.050553
124      0.4672      -0.808936        0.315961             0.840881         1.660737
124      0.4239      -0.624122        0.313485             0.123166        44.627414
124      0.4347      -0.673845        0.387271             0.302378       132.035808
124      0.3840      -0.512614        0.162836             0.042512         4.843105
124      0.4559      -0.774244        0.446925             0.779382         7.135345
124      0.4125      -0.590316        0.270272             0.068055        10.468505
124      0.3586      -0.457712        0.125309             0.024809         2.025118
124      0.3996      -0.552082        0.189839             0.041696         7.306416
124      0.2965      -0.347412        0.064985             0.016778         0.892268
124      0.5188      -0.896506        0.172639             0.931573         0.307200
124      0.4818      -0.842787        0.285536             0.881439         0.897551
124      0.4974      -0.867816        0.194292             0.906777         0.382809
124      0.5590      -0.931249        0.118182             0.957981         0.114763
124      0.4362      -0.676791        0.461208             0.083650        26.666897
124      0.4467      -0.736999        0.598093             0.676240        18.501467
124      0.4689      -0.814438        0.274450             0.848664         1.410990
124      0.4574      -0.782745        0.365884             0.803076         2.795694
124      0.3865      -0.519343        0.191398             0.033503         4.127960
124      0.4255      -0.634493        0.518447             0.243542       136.461993
124      0.4142      -0.592726        0.260970             0.089010        21.870633
124      0.3626      -0.464632        0.150411             0.025723         2.357952
124      0.4016      -0.557396        0.174827             0.050502        11.791548
124      0.3115      -0.370537        0.085745             0.018439         0.964228
124      0.5228      -0.901003        0.131121             0.935329         0.201563
124      0.4838      -0.818708        0.198646             0.233944        72.023919
124      0.5000      -0.872527        0.135515             0.911165         0.279547
124      0.5698      -0.939259        0.080380             0.963383         0.071012
124      0.4482      -0.746721        0.427175             0.716409        11.264135
124      0.4377      -0.700688        0.464873             0.578840        19.550670
124      0.4590      -0.786401        0.375028             0.808598         3.170673
124      0.4706      -0.820434        0.241564             0.858029         1.134194
124      0.3888      -0.524243        0.214262             0.040883         4.778542
124      0.4271      -0.639645        0.369182             0.189438       117.165024
124      0.4159      -0.599889        0.224990             0.074143        22.937379
124      0.3662      -0.472668        0.127236             0.034841         3.576946
124      0.4035      -0.562058        0.208552             0.050617         7.662048
124      0.3224      -0.390148        0.097454             0.021766         1.368898
124      0.5271      -0.904484        0.117814             0.938141         0.192509
124      0.4859      -0.850797        0.201348             0.889973         0.534345
124      0.5848      -0.947266        0.088342             0.968983         0.071023
124      0.5027      -0.876721        0.151254             0.915094         0.367708
124      0.4606      -0.792226        0.222204             0.816418         1.521051
124      0.4724      -0.820982        0.323579             0.852945         2.028132
124      0.4392      -0.688145        0.389337             0.241125       192.516644
124      0.4286      -0.646696        0.608881             0.230665       187.295905
124      0.4497      -0.751389        0.504276             0.727793        10.622915
124      0.3911      -0.531498        0.197717             0.045723         6.003478
124      0.4175      -0.602937        0.217937             0.116565        36.281607
124      0.4054      -0.568634        0.174142             0.054489        10.037946
124      0.3696      -0.480447        0.145755             0.032043         2.765790
124      0.3310      -0.403893        0.096348             0.020114         1.288752
124      0.5318      -0.910116        0.138255             0.942435         0.168446
124      0.4880      -0.850369        0.299373             0.878630         9.599150
124      1.0000      -0.998559        0.004744             0.999266         0.001254
124      0.5055      -0.879148        0.162247             0.917142         0.348386
124      0.4622      -0.795036        0.261281             0.821223         1.712198
124      0.4742      -0.826496        0.247738             0.863612         0.843115
124      0.4407      -0.707828        0.695196             0.531056        91.635382
124      0.4301      -0.651165        0.325540             0.094117        40.385229
124      0.4512      -0.759060        0.462399             0.752888         9.882466
124      0.3933      -0.535100        0.228340             0.047699         7.845737
124      0.4192      -0.607771        0.280958             0.096136        28.984994
124      0.4072      -0.572298        0.254890             0.048996         9.746692
124      0.3728      -0.487245        0.135168             0.033634         4.278056
124      0.3381      -0.417754        0.111454             0.022880         1.516106
124      0.3758      -0.491834        0.166828             0.027271         2.486014
124      0.3442      -0.428543        0.132100             0.023633         1.428659
125      0.5085      -0.856132        0.177116             0.041628         6.352284
125      0.4902      -0.857404        0.206144             0.897298         0.527597
125      0.5372      -0.915144        0.134908             0.946335         0.172754
125      0.4528      -0.768746        0.430586             0.781052         3.940178
125      0.4760      -0.830932        0.252838             0.869216         0.878688
125      0.4317      -0.657248        0.365048             0.096278        22.424848
125      0.4639      -0.802994        0.245405             0.835273         1.375035
125      0.4422      -0.716599        0.425128             0.627276        14.308458
125      0.3787      -0.501987        0.149027             0.039521         5.554778
125      0.4208      -0.615382        0.294753             0.092648        35.419492
125      0.3955      -0.538776        0.200227             0.048364         5.089486
125      0.3495      -0.439104        0.119807             0.022318         1.909233
125      0.4090      -0.577504        0.245800             0.050985        10.115812
125      0.0000       0.004160        0.000000             0.004800         0.000000
125      0.5433      -0.919959        0.144420             0.949696         0.203647
125      0.5117      -0.859109        0.202400             0.170296        55.353621
125      0.4925      -0.862976        0.206164             0.902193         0.443335
125      0.4779      -0.835190        0.209759             0.872872         0.814865
125      0.4543      -0.771299        0.223261             0.772017         4.382250
125      0.4655      -0.805407        0.289443             0.839016         1.398643
125      0.4332      -0.666757        0.516707             0.222109       228.164283
125      0.4437      -0.729540        0.765267             0.663584        72.465686
125      0.4224      -0.622333        0.374181             0.072061        17.177448
125      0.3814      -0.505075        0.168450             0.034525         4.459426
125      0.3976      -0.547484        0.181994             0.040401         5.726083
125      0.4107      -0.582150        0.228766             0.055901        10.671461
125      0.3543      -0.450179        0.103549             0.025202         1.984669
125      0.2719      -0.309672        0.039050             0.015854         0.560558
125      0.5504      -0.925523        0.135344             0.953782         0.136495
125      0.5151      -0.891643        0.159786             0.927747         0.238190
125      0.4949      -0.864570        0.188763             0.903571         0.397498
125      0.4798      -0.837810        0.228621             0.877553         0.649760
125      0.4672      -0.809582        0.276361             0.841668         1.482766
125      0.4559      -0.777285        0.260949             0.791988         3.397923
125      0.4452      -0.731991        0.408687             0.675848        10.278470
125      0.4347      -0.671343        0.480822             0.151773       128.345681
125      0.4239      -0.628367        0.353425             0.106578        38.600827
125      0.3840      -0.511965        0.193356             0.035370         3.921682
125      0.3996      -0.551718        0.214892             0.046383         8.456834
125      0.4125      -0.588983        0.267430             0.051782         7.982115
125      0.3586      -0.457926        0.125430             0.030054         2.754576
125      0.2965      -0.347534        0.068454             0.016125         0.696877
125      0.5590      -0.931011        0.120439             0.957610         0.117386
125      0.5188      -0.896622        0.153262             0.931419         0.243015
125      0.4974      -0.840096        0.204050             0.202948        20.597472
125      0.4818      -0.841971        0.213381             0.880677         0.674629
125      0.4574      -0.781315        0.356437             0.797932         3.879164
125      0.4689      -0.814847        0.251030             0.847721         1.329362
125      0.4467      -0.741091        0.411819             0.709850        14.303723
125      0.4362      -0.675324        0.410162             0.187583       112.819035
125      0.4255      -0.631284        0.348067             0.077855        19.938228
125      0.3865      -0.519283        0.207170             0.037277         5.872225
125      0.4016      -0.558828        0.239436             0.043131         7.302988
125      0.4142      -0.593600        0.249983             0.066875        11.271379
125      0.3626      -0.466451        0.094154             0.031651         3.458030
125      0.3115      -0.370694        0.086336             0.019066         1.055392
125      0.5698      -0.938616        0.096137             0.962973         0.090705
125      0.5228      -0.900436        0.178104             0.935265         0.238395
125      0.5000      -0.873655        0.213769             0.911892         0.430119
125      0.4838      -0.818332        0.273766             0.358889       137.982584
125      0.4590      -0.785610        0.434319             0.806377         3.957041
125      0.4706      -0.819378        0.315404             0.854520         1.433366
125      0.4482      -0.744068        0.620373             0.642982       103.637709
125      0.4377      -0.683250        0.313830             0.298839        55.176531
125      0.4271      -0.635914        0.445143             0.133576        41.438665
125      0.3888      -0.524297        0.201805             0.038826         6.039394
125      0.4159      -0.599598        0.259708             0.082164        20.072373
125      0.4035      -0.560796        0.230229             0.046868         8.039645
125      0.3662      -0.474122        0.141110             0.028562         2.314683
125      0.3224      -0.388361        0.082495             0.020796         0.966694
125      0.5848      -0.946821        0.099030             0.968445         0.088096
125      0.5271      -0.876494        0.158140             0.307273       104.680045
125      0.4859      -0.850072        0.173670             0.889948         0.517655
125      0.5027      -0.876617        0.174826             0.914723         0.393530
125      0.4606      -0.793220        0.306922             0.819375         1.583451
125      0.4724      -0.823154        0.309627             0.855973         2.093786
125      0.4497      -0.755607        0.406080             0.741146         7.091821
125      0.4392      -0.682619        0.438445             0.192343       113.312597
125      0.4286      -0.642429        0.353110             0.143854        70.576543
125      0.3911      -0.529851        0.239113             0.045062         6.652543
125      0.4054      -0.568116        0.233722             0.062292        19.377468
125      0.4175      -0.605199        0.300814             0.094839        36.817574
125      0.3696      -0.479933        0.133764             0.027496         3.091956
125      0.3310      -0.403873        0.091378             0.021999         1.143807
125      1.0000      -0.978986        0.008777             0.221551       117.935909
125      0.5318      -0.910191        0.145509             0.942719         0.192946
125      0.5055      -0.851487        0.177714             0.348063        26.835536
125      0.4880      -0.854004        0.197166             0.893802         0.513682
125      0.4622      -0.795194        0.256060             0.821984         1.516519
125      0.4742      -0.827502        0.225599             0.864064         1.077379
125      0.4512      -0.763553        0.321590             0.766749         6.853734
125      0.4407      -0.710252        0.641816             0.615220        37.652460
125      0.4301      -0.647877        0.413459             0.141036        77.956061
125      0.4072      -0.573025        0.230950             0.070225        17.758838
125      0.3933      -0.534721        0.219333             0.038981         6.467689
125      0.4192      -0.609860        0.308543             0.114440        24.683104
125      0.3728      -0.486395        0.154334             0.031521         3.214609
125      0.3381      -0.417508        0.090227             0.020440         1.201762
125      0.3758      -0.492797        0.155366             0.029728         3.567837
125      0.3442      -0.429669        0.151799             0.022749         1.282338
126      0.5085      -0.884694        0.208659             0.921963         0.343105
126      0.5372      -0.915301        0.138406             0.946447         0.183489
126      0.4760      -0.831901        0.228194             0.866740         1.145206
126      0.4639      -0.802419        0.346742             0.834119         1.592270
126      0.4528      -0.768920        0.471936             0.776856         7.218876
126      0.4902      -0.858120        0.231890             0.894883         1.722487
126      0.4317      -0.658051        0.390923             0.202460        59.533665
126      0.4208      -0.617121        0.339194             0.103925        37.846699
126      0.4422      -0.723381        0.458044             0.647640        35.880395
126      0.3787      -0.501206        0.165551             0.034355         4.580193
126      0.4090      -0.577302        0.254006             0.056446        11.686738
126      0.3955      -0.542777        0.236214             0.050446        10.723669
126      0.3495      -0.439229        0.130034             0.024541         1.719148
126      0.0000      -0.001512        0.000000             0.003275         0.000000
126      0.5117      -0.888056        0.206190             0.924934         0.337372
126      0.5433      -0.892732        0.139246             0.383627       133.811813
126      0.4779      -0.835078        0.242880             0.873340         0.863097
126      0.4925      -0.861402        0.201076             0.900770         0.462607
126      0.4655      -0.807392        0.338104             0.839642         1.926870
126      0.4543      -0.770697        0.462104             0.777399         7.297721
126      0.4437      -0.729942        0.439639             0.686973        10.580049
126      0.4224      -0.620164        0.267079             0.090021        20.944548
126      0.4332      -0.660867        0.372938             0.180682        97.140934
126      0.3814      -0.507125        0.155610             0.044694         5.583598
126      0.4107      -0.584152        0.339337             0.065845        12.243192
126      0.3976      -0.546555        0.174365             0.042811         7.078751
126      0.3543      -0.447324        0.121474             0.025273         1.739241
126      0.2719      -0.310102        0.045156             0.014281         0.479126
126      0.4798      -0.837780        0.238021             0.876638         0.754460
126      0.5504      -0.925539        0.114644             0.954011         0.106134
126      0.4559      -0.776867        0.267453             0.792453         2.149068
126      0.4949      -0.865448        0.159195             0.903318         0.435358
126      0.5151      -0.893008        0.164921             0.928405         0.328610
126      0.3840      -0.512425        0.179377             0.042453         7.334636
126      0.3996      -0.552944        0.214849             0.053233        12.190646
126      0.4452      -0.739538        0.345021             0.709560         9.121383
126      0.4672      -0.811248        0.327037             0.843321         1.670960
126      0.4239      -0.631002        0.312261             0.142574        40.454047
126      0.4347      -0.669683        0.460853             0.203934       182.924208
126      0.4125      -0.589478        0.297744             0.071465        16.237572
126      0.3586      -0.457213        0.106486             0.026236         2.482545
126      0.2965      -0.347001        0.076035             0.016194         0.726422
126      0.4818      -0.841306        0.220566             0.880699         0.769310
126      0.4974      -0.868946        0.144391             0.908285         0.249784
126      0.5188      -0.896897        0.147487             0.932274         0.242890
126      0.4574      -0.783288        0.264600             0.804792         2.717683
126      0.3865      -0.518798        0.231938             0.037095         5.139935
126      0.5590      -0.905010        0.120366             0.237739         9.556002
126      0.4362      -0.687099        0.415121             0.469368        47.236522
126      0.4689      -0.813207        0.293592             0.842247         2.962018
126      0.4467      -0.740023        0.539845             0.702380        20.793371
126      0.4255      -0.631509        0.420525             0.086955        26.641105
126      0.4016      -0.557957        0.261055             0.044209         8.605011
126      0.4142      -0.593759        0.288948             0.062312        13.635129
126      0.3626      -0.464301        0.114281             0.028711         2.942236
126      0.3115      -0.371240        0.082828             0.017467         0.883009
126      0.4838      -0.816754        0.233481             0.041071         7.273515
126      0.5000      -0.843769        0.172469             0.108075        55.762671
126      0.5228      -0.900044        0.145562             0.934946         0.188053
126      0.4590      -0.785305        0.304893             0.804011         3.791367
126      0.5698      -0.938569        0.095069             0.963090         0.098894
126      0.3888      -0.524269        0.232452             0.040243         7.264620
126      0.4706      -0.818535        0.277405             0.854897         1.196025
126      0.4482      -0.749713        0.426282             0.726214        13.236667
126      0.4377      -0.700362        0.348725             0.563049        37.693352
126      0.4271      -0.642123        0.351358             0.186607        47.750207
126      0.4035      -0.562392        0.251600             0.054868         9.499652
126      0.4159      -0.599398        0.249751             0.079536        18.761798
126      0.3662      -0.471987        0.109023             0.026858         2.678019
126      0.3224      -0.387807        0.109564             0.020367         1.530139
126      0.4859      -0.849397        0.193168             0.888913         0.555150
126      0.5027      -0.876488        0.159703             0.915015         0.303885
126      0.5271      -0.905882        0.103973             0.939281         0.136179
126      0.4606      -0.794041        0.322296             0.824849         2.057230
126      0.5848      -0.908578        0.086781             0.211497        87.165657
126      0.3911      -0.530689        0.252618             0.040971         6.025283
126      0.4724      -0.822065        0.318881             0.857211         1.587709
126      0.4497      -0.757075        0.356168             0.756435         6.083691
126      0.4392      -0.699084        0.402351             0.522203        16.305335
126      0.4286      -0.643394        0.414677             0.190537        59.047090
126      0.4054      -0.566228        0.249568             0.054912         8.301917
126      0.4175      -0.602152        0.201291             0.048297         8.553196
126      0.3696      -0.481531        0.175846             0.034927         4.092068
126      0.3310      -0.404403        0.118549             0.020602         1.493982
126      0.4880      -0.853657        0.168917             0.892904         0.491050
126      0.5055      -0.879742        0.142795             0.918182         0.272309
126      0.4622      -0.796590        0.398897             0.822173         3.182767
126      0.5318      -0.909604        0.115057             0.942176         0.147421
126      1.0000      -0.998547        0.007510             0.999258         0.001985
126      0.3933      -0.534771        0.240833             0.041218         5.682355
126      0.4742      -0.824548        0.212879             0.859703         1.126538
126      0.4512      -0.760276        0.463566             0.761411         6.706675
126      0.4407      -0.715936        0.670930             0.624039        50.352511
126      0.4192      -0.609189        0.243436             0.074695        23.293896
126      0.4301      -0.650062        0.414867             0.090266        29.095363
126      0.4072      -0.572250        0.271819             0.047696        10.402259
126      0.3728      -0.487615        0.147562             0.029866         2.849443
126      0.3381      -0.416781        0.132464             0.019439         1.076301
126      0.3758      -0.493002        0.162334             0.028483         3.299399
126      0.3442      -0.428898        0.101917             0.027032         2.389823
127      0.4639      -0.802004        0.265191             0.833851         1.427547
127      0.4760      -0.799669        0.181561             0.303822        27.557121
127      0.4422      -0.715013        0.379803             0.604639        27.703784
127      0.5372      -0.914942        0.136100             0.946023         0.143047
127      0.4528      -0.769205        0.323472             0.782259         3.436565
127      0.4902      -0.848780        0.621141             0.793714       169.163161
127      0.5085      -0.883489        0.167668             0.920818         0.285834
127      0.4317      -0.655603        0.410683             0.169785        91.855845
127      0.3787      -0.500135        0.128832             0.037620         4.315751
127      0.3955      -0.539973        0.217049             0.041190         5.004915
127      0.4090      -0.577713        0.246317             0.066078        18.165963
127      0.4208      -0.616362        0.329954             0.101323        32.226831
127      0.3495      -0.438337        0.116096             0.026865         1.913181
127      0.0000       0.002666        0.000000             0.019282         0.000000
127      0.3814      -0.506903        0.164229             0.034235         5.140730
127      0.4655      -0.802858        0.269432             0.833842         1.514979
127      0.4925      -0.832877        0.229311             0.058285         9.285875
127      0.4779      -0.833528        0.237359             0.871977         0.944005
127      0.3976      -0.546596        0.219032             0.047943         8.881780
127      0.4543      -0.771143        0.382446             0.780588         3.576040
127      0.3543      -0.447092        0.121338             0.031454         2.458499
127      0.5433      -0.920925        0.132025             0.950443         0.149125
127      0.4437      -0.719278        0.386680             0.581737        21.553687
127      0.5117      -0.888051        0.143435             0.924553         0.276859
127      0.4224      -0.620639        0.330728             0.088430        23.746210
127      0.4332      -0.657658        0.393292             0.090321        15.065149
127      0.4107      -0.584763        0.252949             0.065060        14.134358
127      0.2719      -0.309588        0.050348             0.015059         0.560582
127      0.4949      -0.864900        0.237919             0.904254         0.563604
127      0.4798      -0.839544        0.227817             0.878020         0.788809
127      0.4672      -0.809491        0.319261             0.841989         2.069688
127      0.3996      -0.551179        0.221113             0.054622        11.026986
127      0.4559      -0.776338        0.328757             0.786726         5.283166
127      0.3840      -0.512927        0.181462             0.040294         5.188511
127      0.4452      -0.733278        0.512809             0.670729        29.865227
127      0.5504      -0.926054        0.092834             0.954277         0.109486
127      0.3586      -0.455489        0.129994             0.025806         2.064917
127      0.5151      -0.864471        0.149227             0.148029        35.633751
127      0.4347      -0.668799        0.307740             0.250245       182.188481
127      0.4239      -0.628753        0.301666             0.188971        82.676748
127      0.4125      -0.589903        0.353793             0.056276        10.784079
127      0.2965      -0.346562        0.061051             0.016818         0.739120
127      0.4974      -0.868831        0.196229             0.907640         0.453926
127      0.4818      -0.841125        0.200543             0.880642         0.582652
127      0.4689      -0.813961        0.253154             0.847526         1.108059
127      0.4016      -0.556767        0.219665             0.059546        11.180642
127      0.4574      -0.782222        0.346742             0.795987         5.101044
127      0.3865      -0.518353        0.152464             0.038900         5.156003
127      0.5590      -0.920093        0.871097             0.769219       479.122555
127      0.4467      -0.741694        0.334061             0.704328         9.455085
127      0.3626      -0.464760        0.124749             0.025932         2.654761
127      0.5188      -0.869031        0.166040             0.227615        14.926513
127      0.4362      -0.673471        0.335446             0.149403        62.687222
127      0.4255      -0.633837        0.225254             0.089061        52.460360
127      0.4142      -0.594781        0.377243             0.086067        27.737927
127      0.3115      -0.371102        0.084648             0.015583         0.776733
127      0.5000      -0.872766        0.186895             0.911269         0.403576
127      0.4706      -0.817876        0.309768             0.853907         1.542180
127      0.4590      -0.785724        0.336446             0.808100         2.989835
127      0.4838      -0.846510        0.230475             0.886023         0.458048
127      0.4035      -0.562666        0.195001             0.047289         8.346969
127      0.5698      -0.913200        0.097040             0.302213         9.461332
127      0.4482      -0.748430        0.424265             0.730649        10.869853
127      0.3888      -0.523669        0.186915             0.033809         4.561144
127      0.3662      -0.472716        0.120137             0.028680         2.933734
127      0.5228      -0.901049        0.107407             0.935215         0.209783
127      0.4377      -0.683135        0.625527             0.384559        42.018409
127      0.4271      -0.642150        0.442007             0.245144       123.400598
127      0.4159      -0.598934        0.303988             0.053413        11.330337
127      0.3224      -0.388901        0.065701             0.019493         1.284961
127      0.5027      -0.859170        0.691806             0.630345       354.682649
127      0.4724      -0.822761        0.227278             0.859267         0.979356
127      0.4606      -0.791273        0.336197             0.812155         2.994411
127      0.4859      -0.849927        0.215858             0.889205         0.738176
127      0.4054      -0.567538        0.200105             0.053705         9.728878
127      0.5848      -0.920374        0.102185             0.429040       171.445158
127      0.4497      -0.754274        0.400942             0.746392         8.873739
127      0.5271      -0.905728        0.109771             0.939008         0.164784
127      0.4392      -0.704763        0.630523             0.564555        53.452101
127      0.3696      -0.479032        0.178531             0.030342         2.991092
127      0.3911      -0.529736        0.168742             0.040963         6.096089
127      0.4286      -0.647434        0.311322             0.196056        46.004979
127      0.4175      -0.603343        0.273892             0.046822         8.810251
127      0.3310      -0.403606        0.085388             0.021386         1.385580
127      0.5055      -0.852375        0.169063             0.116529        24.827472
127      0.4742      -0.827664        0.253880             0.865540         0.953676
127      1.0000      -0.998601        0.005887             0.999288         0.001541
127      0.4622      -0.796135        0.335535             0.818522         4.419269
127      0.4880      -0.852674        0.210017             0.892401         0.569525
127      0.4072      -0.572124        0.239696             0.067694        15.434689
127      0.4512      -0.762702        0.393102             0.766039         5.697502
127      0.4407      -0.708852        0.617097             0.552101        61.614777
127      0.5318      -0.881514        0.151546             0.208937        52.840315
127      0.3728      -0.487159        0.120698             0.030414         4.566909
127      0.4301      -0.650856        0.354178             0.135863        40.474768
127      0.3933      -0.535109        0.252584             0.050838         8.591153
127      0.4192      -0.611735        0.365490             0.085930        29.177841
127      0.3381      -0.416589        0.123950             0.021560         1.677909
127      0.3758      -0.493789        0.186094             0.035966         4.039801
127      0.3442      -0.428351        0.117459             0.025952         2.147927
128      0.5085      -0.884534        0.173019             0.921449         0.331962
128      0.4639      -0.799314        0.291557             0.826017         2.863772
128      0.4902      -0.856075        0.261269             0.895486         0.598064
128      0.4760      -0.800260        0.281796             0.155161        49.972233
128      0.5372      -0.887620        0.147571             0.213990        25.199645
128      0.3955      -0.540419        0.259653             0.053065         9.121144
128      0.4528      -0.764635        0.286647             0.765879         4.913255
128      0.4422      -0.721844        0.367922             0.662736        11.008383
128      0.3495      -0.440127        0.118957             0.024977         2.313341
128      0.4317      -0.656115        0.390725             0.128353        45.873041
128      0.4090      -0.577258        0.278057             0.062430        15.049421
128      0.3787      -0.500033        0.202770             0.032900         3.540095
128      0.0000       0.004883        0.000000             0.010376         0.000000
128      0.4208      -0.617054        0.274011             0.153267        35.280022
128      0.4925      -0.860975        0.173092             0.900256         0.464571
128      0.4655      -0.804662        0.303197             0.836350         1.391510
128      0.5117      -0.888121        0.167566             0.924474         0.310018
128      0.4779      -0.835669        0.191940             0.874209         0.687919
128      0.5433      -0.920227        0.119430             0.950244         0.121803
128      0.4437      -0.728293        0.448839             0.675627        19.752708
128      0.4543      -0.773575        0.305986             0.788572         3.127458
128      0.4332      -0.664447        0.422908             0.147172        70.432278
128      0.3976      -0.546252        0.243562             0.041372         8.071055
128      0.3543      -0.449128        0.114613             0.026249         2.478302
128      0.4107      -0.584098        0.251129             0.060713         9.981369
128      0.3814      -0.507142        0.185298             0.033607         3.769215
128      0.4224      -0.624235        0.363974             0.101793        35.717268
128      0.2719      -0.309819        0.053322             0.013905         0.620315
128      0.4949      -0.836615        0.161939             0.306974        30.488780
128      0.5151      -0.892690        0.153289             0.928308         0.300585
128      0.4672      -0.811932        0.258080             0.846021         1.197833
128      0.5504      -0.925978        0.110165             0.954244         0.129912
128      0.4452      -0.738627        0.452855             0.715513         7.843959
128      0.4798      -0.838546        0.227562             0.876597         0.728375
128      0.4559      -0.775228        0.333531             0.772188         6.850422
128      0.4347      -0.673831        0.521049             0.239274        96.354677
128      0.3996      -0.552131        0.240813             0.036895         7.768140
128      0.4125      -0.588142        0.214075             0.062506        13.436351
128      0.3840      -0.512030        0.216382             0.039819         5.719828
128      0.3586      -0.457085        0.110864             0.029528         2.195275
128      0.4239      -0.626816        0.339736             0.102799        35.217315
128      0.2965      -0.346825        0.061127             0.017253         0.735138
128      0.4974      -0.868398        0.220196             0.906948         0.471458
128      0.5188      -0.896660        0.113541             0.931573         0.140336
128      0.4689      -0.814774        0.253702             0.847859         1.570684
128      0.5590      -0.931189        0.137221             0.949677        10.867492
128      0.4574      -0.783579        0.336915             0.803002         2.652910
128      0.4818      -0.841296        0.276227             0.879808         0.729354
128      0.4467      -0.743387        0.439600             0.717118        11.271572
128      0.4016      -0.556539        0.198214             0.045859         7.598645
128      0.4362      -0.674882        0.417302             0.150006       109.793240
128      0.3865      -0.518510        0.141085             0.041230         5.402806
128      0.4142      -0.597025        0.216130             0.074036        23.490828
128      0.3626      -0.464296        0.126427             0.026843         2.438721
128      0.4255      -0.632986        0.368551             0.066537        18.032041
128      0.3115      -0.371979        0.079670             0.016956         0.888232
128      0.5000      -0.871818        0.187714             0.910269         0.359870
128      0.5228      -0.900232        0.129518             0.934874         0.192305
128      0.4706      -0.819647        0.232755             0.854514         1.300177
128      0.5698      -0.938699        0.101828             0.963341         0.083349
128      0.4590      -0.785393        0.246862             0.800228         3.374413
128      0.4838      -0.845188        0.184233             0.884648         0.474933
128      0.4482      -0.747577        0.415848             0.728177        12.873608
128      0.4035      -0.563329        0.278590             0.059762        14.268991
128      0.4377      -0.680232        0.319677             0.278577        30.762856
128      0.3662      -0.473228        0.109343             0.024858         2.275683
128      0.3888      -0.524767        0.182780             0.043983         6.546293
128      0.4159      -0.597977        0.298015             0.064447        14.106734
128      0.4271      -0.637396        0.366586             0.076678        15.484753
128      0.3224      -0.389734        0.096674             0.018555         0.834791
128      0.5027      -0.876389        0.175499             0.913496         0.454976
128      0.4724      -0.823937        0.263984             0.860045         0.986869
128      0.5271      -0.894930        0.894323             0.808782       252.687256
128      0.5848      -0.947822        0.088292             0.969366         0.072852
128      0.4859      -0.846365        0.346148             0.863668        20.809033
128      0.4606      -0.793271        0.342296             0.816987         3.280062
128      0.4054      -0.566647        0.221787             0.046478         8.413177
128      0.4392      -0.695256        0.547840             0.433113       141.204840
128      0.4497      -0.756459        0.292489             0.757036         5.906891
128      0.3696      -0.480293        0.139491             0.026034         2.141086
128      0.3911      -0.531272        0.167720             0.042638         6.501708
128      0.4175      -0.604459        0.351515             0.096458        29.558195
128      0.4286      -0.642333        0.345574             0.094697        41.857058
128      0.3310      -0.404786        0.083951             0.021533         1.387954
128      0.5055      -0.851337        0.156670             0.385802       215.406399
128      0.4742      -0.825200        0.263285             0.860916         1.266566
128      0.5318      -0.909810        0.119267             0.942386         0.150205
128      1.0000      -0.998605        0.005959             0.999288         0.001608
128      0.4880      -0.853357        0.242147             0.892354         0.620321
128      0.4622      -0.795568        0.431936             0.822517         3.298590
128      0.4072      -0.571755        0.239514             0.060801        13.505861
128      0.4512      -0.760281        0.371056             0.752766         8.301766
128      0.4407      -0.708926        0.583475             0.584127        32.779608
128      0.3933      -0.534473        0.169272             0.049841         8.388915
128      0.3728      -0.485233        0.133878             0.030670         3.318695
128      0.4192      -0.608973        0.330560             0.054547        12.732675
128      0.4301      -0.648612        0.379578             0.158760        53.707901
128      0.3381      -0.417351        0.136439             0.020269         1.409241
128      0.3758      -0.494128        0.198501             0.031771         3.922318
128      0.3442      -0.426779        0.115441             0.024133         1.861752
